scorer,sample_id,partition,fold,label,lineage_group,input_tokens,raw_score,score_kind,calibrated_probability,B2_schema_sha256
S0,W2-00c4e1c4dbf58fdced5050c4,BASE_TRAIN,1,0,LG-N1-6cbe4c8d502047796a80df94,8,0.032701777388059294,uncalibrated_class1_probability,,93d3892b158c35eccfadc27c879754db69ea5293782492ee5d4ff01a33bff983
S0,W2-00e505c00d56b9adbb47f37f,BASE_TRAIN,4,0,LG-N1-ee266f41152c2d4585362923,10,0.11748712379094714,uncalibrated_class1_probability,,93d3892b158c35eccfadc27c879754db69ea5293782492ee5d4ff01a33bff983
S0,W2-011f663bc77b41e6a5cbe3f0,BASE_TRAIN,0,0,LG-N1-41dda7fb75e1cb181f8023c9,7,0.00846247373306799,uncalibrated_class1_probability,,93d3892b158c35eccfadc27c879754db69ea5293782492ee5d4ff01a33bff983
S0,W2-016aa5cc3e8174bc5b98974c,BASE_TRAIN,3,0,LG-N1-7731032d0d87c4c97c8a67a6,15,0.4062233082613962,uncalibrated_class1_probability,,93d3892b158c35eccfadc27c879754db69ea5293782492ee5d4ff01a33bff983
S0,W2-01791b221ed41bdf47e3382e,BASE_TRAIN,2,1,LG-N1-db9fcd4154104576c84e2ffb,38,0.9948677750680963,uncalibrated_class1_probability,,93d3892b158c35eccfadc27c879754db69ea5293782492ee5d4ff01a33bff983
S0,W2-018f51e65b664e0e0cac1846,BASE_TRAIN,0,0,LG-N1-f6d032eb0930467f2696cc29,13,0.10859229616811499,uncalibrated_class1_probability,,93d3892b158c35eccfadc27c879754db69ea5293782492ee5d4ff01a33bff983
S0,W2-01bce328ca138725a464af41,BASE_TRAIN,0,0,LG-N1-e0477b2f7bf8c03c795dc69a,15,0.1691871595491746,uncalibrated_class1_probability,,93d3892b158c35eccfadc27c879754db69ea5293782492ee5d4ff01a33bff983
S0,W2-01e575d9ee1251e8fdeac9cc,BASE_TRAIN,3,1,LG-N1-beb5daaf25aaa1b811e657d4,97,0.9663056664169645,uncalibrated_class1_probability,,93d3892b158c35eccfadc27c879754db69ea5293782492ee5d4ff01a33bff983
S0,W2-01edc725d4d55d68488ef00a,BASE_TRAIN,0,0,LG-N1-36fe6323a16e3539d9ff76a4,10,0.17426629137912442,uncalibrated_class1_probability,,93d3892b158c35eccfadc27c879754db69ea5293782492ee5d4ff01a33bff983
S0,W2-026608a5fe3ba90b791e7775,BASE_TRAIN,2,0,LG-N1-9f48da08a79d595db445159e,7,0.02296782937839102,uncalibrated_class1_probability,,93d3892b158c35eccfadc27c879754db69ea5293782492ee5d4ff01a33bff983
S0,W2-026aa2ba5313fea4a96e84a2,BASE_TRAIN,4,0,LG-N1-3b350ea815a2f9d87c97f151,25,0.7177311499188058,uncalibrated_class1_probability,,93d3892b158c35eccfadc27c879754db69ea5293782492ee5d4ff01a33bff983
S0,W2-028e75133c29035d9ac2526e,BASE_TRAIN,3,0,LG-N1-28f9b2735c3c97a74b4c4fc8,11,0.08935527507328256,uncalibrated_class1_probability,,93d3892b158c35eccfadc27c879754db69ea5293782492ee5d4ff01a33bff983
S0,W2-02cc083fe0b5dd1c1d2aa37b,BASE_TRAIN,4,0,LG-N1-2fbbb3db83254d1bc7690b77,7,0.0982299427674364,uncalibrated_class1_probability,,93d3892b158c35eccfadc27c879754db69ea5293782492ee5d4ff01a33bff983
S0,W2-03049aab35894a958057c539,BASE_TRAIN,0,0,LG-N1-d81113a5e4ca2b64b848f998,19,0.6725152941901701,uncalibrated_class1_probability,,93d3892b158c35eccfadc27c879754db69ea5293782492ee5d4ff01a33bff983
S0,W2-03173a0fb2e8427d290b6741,BASE_TRAIN,1,1,LG-N1-cc24dc0bdbb2bbe8747fb886,8,0.14047962775726544,uncalibrated_class1_probability,,93d3892b158c35eccfadc27c879754db69ea5293782492ee5d4ff01a33bff983
S0,W2-033a306e296a0ff8e39cb504,BASE_TRAIN,2,0,LG-N1-c83d24c2a217f101ec82377d,6,0.0014185309469660337,uncalibrated_class1_probability,,93d3892b158c35eccfadc27c879754db69ea5293782492ee5d4ff01a33bff983
S0,W2-0342ca5af1cd3b0b051afbee,BASE_TRAIN,0,0,LG-N1-b83dac1d23c1c57a670bddd7,16,0.37271117073319576,uncalibrated_class1_probability,,93d3892b158c35eccfadc27c879754db69ea5293782492ee5d4ff01a33bff983
S0,W2-0347ab951fe55e5dc0f4e0f8,BASE_TRAIN,4,0,LG-N1-f3e37cfe076760598cd574fb,11,0.13337498343595625,uncalibrated_class1_probability,,93d3892b158c35eccfadc27c879754db69ea5293782492ee5d4ff01a33bff983
S0,W2-0363c397e38a57338f15ebf8,BASE_TRAIN,1,0,LG-N1-9cf6470853279698734769c8,9,0.05567119064757947,uncalibrated_class1_probability,,93d3892b158c35eccfadc27c879754db69ea5293782492ee5d4ff01a33bff983
S0,W2-038c730abefc8f7933187a82,BASE_TRAIN,3,1,LG-N1-f141c2a506c6c30666afcab8,433,0.9999948739070736,uncalibrated_class1_probability,,93d3892b158c35eccfadc27c879754db69ea5293782492ee5d4ff01a33bff983
S0,W2-04252da2cc6da60672f9e52d,BASE_TRAIN,4,0,LG-N1-ee78875423fc77327a40b050,7,0.03897212185363089,uncalibrated_class1_probability,,93d3892b158c35eccfadc27c879754db69ea5293782492ee5d4ff01a33bff983
S0,W2-04540c494b7858e9cc5230ce,BASE_TRAIN,4,0,LG-N1-dd5443080610d3cd29a64be6,6,0.057777461791804714,uncalibrated_class1_probability,,93d3892b158c35eccfadc27c879754db69ea5293782492ee5d4ff01a33bff983
S0,W2-050e0901e322b560f8749b7d,BASE_TRAIN,2,1,LG-N1-84d39302f704c242d8d16e4b,302,0.9999978617117847,uncalibrated_class1_probability,,93d3892b158c35eccfadc27c879754db69ea5293782492ee5d4ff01a33bff983
S0,W2-051e08c0f8a5d2586bad3e6e,BASE_TRAIN,2,1,LG-N1-70ca1e5d53b3e11feb80b1f2,65,0.9542433185135988,uncalibrated_class1_probability,,93d3892b158c35eccfadc27c879754db69ea5293782492ee5d4ff01a33bff983
S0,W2-053aa29a2bde68235a43aa67,BASE_TRAIN,4,0,LG-N1-647862e5401fc8027b6c3636,14,0.05817372622321109,uncalibrated_class1_probability,,93d3892b158c35eccfadc27c879754db69ea5293782492ee5d4ff01a33bff983
S0,W2-053bff90b0fb3eb7f7497f4a,BASE_TRAIN,2,0,LG-N1-f53b20f62a6fcbc2431bc61e,11,0.19994692555087054,uncalibrated_class1_probability,,93d3892b158c35eccfadc27c879754db69ea5293782492ee5d4ff01a33bff983
S0,W2-0565f4d0634f3025b76e538d,BASE_TRAIN,4,0,LG-N1-97860b91a8c14fdea984b83d,14,0.09420601222359931,uncalibrated_class1_probability,,93d3892b158c35eccfadc27c879754db69ea5293782492ee5d4ff01a33bff983
S0,W2-05c635fbca01441833a74933,BASE_TRAIN,4,0,LG-N1-61e57eb6bb002d5f54d94789,15,0.10610689574573577,uncalibrated_class1_probability,,93d3892b158c35eccfadc27c879754db69ea5293782492ee5d4ff01a33bff983
S0,W2-0661ee949ff4da481f30f398,BASE_TRAIN,4,0,LG-N1-2baaa692336e04034a99b4b3,29,0.7772021213893417,uncalibrated_class1_probability,,93d3892b158c35eccfadc27c879754db69ea5293782492ee5d4ff01a33bff983
S0,W2-066e344a62ebc4797595d49d,BASE_TRAIN,1,0,LG-N1-e4e2601bf8ad2631b2c16d07,8,0.10951866737003334,uncalibrated_class1_probability,,93d3892b158c35eccfadc27c879754db69ea5293782492ee5d4ff01a33bff983
S0,W2-068d943d72e9983618519e91,BASE_TRAIN,4,0,LG-N1-143dd39e2e3c325db80ed1a2,14,0.2895185418412996,uncalibrated_class1_probability,,93d3892b158c35eccfadc27c879754db69ea5293782492ee5d4ff01a33bff983
S0,W2-06e5c28c57ddaa934979bbc5,BASE_TRAIN,3,0,LG-N1-8ef55ec3f77479db18782940,9,0.11208578254398158,uncalibrated_class1_probability,,93d3892b158c35eccfadc27c879754db69ea5293782492ee5d4ff01a33bff983
S0,W2-0714b392858e3423878af49e,BASE_TRAIN,1,0,LG-N1-6c23efa3db85ee7cf608701d,9,0.24740416991952438,uncalibrated_class1_probability,,93d3892b158c35eccfadc27c879754db69ea5293782492ee5d4ff01a33bff983
S0,W2-0744c8b983126a8ed02c0608,BASE_TRAIN,0,0,LG-N1-6c27a33f7c0ee72ff8adc243,11,0.19906890537785027,uncalibrated_class1_probability,,93d3892b158c35eccfadc27c879754db69ea5293782492ee5d4ff01a33bff983
S0,W2-0780549bd32f59a97adb3967,BASE_TRAIN,3,0,LG-N1-ee5c9a7ada25d64ab7eff1e3,22,0.4911264316763197,uncalibrated_class1_probability,,93d3892b158c35eccfadc27c879754db69ea5293782492ee5d4ff01a33bff983
S0,W2-07c873894f38ef87284bb971,BASE_TRAIN,4,0,LG-N1-10016ff903c442ce2f878518,8,0.07038191873948675,uncalibrated_class1_probability,,93d3892b158c35eccfadc27c879754db69ea5293782492ee5d4ff01a33bff983
S0,W2-07dbb93653f44db520ef7eff,BASE_TRAIN,3,0,LG-N1-1ae0f515f3608c6bd04d8099,11,0.34535477631035766,uncalibrated_class1_probability,,93d3892b158c35eccfadc27c879754db69ea5293782492ee5d4ff01a33bff983
S0,W2-07e5e560ee9934a5dfe47f74,BASE_TRAIN,4,0,LG-N1-8a2d592a323557d6a654866a,9,0.1286012026532197,uncalibrated_class1_probability,,93d3892b158c35eccfadc27c879754db69ea5293782492ee5d4ff01a33bff983
S0,W2-0815f81746c523f563f5e977,BASE_TRAIN,3,0,LG-N1-4af8e665b2eb3c1a6fd05e77,11,0.39434037938210253,uncalibrated_class1_probability,,93d3892b158c35eccfadc27c879754db69ea5293782492ee5d4ff01a33bff983
S0,W2-085199c6f7863b09ca9b7c56,BASE_TRAIN,4,0,LG-N1-652c1277daef72cb2908bd1f,10,0.1358532191428407,uncalibrated_class1_probability,,93d3892b158c35eccfadc27c879754db69ea5293782492ee5d4ff01a33bff983
S0,W2-08bbfbc0de09c85024bb229f,BASE_TRAIN,0,0,LG-N1-45f50774be9895d83290579f,11,0.17647464228700196,uncalibrated_class1_probability,,93d3892b158c35eccfadc27c879754db69ea5293782492ee5d4ff01a33bff983
S0,W2-090cbc3dd8e14febd4b3a9cd,BASE_TRAIN,2,0,LG-N1-af4304430ad93f2819ee0825,15,0.3967885096319834,uncalibrated_class1_probability,,93d3892b158c35eccfadc27c879754db69ea5293782492ee5d4ff01a33bff983
S0,W2-097aa7b97f5b39a0b061bc87,BASE_TRAIN,0,0,LG-N1-8469ed9eae49976138875d33,11,0.30232044185687884,uncalibrated_class1_probability,,93d3892b158c35eccfadc27c879754db69ea5293782492ee5d4ff01a33bff983
S0,W2-09aca32b72653dcefc6309ca,BASE_TRAIN,3,0,LG-N1-6a196f0ab2fb77da2f746f5f,13,0.050738809036189124,uncalibrated_class1_probability,,93d3892b158c35eccfadc27c879754db69ea5293782492ee5d4ff01a33bff983
S0,W2-0a41786cb0de7c264e8af787,BASE_TRAIN,4,1,LG-N1-5ec1268c0eb2a56dedefcfb4,77,0.8501334532357456,uncalibrated_class1_probability,,93d3892b158c35eccfadc27c879754db69ea5293782492ee5d4ff01a33bff983
S0,W2-0a55cd36375fdf2d5cbc27ba,BASE_TRAIN,2,0,LG-N1-acc9af86f5a8e18ecf3f9fac,14,0.595304579341089,uncalibrated_class1_probability,,93d3892b158c35eccfadc27c879754db69ea5293782492ee5d4ff01a33bff983
S0,W2-0aa9ab25756e014ad20831e4,BASE_TRAIN,0,0,LG-N1-77f4be19da6698c7243c167d,21,0.4225590631675639,uncalibrated_class1_probability,,93d3892b158c35eccfadc27c879754db69ea5293782492ee5d4ff01a33bff983
S0,W2-0b0e214a9c99a6c2986178b4,BASE_TRAIN,3,1,LG-N1-82ce45b876e78558aa9848b8,19,0.6487168305152277,uncalibrated_class1_probability,,93d3892b158c35eccfadc27c879754db69ea5293782492ee5d4ff01a33bff983
S0,W2-0bbfaccc6c56835926821b31,BASE_TRAIN,0,0,LG-N1-47e2da34a117eae0d1294b9c,6,0.009018936877372338,uncalibrated_class1_probability,,93d3892b158c35eccfadc27c879754db69ea5293782492ee5d4ff01a33bff983
S0,W2-0bd4eb25a50e16a0bec82fe5,BASE_TRAIN,1,0,LG-N1-00733abeb5511a609c4a9c4c,11,0.015847744119257698,uncalibrated_class1_probability,,93d3892b158c35eccfadc27c879754db69ea5293782492ee5d4ff01a33bff983
S0,W2-0c3a2f30a14df774f28c035e,BASE_TRAIN,0,0,LG-N1-10805e051d111fd90afd3dea,8,0.023505314791411245,uncalibrated_class1_probability,,93d3892b158c35eccfadc27c879754db69ea5293782492ee5d4ff01a33bff983
S0,W2-0ca44674b2d451c7fcda0f39,BASE_TRAIN,0,0,LG-N1-9746f85cf04cedbe10336c41,78,0.9458486711544156,uncalibrated_class1_probability,,93d3892b158c35eccfadc27c879754db69ea5293782492ee5d4ff01a33bff983
S0,W2-0cb8439ce9385dc2498c4180,BASE_TRAIN,4,1,LG-N1-01717fde76e267940a9f4846,30,0.8687195082153263,uncalibrated_class1_probability,,93d3892b158c35eccfadc27c879754db69ea5293782492ee5d4ff01a33bff983
S0,W2-0cbae84614b9603491fb1cae,BASE_TRAIN,2,0,LG-N1-bda915dbdb3851337e765f47,13,0.04853554313983115,uncalibrated_class1_probability,,93d3892b158c35eccfadc27c879754db69ea5293782492ee5d4ff01a33bff983
S0,W2-0ccec568b3084e4b9c707551,BASE_TRAIN,1,0,LG-N1-3425b23330f7c9ac9a1e5cb3,12,0.06043508459439478,uncalibrated_class1_probability,,93d3892b158c35eccfadc27c879754db69ea5293782492ee5d4ff01a33bff983
S0,W2-0ce0c85aa9bd7f34281836e7,BASE_TRAIN,1,0,LG-N1-50f85f5ad511d5953edfa957,29,0.7317378527263436,uncalibrated_class1_probability,,93d3892b158c35eccfadc27c879754db69ea5293782492ee5d4ff01a33bff983
S0,W2-0ce207c45b0d1ab175edbb61,BASE_TRAIN,4,1,LG-N1-c99e7c2907facb5ee87fd207,15,0.2118064200508873,uncalibrated_class1_probability,,93d3892b158c35eccfadc27c879754db69ea5293782492ee5d4ff01a33bff983
S0,W2-0cead47cb4a020c01c06951c,BASE_TRAIN,4,0,LG-N1-bc85090d3166afa830dd2f29,12,0.2641338457791641,uncalibrated_class1_probability,,93d3892b158c35eccfadc27c879754db69ea5293782492ee5d4ff01a33bff983
S0,W2-0cff063bfacb9f506f6d9238,BASE_TRAIN,1,0,LG-N1-60de7e36707ea1033603c7c4,9,0.06022079869411274,uncalibrated_class1_probability,,93d3892b158c35eccfadc27c879754db69ea5293782492ee5d4ff01a33bff983
S0,W2-0d0c3f0d247435f0ad73f444,BASE_TRAIN,1,0,LG-N1-b45519f9430b39953bbb59b1,26,0.500424753169468,uncalibrated_class1_probability,,93d3892b158c35eccfadc27c879754db69ea5293782492ee5d4ff01a33bff983
S0,W2-0d99436088714b5703d75b75,BASE_TRAIN,2,0,LG-N1-57c743fb41822e513c42daf9,58,0.9244844306610926,uncalibrated_class1_probability,,93d3892b158c35eccfadc27c879754db69ea5293782492ee5d4ff01a33bff983
S0,W2-0e009a74b43a570f7e265b43,BASE_TRAIN,4,1,LG-N1-d83f1922752ebaa19be74e9c,92,0.8762216773805822,uncalibrated_class1_probability,,93d3892b158c35eccfadc27c879754db69ea5293782492ee5d4ff01a33bff983
S0,W2-0e09f841c0a6daaf6cf4cfe3,BASE_TRAIN,1,0,LG-N1-ad4a1332a1719051bcb4359c,9,0.12445926190737128,uncalibrated_class1_probability,,93d3892b158c35eccfadc27c879754db69ea5293782492ee5d4ff01a33bff983
S0,W2-0e0a3fcda4ec1fa43a655e91,BASE_TRAIN,2,0,LG-N1-394f146ecfb89ab34186c558,16,0.6884823697008076,uncalibrated_class1_probability,,93d3892b158c35eccfadc27c879754db69ea5293782492ee5d4ff01a33bff983
S0,W2-0e38d5f9af592cd3621aa565,BASE_TRAIN,4,0,LG-N1-0e65bfea042a32c5b89c2f4d,11,0.04531377302047855,uncalibrated_class1_probability,,93d3892b158c35eccfadc27c879754db69ea5293782492ee5d4ff01a33bff983
S0,W2-0e512e56f64a8f882e2ff0f6,BASE_TRAIN,3,0,LG-N1-6da8e8b69d60c6896ca16971,27,0.5683575184495606,uncalibrated_class1_probability,,93d3892b158c35eccfadc27c879754db69ea5293782492ee5d4ff01a33bff983
S0,W2-0e61ca32c27654112d3bc3ca,BASE_TRAIN,2,1,LG-N1-45bce5ba2ba8559374ca6590,18,0.8842716277929501,uncalibrated_class1_probability,,93d3892b158c35eccfadc27c879754db69ea5293782492ee5d4ff01a33bff983
S0,W2-0ee28e5821c10a52f23e1a53,BASE_TRAIN,0,1,LG-N1-c567bed2b3194d3f44e31878,46,0.9334402237345568,uncalibrated_class1_probability,,93d3892b158c35eccfadc27c879754db69ea5293782492ee5d4ff01a33bff983
S0,W2-0ee6327b08a0323321ae34e9,BASE_TRAIN,0,0,LG-N1-56d926e9b4553baaca93d5a5,9,0.3988776211442153,uncalibrated_class1_probability,,93d3892b158c35eccfadc27c879754db69ea5293782492ee5d4ff01a33bff983
S0,W2-0f317fcd82b27eff7b0fd631,BASE_TRAIN,4,0,LG-N1-ec45acbebe45c9dfcbe78622,10,0.10538040106351315,uncalibrated_class1_probability,,93d3892b158c35eccfadc27c879754db69ea5293782492ee5d4ff01a33bff983
S0,W2-0f497157f8d205abfd53756e,BASE_TRAIN,0,0,LG-N1-134b1565b3e26fda2b867660,13,0.5268284033976021,uncalibrated_class1_probability,,93d3892b158c35eccfadc27c879754db69ea5293782492ee5d4ff01a33bff983
S0,W2-0f65e57c9e18c213e51461bf,BASE_TRAIN,1,0,LG-N1-059d09081a2738b1865c42ad,14,0.3083414867199466,uncalibrated_class1_probability,,93d3892b158c35eccfadc27c879754db69ea5293782492ee5d4ff01a33bff983
S0,W2-0f7c90f64de5473d994a337f,BASE_TRAIN,3,0,LG-N1-7ca3dca21f047a56256a4a12,76,0.9272837632980019,uncalibrated_class1_probability,,93d3892b158c35eccfadc27c879754db69ea5293782492ee5d4ff01a33bff983
S0,W2-0f7da4b36ee883bb63f971b9,BASE_TRAIN,4,0,LG-N1-1f3683722c2d38c58400226b,15,0.18463519304862094,uncalibrated_class1_probability,,93d3892b158c35eccfadc27c879754db69ea5293782492ee5d4ff01a33bff983
S0,W2-0fa75cf60b21feb983e27290,BASE_TRAIN,4,1,LG-N1-ea06b86e3959e8368d8b3b7e,116,0.8966453108708309,uncalibrated_class1_probability,,93d3892b158c35eccfadc27c879754db69ea5293782492ee5d4ff01a33bff983
S0,W2-0fbd7369b4979b4f21a5bec6,BASE_TRAIN,0,0,LG-N1-8cfb7217f32d9cda0cca294c,7,0.014746479039963062,uncalibrated_class1_probability,,93d3892b158c35eccfadc27c879754db69ea5293782492ee5d4ff01a33bff983
S0,W2-0fef2b72eb6fac69adc3686f,BASE_TRAIN,0,0,LG-N1-de4a4140f575a2a6fad27933,19,0.45573341409321366,uncalibrated_class1_probability,,93d3892b158c35eccfadc27c879754db69ea5293782492ee5d4ff01a33bff983
S0,W2-0ff5214eb96414ba0789dcef,BASE_TRAIN,2,0,LG-N1-885e5a4254a1840b0cc19fc8,6,0.0022426004780624026,uncalibrated_class1_probability,,93d3892b158c35eccfadc27c879754db69ea5293782492ee5d4ff01a33bff983
S0,W2-101cc426ceec827b9691e391,BASE_TRAIN,3,1,LG-N1-df414948c2678283bfb2e1bc,40,0.9490553784111745,uncalibrated_class1_probability,,93d3892b158c35eccfadc27c879754db69ea5293782492ee5d4ff01a33bff983
S0,W2-108fbab613fc8caed3f8fab4,BASE_TRAIN,1,0,LG-N1-beb61d14acf42f78bac83cc8,18,0.1946995284171776,uncalibrated_class1_probability,,93d3892b158c35eccfadc27c879754db69ea5293782492ee5d4ff01a33bff983
S0,W2-10950ba78fc46fd9428114d2,BASE_TRAIN,4,1,LG-N1-6d89789f3c40dfada104ca03,30,0.8519038703336933,uncalibrated_class1_probability,,93d3892b158c35eccfadc27c879754db69ea5293782492ee5d4ff01a33bff983
S0,W2-114f092c82d9dd24cea1386f,BASE_TRAIN,4,0,LG-N1-957629a49d22c8ebf8ee3100,12,0.07541770248257097,uncalibrated_class1_probability,,93d3892b158c35eccfadc27c879754db69ea5293782492ee5d4ff01a33bff983
S0,W2-117540e2304b353a364a0a15,BASE_TRAIN,2,0,LG-N1-d96298249e105ccb65663d6e,37,0.919948483226918,uncalibrated_class1_probability,,93d3892b158c35eccfadc27c879754db69ea5293782492ee5d4ff01a33bff983
S0,W2-119907116c9ccfd32f5434db,BASE_TRAIN,1,0,LG-N1-4351c027402ed578282760a9,10,0.19336857629003829,uncalibrated_class1_probability,,93d3892b158c35eccfadc27c879754db69ea5293782492ee5d4ff01a33bff983
S0,W2-11d5f7faad9a82520cada11c,BASE_TRAIN,0,1,LG-N1-33a3c89194a7dfbf5fdaa0a5,38,0.884516843268073,uncalibrated_class1_probability,,93d3892b158c35eccfadc27c879754db69ea5293782492ee5d4ff01a33bff983
S0,W2-11dd637e258cda3dd929901d,BASE_TRAIN,4,0,LG-N1-10ba9916e239b3eb031bec6c,13,0.053769488172894335,uncalibrated_class1_probability,,93d3892b158c35eccfadc27c879754db69ea5293782492ee5d4ff01a33bff983
S0,W2-11e88f8505cb529d5d58d877,BASE_TRAIN,1,0,LG-N1-8f0ce9a6730a53f3b998b00d,17,0.26509447654615165,uncalibrated_class1_probability,,93d3892b158c35eccfadc27c879754db69ea5293782492ee5d4ff01a33bff983
S0,W2-1257b66e503afb372e48512b,BASE_TRAIN,4,0,LG-N1-2015c32d6c9c9cfc1dc4bc22,10,0.175326257147067,uncalibrated_class1_probability,,93d3892b158c35eccfadc27c879754db69ea5293782492ee5d4ff01a33bff983
S0,W2-127d8c766251a80de743dff6,BASE_TRAIN,3,0,LG-N1-8aff0fca7317b1ab9e4c4453,12,0.03136857914281359,uncalibrated_class1_probability,,93d3892b158c35eccfadc27c879754db69ea5293782492ee5d4ff01a33bff983
S0,W2-129172d06511a6a0b98af867,BASE_TRAIN,4,0,LG-N1-09ea3274ebc38bb25714927a,8,0.012907985261459993,uncalibrated_class1_probability,,93d3892b158c35eccfadc27c879754db69ea5293782492ee5d4ff01a33bff983
S0,W2-133070455b2ce7da2b70ed55,BASE_TRAIN,1,0,LG-N1-bb5b0a35345f968405c8b77d,9,0.030984566287568585,uncalibrated_class1_probability,,93d3892b158c35eccfadc27c879754db69ea5293782492ee5d4ff01a33bff983
S0,W2-133810ceb1ecc72a14c691a6,BASE_TRAIN,4,0,LG-N1-99e3b9cce0e687b2d3ba093f,9,0.06490204747066786,uncalibrated_class1_probability,,93d3892b158c35eccfadc27c879754db69ea5293782492ee5d4ff01a33bff983
S0,W2-1358a68c4f6c0912666fa2a5,BASE_TRAIN,4,0,LG-N1-59e4e230f8161abf03f85fe4,7,0.023918167182168368,uncalibrated_class1_probability,,93d3892b158c35eccfadc27c879754db69ea5293782492ee5d4ff01a33bff983
S0,W2-13b1bee601795417a63ca67c,BASE_TRAIN,2,0,LG-N1-ac1f9d53d978c04aca01ea49,11,0.247129605469933,uncalibrated_class1_probability,,93d3892b158c35eccfadc27c879754db69ea5293782492ee5d4ff01a33bff983
S0,W2-13b7e7189ba67eedaad03002,BASE_TRAIN,0,0,LG-N1-aeb0a8519ad014cd56df6996,12,0.1806342157082368,uncalibrated_class1_probability,,93d3892b158c35eccfadc27c879754db69ea5293782492ee5d4ff01a33bff983
S0,W2-14aba838e2ba35ee55ccd61c,BASE_TRAIN,2,0,LG-N1-b3d1e8bd42229bd9221a8bda,7,0.025766937101244516,uncalibrated_class1_probability,,93d3892b158c35eccfadc27c879754db69ea5293782492ee5d4ff01a33bff983
S0,W2-15b741cb7bbc292d445c5b58,BASE_TRAIN,0,0,LG-N1-89d00440d72a5ec9c0be2a90,7,0.03689112377030575,uncalibrated_class1_probability,,93d3892b158c35eccfadc27c879754db69ea5293782492ee5d4ff01a33bff983
S0,W2-16197f75786399a54c410834,BASE_TRAIN,1,0,LG-N1-9a540678c0648c0094ded781,23,0.22363700914147813,uncalibrated_class1_probability,,93d3892b158c35eccfadc27c879754db69ea5293782492ee5d4ff01a33bff983
S0,W2-166ea1cc3f56cc974935b0e8,BASE_TRAIN,4,0,LG-N1-9864fbbf2d9b1b744716f951,12,0.12141971084823126,uncalibrated_class1_probability,,93d3892b158c35eccfadc27c879754db69ea5293782492ee5d4ff01a33bff983
S0,W2-171337486482cb901c28e78d,BASE_TRAIN,2,0,LG-N1-2be8b3ab55de0111cf1d6042,9,0.33390551216942166,uncalibrated_class1_probability,,93d3892b158c35eccfadc27c879754db69ea5293782492ee5d4ff01a33bff983
S0,W2-17524b305b0b9d78a7666484,BASE_TRAIN,2,1,LG-N1-a16e559267996fcfd0c3aea0,19,0.6792803270676963,uncalibrated_class1_probability,,93d3892b158c35eccfadc27c879754db69ea5293782492ee5d4ff01a33bff983
S0,W2-177a11867b41f7aca8167790,BASE_TRAIN,4,0,LG-N1-9245f18f6a059214309834ee,5,2.330095341811014e-06,uncalibrated_class1_probability,,93d3892b158c35eccfadc27c879754db69ea5293782492ee5d4ff01a33bff983
S0,W2-17a1c65bac93fcff654499ca,BASE_TRAIN,1,0,LG-N1-3e233ca0da20ec41626a08c1,9,0.05997519640083961,uncalibrated_class1_probability,,93d3892b158c35eccfadc27c879754db69ea5293782492ee5d4ff01a33bff983
S0,W2-17c45256dfcdaf90e294b55a,BASE_TRAIN,1,0,LG-N1-189ece3a5073071b1018db13,11,0.20371961434873948,uncalibrated_class1_probability,,93d3892b158c35eccfadc27c879754db69ea5293782492ee5d4ff01a33bff983
S0,W2-1812badc812ec8ef03517846,BASE_TRAIN,0,0,LG-N1-9c6dbf031b6e307dfcdae928,6,0.08939167790657652,uncalibrated_class1_probability,,93d3892b158c35eccfadc27c879754db69ea5293782492ee5d4ff01a33bff983
S0,W2-182292c9cb6cc2cd856ad040,BASE_TRAIN,3,0,LG-N1-b6084b208c114c7593b94386,13,0.1763206677357921,uncalibrated_class1_probability,,93d3892b158c35eccfadc27c879754db69ea5293782492ee5d4ff01a33bff983
S0,W2-18a48eeb90a83291b3f8ea6e,BASE_TRAIN,0,0,LG-N1-1b7f4ede4a7731ea51f04489,9,0.027881011781417612,uncalibrated_class1_probability,,93d3892b158c35eccfadc27c879754db69ea5293782492ee5d4ff01a33bff983
S0,W2-18d8cb9b9d5246c424553af9,BASE_TRAIN,4,0,LG-N1-6cab45c49f6961ae8930b04c,7,0.18399434144687346,uncalibrated_class1_probability,,93d3892b158c35eccfadc27c879754db69ea5293782492ee5d4ff01a33bff983
S0,W2-1927fa3a1aba63e44e5ad9b4,BASE_TRAIN,3,0,LG-N1-0e92547c0467662f57999fb6,8,0.1186110769221606,uncalibrated_class1_probability,,93d3892b158c35eccfadc27c879754db69ea5293782492ee5d4ff01a33bff983
S0,W2-19d010cf25be35dbc8e97667,BASE_TRAIN,0,0,LG-N1-e14eeca9d2e2e49f9c650f75,11,0.2798974155671948,uncalibrated_class1_probability,,93d3892b158c35eccfadc27c879754db69ea5293782492ee5d4ff01a33bff983
S0,W2-19ec970d00164104be2be29d,BASE_TRAIN,0,1,LG-N1-d328a5277b954feb2bd593da,15,0.25449870481300935,uncalibrated_class1_probability,,93d3892b158c35eccfadc27c879754db69ea5293782492ee5d4ff01a33bff983
S0,W2-19f7bac8593c14e5928498c9,BASE_TRAIN,3,0,LG-N1-9cef6a14ceaf692a285dd0d3,9,0.15204958005060634,uncalibrated_class1_probability,,93d3892b158c35eccfadc27c879754db69ea5293782492ee5d4ff01a33bff983
S0,W2-1a4ac34660c40878c5d81eab,BASE_TRAIN,4,0,LG-N1-5932e7a6915a7e683b27ac64,12,0.07269064925038443,uncalibrated_class1_probability,,93d3892b158c35eccfadc27c879754db69ea5293782492ee5d4ff01a33bff983
S0,W2-1a672f7761531b7fe13cf40d,BASE_TRAIN,3,0,LG-N1-de1d02db3ba2767634b52b3a,14,0.15155538559830473,uncalibrated_class1_probability,,93d3892b158c35eccfadc27c879754db69ea5293782492ee5d4ff01a33bff983
S0,W2-1a9b1ec54abed4a2e135cc16,BASE_TRAIN,1,0,LG-N1-abebd482e30c4e61eb5b153b,13,0.1222237380527297,uncalibrated_class1_probability,,93d3892b158c35eccfadc27c879754db69ea5293782492ee5d4ff01a33bff983
S0,W2-1abc4e84595c92b6c82e61bf,BASE_TRAIN,0,0,LG-N1-1e9eadc1323b4862050b5ee5,10,0.19652911325314656,uncalibrated_class1_probability,,93d3892b158c35eccfadc27c879754db69ea5293782492ee5d4ff01a33bff983
S0,W2-1b2ea964ae75b516affae1d4,BASE_TRAIN,4,0,LG-N1-e2490a1fd724476ad8112a23,15,0.24122607378019142,uncalibrated_class1_probability,,93d3892b158c35eccfadc27c879754db69ea5293782492ee5d4ff01a33bff983
S0,W2-1b4b3759773876b3c3cf9fd8,BASE_TRAIN,0,0,LG-N1-7750d2a34b0eb68d85593127,6,0.005993905040486311,uncalibrated_class1_probability,,93d3892b158c35eccfadc27c879754db69ea5293782492ee5d4ff01a33bff983
S0,W2-1b5b99ba64bd349f7fbd882d,BASE_TRAIN,3,0,LG-N1-c9076e76f74f890ae6d58549,11,0.06640324884884335,uncalibrated_class1_probability,,93d3892b158c35eccfadc27c879754db69ea5293782492ee5d4ff01a33bff983
S0,W2-1c04a70084e09a9fda9ea969,BASE_TRAIN,1,0,LG-N1-0ef38fc66ed35d541bd918ee,8,0.026335227484456356,uncalibrated_class1_probability,,93d3892b158c35eccfadc27c879754db69ea5293782492ee5d4ff01a33bff983
S0,W2-1c5f4bea38afd7b8101404c8,BASE_TRAIN,4,0,LG-N1-cf688e21599b9077128e3cdb,13,0.431560076162392,uncalibrated_class1_probability,,93d3892b158c35eccfadc27c879754db69ea5293782492ee5d4ff01a33bff983
S0,W2-1c75b8e44c3a26c961f974be,BASE_TRAIN,1,1,LG-N1-0f553d6379975a5b5dafcb57,169,0.9999422356645269,uncalibrated_class1_probability,,93d3892b158c35eccfadc27c879754db69ea5293782492ee5d4ff01a33bff983
S0,W2-1cd8b29792672649c6871424,BASE_TRAIN,4,0,LG-N1-af21955a44aca6fad3345928,8,0.025893743917582063,uncalibrated_class1_probability,,93d3892b158c35eccfadc27c879754db69ea5293782492ee5d4ff01a33bff983
S0,W2-1cfbf1159f11d654670ebacd,BASE_TRAIN,2,1,LG-N1-c16e6318e8e94fec8a3591d9,15,0.18635577112674404,uncalibrated_class1_probability,,93d3892b158c35eccfadc27c879754db69ea5293782492ee5d4ff01a33bff983
S0,W2-1d94bee2b247d08f0de61317,BASE_TRAIN,4,0,LG-N1-10830c92b957b3ebab99f51e,10,0.13188619328227566,uncalibrated_class1_probability,,93d3892b158c35eccfadc27c879754db69ea5293782492ee5d4ff01a33bff983
S0,W2-1e0bc284d65d1fc7edeea0ec,BASE_TRAIN,2,0,LG-N1-a9a93bc5449db348471551fc,12,0.08173264538686444,uncalibrated_class1_probability,,93d3892b158c35eccfadc27c879754db69ea5293782492ee5d4ff01a33bff983
S0,W2-1e68e094980a0ecd9f6211a2,BASE_TRAIN,4,0,LG-N1-6890eb7b276f1371a234353a,10,0.06387517663834472,uncalibrated_class1_probability,,93d3892b158c35eccfadc27c879754db69ea5293782492ee5d4ff01a33bff983
S0,W2-1e6e30e1b50e8b2e79a895de,BASE_TRAIN,3,0,LG-N1-ebb682229c84d223a2c75144,10,0.10230066539476183,uncalibrated_class1_probability,,93d3892b158c35eccfadc27c879754db69ea5293782492ee5d4ff01a33bff983
S0,W2-1eb47d517a94c494edf398aa,BASE_TRAIN,2,1,LG-N1-38ac9bfd06974e37f7313791,26,0.8942411279070394,uncalibrated_class1_probability,,93d3892b158c35eccfadc27c879754db69ea5293782492ee5d4ff01a33bff983
S0,W2-1edb5d8184ebeffd70e13f83,BASE_TRAIN,3,0,LG-N1-da8134c6dd34cd531cd8b1a8,11,0.2633292047703052,uncalibrated_class1_probability,,93d3892b158c35eccfadc27c879754db69ea5293782492ee5d4ff01a33bff983
S0,W2-1ee79c5d5687b9392d7b9837,BASE_TRAIN,2,0,LG-N1-dcb4c5114069b25da6aa822a,31,0.6265891186643766,uncalibrated_class1_probability,,93d3892b158c35eccfadc27c879754db69ea5293782492ee5d4ff01a33bff983
S0,W2-1f19690753305e65867cf10e,BASE_TRAIN,2,0,LG-N1-729c085975fdea568144a5aa,33,0.37535528878854063,uncalibrated_class1_probability,,93d3892b158c35eccfadc27c879754db69ea5293782492ee5d4ff01a33bff983
S0,W2-1f43cad704446bea5260274c,BASE_TRAIN,2,0,LG-N1-9e00e068f913cf8dbdd8184c,9,0.16182728148209177,uncalibrated_class1_probability,,93d3892b158c35eccfadc27c879754db69ea5293782492ee5d4ff01a33bff983
S0,W2-1f78d5155aaf6e2490c4e687,BASE_TRAIN,3,0,LG-N1-a95398710f2970dba5aebbbc,15,0.17059009794968388,uncalibrated_class1_probability,,93d3892b158c35eccfadc27c879754db69ea5293782492ee5d4ff01a33bff983
S0,W2-1fa1ce5a80e079560b3b2cdf,BASE_TRAIN,1,0,LG-N1-db79ad7adf852d06a4d73a5e,10,0.37861610694165376,uncalibrated_class1_probability,,93d3892b158c35eccfadc27c879754db69ea5293782492ee5d4ff01a33bff983
S0,W2-2080fb9b7dddf0335ff0d330,BASE_TRAIN,0,0,LG-N1-de4563966de0eb1a0e4356e1,16,0.6795560284120853,uncalibrated_class1_probability,,93d3892b158c35eccfadc27c879754db69ea5293782492ee5d4ff01a33bff983
S0,W2-20abc6f9821595fddc79fff4,BASE_TRAIN,4,0,LG-N1-b1626ea270ded1ad06a77ded,7,0.06800196648914865,uncalibrated_class1_probability,,93d3892b158c35eccfadc27c879754db69ea5293782492ee5d4ff01a33bff983
S0,W2-20e13a9095fb8e96c32f47c2,BASE_TRAIN,4,0,LG-N1-d6b4a4046e5750cf1d568c1b,12,0.11598012474908946,uncalibrated_class1_probability,,93d3892b158c35eccfadc27c879754db69ea5293782492ee5d4ff01a33bff983
S0,W2-2123c9957dbf14e286b2ed88,BASE_TRAIN,2,0,LG-N1-e066668f9eacb2948b72d5f9,9,0.02575345694894346,uncalibrated_class1_probability,,93d3892b158c35eccfadc27c879754db69ea5293782492ee5d4ff01a33bff983
S0,W2-21603d9678b197ba16b28f9d,BASE_TRAIN,3,0,LG-N1-86d8e480394f5c34b158abef,15,0.24950593396561307,uncalibrated_class1_probability,,93d3892b158c35eccfadc27c879754db69ea5293782492ee5d4ff01a33bff983
S0,W2-21b463942ccd449bdbead614,BASE_TRAIN,4,0,LG-N1-b283451000ea5695bfddbe32,5,0.018559020280568935,uncalibrated_class1_probability,,93d3892b158c35eccfadc27c879754db69ea5293782492ee5d4ff01a33bff983
S0,W2-21e29a5f0c55994269d1f4b8,BASE_TRAIN,2,0,LG-N1-0f7367788f7366a7c70a49b6,16,0.7713888013184628,uncalibrated_class1_probability,,93d3892b158c35eccfadc27c879754db69ea5293782492ee5d4ff01a33bff983
S0,W2-21ff1580e9595a0d5cb0b3a6,BASE_TRAIN,3,1,LG-N1-4a7c634bd35c4592a2d23a5a,22,0.4392386801663758,uncalibrated_class1_probability,,93d3892b158c35eccfadc27c879754db69ea5293782492ee5d4ff01a33bff983
S0,W2-223afedc4fea975882eb3115,BASE_TRAIN,2,0,LG-N1-07290f0c773436b2f8b08d46,9,0.16423664441644276,uncalibrated_class1_probability,,93d3892b158c35eccfadc27c879754db69ea5293782492ee5d4ff01a33bff983
S0,W2-2255901bbe71a5b844fcfd0a,BASE_TRAIN,4,0,LG-N1-e7e744d6a54747a2403b8bc5,21,0.6113056568948306,uncalibrated_class1_probability,,93d3892b158c35eccfadc27c879754db69ea5293782492ee5d4ff01a33bff983
S0,W2-22822bd94e18271be83e5e5f,BASE_TRAIN,0,0,LG-N1-ce66a635c8eb355954e4942e,18,0.7384500835219036,uncalibrated_class1_probability,,93d3892b158c35eccfadc27c879754db69ea5293782492ee5d4ff01a33bff983
S0,W2-228917928f2d16d4f5af3d2a,BASE_TRAIN,0,0,LG-N1-a3fad77b657662b9bff3112f,9,0.1610016343692905,uncalibrated_class1_probability,,93d3892b158c35eccfadc27c879754db69ea5293782492ee5d4ff01a33bff983
S0,W2-235209123d94135466034bc6,BASE_TRAIN,2,0,LG-N1-702de813ddc2eccb32385160,25,0.6246561229107533,uncalibrated_class1_probability,,93d3892b158c35eccfadc27c879754db69ea5293782492ee5d4ff01a33bff983
S0,W2-235a62b40fb0676cb8442b45,BASE_TRAIN,3,0,LG-N1-ea0f16adffcaf79466b50566,21,0.7849133941821367,uncalibrated_class1_probability,,93d3892b158c35eccfadc27c879754db69ea5293782492ee5d4ff01a33bff983
S0,W2-23cd212fd22304ac522af9d0,BASE_TRAIN,1,1,LG-N1-b549b1b082d58983a1ea264a,219,0.9999892246337314,uncalibrated_class1_probability,,93d3892b158c35eccfadc27c879754db69ea5293782492ee5d4ff01a33bff983
S0,W2-23f0732f84c09ff6a632e7a9,BASE_TRAIN,3,1,LG-N1-82a79674d8660fdeefb5e43e,40,0.9441486155818432,uncalibrated_class1_probability,,93d3892b158c35eccfadc27c879754db69ea5293782492ee5d4ff01a33bff983
S0,W2-2404cc135c5effd5af8e15d6,BASE_TRAIN,0,0,LG-N1-cd0deac0901ca60745bb78d2,6,0.02782980626446399,uncalibrated_class1_probability,,93d3892b158c35eccfadc27c879754db69ea5293782492ee5d4ff01a33bff983
S0,W2-240cd73ed32a94d7c91603b5,BASE_TRAIN,4,1,LG-N1-c3b932bb4a3b14e4ddbc9fa2,64,0.4943388795312532,uncalibrated_class1_probability,,93d3892b158c35eccfadc27c879754db69ea5293782492ee5d4ff01a33bff983
S0,W2-246ccb50ed6e165ccbca80e9,BASE_TRAIN,0,0,LG-N1-def2a744475e93089d45804c,7,0.04632192603390387,uncalibrated_class1_probability,,93d3892b158c35eccfadc27c879754db69ea5293782492ee5d4ff01a33bff983
S0,W2-2569f0e759bb7508133b8fdb,BASE_TRAIN,1,0,LG-N1-9c06b570ad3473e00aab3786,105,0.8855072505009836,uncalibrated_class1_probability,,93d3892b158c35eccfadc27c879754db69ea5293782492ee5d4ff01a33bff983
S0,W2-25de5b468cc7652d0685cf5d,BASE_TRAIN,1,0,LG-N1-6ecc8a5d6fa59af5253e88af,32,0.14590423611037967,uncalibrated_class1_probability,,93d3892b158c35eccfadc27c879754db69ea5293782492ee5d4ff01a33bff983
S0,W2-260e80427f3715018aca3df9,BASE_TRAIN,0,0,LG-N1-473e3f417ab391c6a03a6f50,69,0.9932307514376812,uncalibrated_class1_probability,,93d3892b158c35eccfadc27c879754db69ea5293782492ee5d4ff01a33bff983
S0,W2-2638f6d5c6208f09ce1c68ab,BASE_TRAIN,2,0,LG-N1-17a4c595df1175a511971f2f,8,0.055882814943421844,uncalibrated_class1_probability,,93d3892b158c35eccfadc27c879754db69ea5293782492ee5d4ff01a33bff983
S0,W2-263f40b78486c33cb331795e,BASE_TRAIN,4,1,LG-N1-1fac31bac3d1290055863fb0,19,0.2904369918228501,uncalibrated_class1_probability,,93d3892b158c35eccfadc27c879754db69ea5293782492ee5d4ff01a33bff983
S0,W2-266cf0f31125f12d26fe73e7,BASE_TRAIN,2,0,LG-N1-88200277ae8d6063dcb039b7,13,0.20659435157653983,uncalibrated_class1_probability,,93d3892b158c35eccfadc27c879754db69ea5293782492ee5d4ff01a33bff983
S0,W2-26919a6538e4c252f9f01ddb,BASE_TRAIN,2,0,LG-N1-656aab06712b3db24d1bbf40,6,0.029665837510166757,uncalibrated_class1_probability,,93d3892b158c35eccfadc27c879754db69ea5293782492ee5d4ff01a33bff983
S0,W2-26e156db8415906f3420acd3,BASE_TRAIN,2,1,LG-N1-a7415299e5b480b583718625,136,0.9999881056441483,uncalibrated_class1_probability,,93d3892b158c35eccfadc27c879754db69ea5293782492ee5d4ff01a33bff983
S0,W2-27e91f792106ea3417d09d71,BASE_TRAIN,2,0,LG-N1-bc3dc49604f7295e30e99221,9,0.07285183249832351,uncalibrated_class1_probability,,93d3892b158c35eccfadc27c879754db69ea5293782492ee5d4ff01a33bff983
S0,W2-27f9c834b619707dc104541f,BASE_TRAIN,1,0,LG-N1-753ea1a66aa113ddb4924aa5,13,0.19119228429166893,uncalibrated_class1_probability,,93d3892b158c35eccfadc27c879754db69ea5293782492ee5d4ff01a33bff983
S0,W2-284d1b72cf2bfa2a1c9e3484,BASE_TRAIN,0,0,LG-N1-e948cb6752e04df110fcdb50,7,0.03494512167869326,uncalibrated_class1_probability,,93d3892b158c35eccfadc27c879754db69ea5293782492ee5d4ff01a33bff983
S0,W2-28987c22bcaa415b5e7246c7,BASE_TRAIN,2,0,LG-N1-1ccb4f12bb3822ff1f831fa1,13,0.13472559570852877,uncalibrated_class1_probability,,93d3892b158c35eccfadc27c879754db69ea5293782492ee5d4ff01a33bff983
S0,W2-289e69ec347686dc149919b1,BASE_TRAIN,2,0,LG-N1-f113a02347d7a75a0960344d,16,0.367748097899114,uncalibrated_class1_probability,,93d3892b158c35eccfadc27c879754db69ea5293782492ee5d4ff01a33bff983
S0,W2-29751c95ba43353064a8c8f1,BASE_TRAIN,3,0,LG-N1-c03777b68d91228e60531ae4,7,0.04292562438396234,uncalibrated_class1_probability,,93d3892b158c35eccfadc27c879754db69ea5293782492ee5d4ff01a33bff983
S0,W2-29870cbb16f79586a291e7cd,BASE_TRAIN,1,0,LG-N1-0780a6bdcc713db0386607da,9,0.1064183404611158,uncalibrated_class1_probability,,93d3892b158c35eccfadc27c879754db69ea5293782492ee5d4ff01a33bff983
S0,W2-29c552288cff3c23a41ffb88,BASE_TRAIN,3,0,LG-N1-1fd8e1caa5274eb447a88fb7,10,0.01814691147372066,uncalibrated_class1_probability,,93d3892b158c35eccfadc27c879754db69ea5293782492ee5d4ff01a33bff983
S0,W2-29e3cab3e3a5f69302f642fe,BASE_TRAIN,1,1,LG-N1-ce98e4bd33cca0720b5c38f6,18,0.7667898151181383,uncalibrated_class1_probability,,93d3892b158c35eccfadc27c879754db69ea5293782492ee5d4ff01a33bff983
S0,W2-29e7dc32d6f8d1234b5cb4db,BASE_TRAIN,3,0,LG-N1-650fac2a92e075b321a0435d,11,0.2954904617724605,uncalibrated_class1_probability,,93d3892b158c35eccfadc27c879754db69ea5293782492ee5d4ff01a33bff983
S0,W2-2a4d2ba3f8705e9e3d202ab6,BASE_TRAIN,2,0,LG-N1-5c06d01849075b014b46f172,13,0.03935907304825552,uncalibrated_class1_probability,,93d3892b158c35eccfadc27c879754db69ea5293782492ee5d4ff01a33bff983
S0,W2-2ad1d1769b8c4f91cfa39d67,BASE_TRAIN,4,1,LG-N1-5bdd16d95caa5ed3287137fb,29,0.7599328555810139,uncalibrated_class1_probability,,93d3892b158c35eccfadc27c879754db69ea5293782492ee5d4ff01a33bff983
S0,W2-2ae69cab23f1fd0de8dc6123,BASE_TRAIN,2,0,LG-N1-58a355e03f9f1d33d955fc03,13,0.21170595226343852,uncalibrated_class1_probability,,93d3892b158c35eccfadc27c879754db69ea5293782492ee5d4ff01a33bff983
S0,W2-2b2b2e89ea98b89a4f8e8fcf,BASE_TRAIN,3,0,LG-N1-2526f7da6dc16e8c70625dc7,12,0.026466952626124952,uncalibrated_class1_probability,,93d3892b158c35eccfadc27c879754db69ea5293782492ee5d4ff01a33bff983
S0,W2-2b645695cc180fc8c30695cb,BASE_TRAIN,4,0,LG-N1-0e5cba5c83d0b3ed2649188a,15,0.3049320074903456,uncalibrated_class1_probability,,93d3892b158c35eccfadc27c879754db69ea5293782492ee5d4ff01a33bff983
S0,W2-2c6407c2418ec4fc806e4253,BASE_TRAIN,0,1,LG-N1-7e69d49fbb6e7f23992b7a75,53,0.9242084926700186,uncalibrated_class1_probability,,93d3892b158c35eccfadc27c879754db69ea5293782492ee5d4ff01a33bff983
S0,W2-2c822b2092b96810d0dc7d26,BASE_TRAIN,3,0,LG-N1-2f1f8683b9529f5a1eee693a,11,0.4736764427497861,uncalibrated_class1_probability,,93d3892b158c35eccfadc27c879754db69ea5293782492ee5d4ff01a33bff983
S0,W2-2c9d35f763df3ed76bed4602,BASE_TRAIN,1,0,LG-N1-68253eb030d23e5ce8c3f86d,16,0.5887949938357303,uncalibrated_class1_probability,,93d3892b158c35eccfadc27c879754db69ea5293782492ee5d4ff01a33bff983
S0,W2-2d1ee7d735aa498caa348978,BASE_TRAIN,3,0,LG-N1-0755230fdb4cc792cc043253,13,0.13682751620681652,uncalibrated_class1_probability,,93d3892b158c35eccfadc27c879754db69ea5293782492ee5d4ff01a33bff983
S0,W2-2d60975c8dcdf216bc822f8a,BASE_TRAIN,3,1,LG-N1-f5ef3052ef580f7972e12324,8,0.24978369288329383,uncalibrated_class1_probability,,93d3892b158c35eccfadc27c879754db69ea5293782492ee5d4ff01a33bff983
S0,W2-2da53150347dd43de8d59a2b,BASE_TRAIN,0,0,LG-N1-85853856008b72a5c444097e,12,0.0773162106652568,uncalibrated_class1_probability,,93d3892b158c35eccfadc27c879754db69ea5293782492ee5d4ff01a33bff983
S0,W2-2dc5b6a206eac1ac7a169d55,BASE_TRAIN,0,0,LG-N1-1cd1370f49ce61a7db5e2ef3,10,0.19745545973834913,uncalibrated_class1_probability,,93d3892b158c35eccfadc27c879754db69ea5293782492ee5d4ff01a33bff983
S0,W2-2e5268f9644a615fbba1fb0a,BASE_TRAIN,4,0,LG-N1-3970bdbb207d3d99e4a990de,12,0.13734756042733265,uncalibrated_class1_probability,,93d3892b158c35eccfadc27c879754db69ea5293782492ee5d4ff01a33bff983
S0,W2-2e5c0b7b868cdf69b5d982aa,BASE_TRAIN,4,1,LG-N1-9cd5921fab7c695c055609de,17,0.7565127518430668,uncalibrated_class1_probability,,93d3892b158c35eccfadc27c879754db69ea5293782492ee5d4ff01a33bff983
S0,W2-2e7d16e54bbdf7cf690fb4d4,BASE_TRAIN,0,0,LG-N1-07873429a87a3ef646f16c04,9,0.22289888225675455,uncalibrated_class1_probability,,93d3892b158c35eccfadc27c879754db69ea5293782492ee5d4ff01a33bff983
S0,W2-2ed0f5f420e8459fecdf3214,BASE_TRAIN,0,1,LG-N1-56f62becd5c81af438298464,9,0.13111435285308076,uncalibrated_class1_probability,,93d3892b158c35eccfadc27c879754db69ea5293782492ee5d4ff01a33bff983
S0,W2-2fdbde42de04407c1c8849e3,BASE_TRAIN,4,0,LG-N1-1c427d174db12b0c1b210db9,7,0.10667859509230035,uncalibrated_class1_probability,,93d3892b158c35eccfadc27c879754db69ea5293782492ee5d4ff01a33bff983
S0,W2-303f4b2a371e72661137710d,BASE_TRAIN,1,1,LG-N1-e83623e5dea40f001257a7bb,9,0.03327438796325985,uncalibrated_class1_probability,,93d3892b158c35eccfadc27c879754db69ea5293782492ee5d4ff01a33bff983
S0,W2-30aaaefa95fd4730cb9e9273,BASE_TRAIN,1,0,LG-N1-8853f7833e29f0cecfe82370,8,0.023727639737489255,uncalibrated_class1_probability,,93d3892b158c35eccfadc27c879754db69ea5293782492ee5d4ff01a33bff983
S0,W2-312d3338c819a5f28800bcfe,BASE_TRAIN,0,0,LG-N1-05521d9d6c5f01ef0806526b,14,0.18030408374497825,uncalibrated_class1_probability,,93d3892b158c35eccfadc27c879754db69ea5293782492ee5d4ff01a33bff983
S0,W2-316cf61c1d723b39715e0f43,BASE_TRAIN,4,0,LG-N1-2b770b49c04f9414eb036684,13,0.16429623310111174,uncalibrated_class1_probability,,93d3892b158c35eccfadc27c879754db69ea5293782492ee5d4ff01a33bff983
S0,W2-316da585a86ff8018df920d9,BASE_TRAIN,2,0,LG-N1-9544d45a36b6728faefd8373,9,0.05384123750363781,uncalibrated_class1_probability,,93d3892b158c35eccfadc27c879754db69ea5293782492ee5d4ff01a33bff983
S0,W2-31b8d983c738cd813b243a7f,BASE_TRAIN,0,0,LG-N1-1bf07d7dee28a3fb32fd3903,13,0.2045141697030704,uncalibrated_class1_probability,,93d3892b158c35eccfadc27c879754db69ea5293782492ee5d4ff01a33bff983
S0,W2-31da0ebe950f575f2487cac9,BASE_TRAIN,3,0,LG-N1-87fbf6b75fd3b472a0662494,15,0.12387181366817013,uncalibrated_class1_probability,,93d3892b158c35eccfadc27c879754db69ea5293782492ee5d4ff01a33bff983
S0,W2-31eaa7123d324d6d8456a37d,BASE_TRAIN,2,0,LG-N1-054c28a6f395143d1a1d18ad,11,0.11494919980086692,uncalibrated_class1_probability,,93d3892b158c35eccfadc27c879754db69ea5293782492ee5d4ff01a33bff983
S0,W2-31f73481d477c9cfea1e8091,BASE_TRAIN,0,0,LG-N1-160a5c591a3b444dbb47d62c,8,0.0489400291385769,uncalibrated_class1_probability,,93d3892b158c35eccfadc27c879754db69ea5293782492ee5d4ff01a33bff983
S0,W2-3224646da703e491e015baa8,BASE_TRAIN,2,0,LG-N1-a07646ecf3be10dc67597ffd,12,0.09231896067077726,uncalibrated_class1_probability,,93d3892b158c35eccfadc27c879754db69ea5293782492ee5d4ff01a33bff983
S0,W2-323452cea15af819361fa021,BASE_TRAIN,2,0,LG-N1-1365c0d70666e73e37c5c725,10,0.10021595927535687,uncalibrated_class1_probability,,93d3892b158c35eccfadc27c879754db69ea5293782492ee5d4ff01a33bff983
S0,W2-3262136785bd83bdc3eda7f7,BASE_TRAIN,2,0,LG-N1-98b317cbf4669ebf4a46fc64,13,0.36579864598980855,uncalibrated_class1_probability,,93d3892b158c35eccfadc27c879754db69ea5293782492ee5d4ff01a33bff983
S0,W2-32c01abc147e5707edd573aa,BASE_TRAIN,3,1,LG-N1-1ddb66de2b6ccb70652011c8,17,0.5535297806729,uncalibrated_class1_probability,,93d3892b158c35eccfadc27c879754db69ea5293782492ee5d4ff01a33bff983
S0,W2-3316b4a505df994985129f0f,BASE_TRAIN,1,1,LG-N1-935fe8fe3ce8c4f16e873ee2,31,0.8260736718206415,uncalibrated_class1_probability,,93d3892b158c35eccfadc27c879754db69ea5293782492ee5d4ff01a33bff983
S0,W2-3338f47a47286b8e733c1312,BASE_TRAIN,0,1,LG-N1-e2711bde2fba842f23f97be3,19,0.7948415993486037,uncalibrated_class1_probability,,93d3892b158c35eccfadc27c879754db69ea5293782492ee5d4ff01a33bff983
S0,W2-3357aad342c418b4e8d48c5d,BASE_TRAIN,4,1,LG-N1-2fa4410b58cac493f18c8df6,70,0.2874739971496272,uncalibrated_class1_probability,,93d3892b158c35eccfadc27c879754db69ea5293782492ee5d4ff01a33bff983
S0,W2-337b4512208b717625fdc3d7,BASE_TRAIN,2,0,LG-N1-f46b9a6f97bb584d9f975b5e,6,0.0038947369687468585,uncalibrated_class1_probability,,93d3892b158c35eccfadc27c879754db69ea5293782492ee5d4ff01a33bff983
S0,W2-348be904545fc67f0cf9da9f,BASE_TRAIN,0,0,LG-N1-50106044eaf38d15169a8789,12,0.030834471972288724,uncalibrated_class1_probability,,93d3892b158c35eccfadc27c879754db69ea5293782492ee5d4ff01a33bff983
S0,W2-3500791b067f2ff6b7d10c3b,BASE_TRAIN,0,0,LG-N1-719db5751e5e6d981d8455d8,12,0.3343717212104801,uncalibrated_class1_probability,,93d3892b158c35eccfadc27c879754db69ea5293782492ee5d4ff01a33bff983
S0,W2-3516b6590258e0cec95eff08,BASE_TRAIN,0,1,LG-N1-e56d2636a8b917aafe359c2a,34,0.7125292652431822,uncalibrated_class1_probability,,93d3892b158c35eccfadc27c879754db69ea5293782492ee5d4ff01a33bff983
S0,W2-351e8f6a85aaee27a0b493a1,BASE_TRAIN,1,0,LG-N1-1adf6024f42c10da8c0d5913,9,0.04644602247748676,uncalibrated_class1_probability,,93d3892b158c35eccfadc27c879754db69ea5293782492ee5d4ff01a33bff983
S0,W2-354537df37f55badae7a30c6,BASE_TRAIN,4,0,LG-N1-9a25942a160da819d3210402,12,0.16557448720878806,uncalibrated_class1_probability,,93d3892b158c35eccfadc27c879754db69ea5293782492ee5d4ff01a33bff983
S0,W2-35d75f00ad21b9084a518802,BASE_TRAIN,1,0,LG-N1-2de21d1083495def31e59643,14,0.04782378271360998,uncalibrated_class1_probability,,93d3892b158c35eccfadc27c879754db69ea5293782492ee5d4ff01a33bff983
S0,W2-3632be8b8de437281078fae8,BASE_TRAIN,3,0,LG-N1-478b8af7cabdcc643da43166,12,0.1944391085975632,uncalibrated_class1_probability,,93d3892b158c35eccfadc27c879754db69ea5293782492ee5d4ff01a33bff983
S0,W2-36774097e708f141ce5f5e76,BASE_TRAIN,4,0,LG-N1-a8e425f82a8886f02cdd53b7,16,0.6443572276440508,uncalibrated_class1_probability,,93d3892b158c35eccfadc27c879754db69ea5293782492ee5d4ff01a33bff983
S0,W2-3697ecac0088ac0298a8f6a3,BASE_TRAIN,2,0,LG-N1-f659450e739e0c45114cb4c6,87,0.854413334549609,uncalibrated_class1_probability,,93d3892b158c35eccfadc27c879754db69ea5293782492ee5d4ff01a33bff983
S0,W2-36c5934d6596cd117c2a5c5c,BASE_TRAIN,3,0,LG-N1-cdd70bd2f03ff7654999516b,4,2.2741298661353735e-20,uncalibrated_class1_probability,,93d3892b158c35eccfadc27c879754db69ea5293782492ee5d4ff01a33bff983
S0,W2-36c771897217bc76004ffb83,BASE_TRAIN,3,0,LG-N1-f2d650dd8ed7627c73545d18,16,0.511148298881986,uncalibrated_class1_probability,,93d3892b158c35eccfadc27c879754db69ea5293782492ee5d4ff01a33bff983
S0,W2-36d08d90e8c79fa2f558c4c7,BASE_TRAIN,2,0,LG-N1-10d9dcce46cb629819209fd6,17,0.6002604769330764,uncalibrated_class1_probability,,93d3892b158c35eccfadc27c879754db69ea5293782492ee5d4ff01a33bff983
S0,W2-3701596b53ad7fab261e2454,BASE_TRAIN,4,0,LG-N1-ddeaac4812a535030c0e06dc,11,0.1856132445974948,uncalibrated_class1_probability,,93d3892b158c35eccfadc27c879754db69ea5293782492ee5d4ff01a33bff983
S0,W2-3762ec19d723959b3c4da801,BASE_TRAIN,1,0,LG-N1-3f8fc5d202d3ba5012f075c1,17,0.29199152982200605,uncalibrated_class1_probability,,93d3892b158c35eccfadc27c879754db69ea5293782492ee5d4ff01a33bff983
S0,W2-3763f9076834a3f9fcf99806,BASE_TRAIN,3,0,LG-N1-d050bd249ca442ac1350b43e,17,0.23507511834276368,uncalibrated_class1_probability,,93d3892b158c35eccfadc27c879754db69ea5293782492ee5d4ff01a33bff983
S0,W2-378b29562a68a9eb6bd0660d,BASE_TRAIN,1,0,LG-N1-5ef309dc59abf1fb20ee44d9,10,0.2953143012294638,uncalibrated_class1_probability,,93d3892b158c35eccfadc27c879754db69ea5293782492ee5d4ff01a33bff983
S0,W2-378c9c49d03bef58a01e2e44,BASE_TRAIN,1,0,LG-N1-232655db463d8fd0d8ad7ce8,10,0.07947416604783279,uncalibrated_class1_probability,,93d3892b158c35eccfadc27c879754db69ea5293782492ee5d4ff01a33bff983
S0,W2-37c8ee81416c71f65751d37c,BASE_TRAIN,1,0,LG-N1-9fd5885790294433dfc0ed9a,17,0.5063532763256339,uncalibrated_class1_probability,,93d3892b158c35eccfadc27c879754db69ea5293782492ee5d4ff01a33bff983
S0,W2-3818e07c253019ab00c02269,BASE_TRAIN,2,0,LG-N1-859e8654f4d6bf33805ba164,15,0.14465991211002066,uncalibrated_class1_probability,,93d3892b158c35eccfadc27c879754db69ea5293782492ee5d4ff01a33bff983
S0,W2-383674ea64091b6f022179c0,BASE_TRAIN,0,0,LG-N1-d080d9d94cc099f3336cfde6,11,0.16137226188704407,uncalibrated_class1_probability,,93d3892b158c35eccfadc27c879754db69ea5293782492ee5d4ff01a33bff983
S0,W2-385ffdcf65e7a4277d80be06,BASE_TRAIN,0,0,LG-N1-792b75e847bd71a6cf97972d,15,0.2290674072534105,uncalibrated_class1_probability,,93d3892b158c35eccfadc27c879754db69ea5293782492ee5d4ff01a33bff983
S0,W2-387255769f9e7fe2b20a7c00,BASE_TRAIN,3,0,LG-N1-6da606faae72f11b36f513db,7,0.07210644552601883,uncalibrated_class1_probability,,93d3892b158c35eccfadc27c879754db69ea5293782492ee5d4ff01a33bff983
S0,W2-387736d401c8449aa3a09035,BASE_TRAIN,4,1,LG-N1-e3504b23ffe26bfca61b894a,7,0.3188735660807054,uncalibrated_class1_probability,,93d3892b158c35eccfadc27c879754db69ea5293782492ee5d4ff01a33bff983
S0,W2-38a024307c4c2d5ac89611ef,BASE_TRAIN,4,0,LG-N1-aedb0f0ee160e8c261ff71b6,15,0.2905150971141815,uncalibrated_class1_probability,,93d3892b158c35eccfadc27c879754db69ea5293782492ee5d4ff01a33bff983
S0,W2-38d00ef51a154c100280a0ed,BASE_TRAIN,3,0,LG-N1-ab2be04832c6378c49e65136,6,0.013226826903750495,uncalibrated_class1_probability,,93d3892b158c35eccfadc27c879754db69ea5293782492ee5d4ff01a33bff983
S0,W2-38d71cd23ce34ede64da4c5c,BASE_TRAIN,4,0,LG-N1-477af9ddc108ca4a55d0c7b8,14,0.281553458801938,uncalibrated_class1_probability,,93d3892b158c35eccfadc27c879754db69ea5293782492ee5d4ff01a33bff983
S0,W2-38ef342d1eb17088b9a9e738,BASE_TRAIN,3,0,LG-N1-243a8443f04f6b78abd8fa8f,11,0.25611294165926457,uncalibrated_class1_probability,,93d3892b158c35eccfadc27c879754db69ea5293782492ee5d4ff01a33bff983
S0,W2-39070bc2b83e6fdcade4f483,BASE_TRAIN,0,0,LG-N1-ab065582d5e3fd5ff4719fa6,13,0.3216190783086602,uncalibrated_class1_probability,,93d3892b158c35eccfadc27c879754db69ea5293782492ee5d4ff01a33bff983
S0,W2-39166be3816cc6b85549bed6,BASE_TRAIN,2,0,LG-N1-fbe9bc65a91188acc2e0261d,15,0.2994271546535131,uncalibrated_class1_probability,,93d3892b158c35eccfadc27c879754db69ea5293782492ee5d4ff01a33bff983
S0,W2-3934dbc180e89391191e1293,BASE_TRAIN,2,0,LG-N1-0920e72061fbfa8f3e8ac14c,8,0.041103438962339436,uncalibrated_class1_probability,,93d3892b158c35eccfadc27c879754db69ea5293782492ee5d4ff01a33bff983
S0,W2-394f2e39d1193c63fe69b3cd,BASE_TRAIN,0,0,LG-N1-661ddef2c90583e452e9d588,10,0.03669726822153872,uncalibrated_class1_probability,,93d3892b158c35eccfadc27c879754db69ea5293782492ee5d4ff01a33bff983
S0,W2-396f4df2c11ebb1539d957ed,BASE_TRAIN,1,0,LG-N1-25b350ec45c1b8cc99c7e614,18,0.6786815135560003,uncalibrated_class1_probability,,93d3892b158c35eccfadc27c879754db69ea5293782492ee5d4ff01a33bff983
S0,W2-397c1652d9ce3cd47f47c734,BASE_TRAIN,4,0,LG-N1-ab23889b064310996498223a,14,0.19533022515178872,uncalibrated_class1_probability,,93d3892b158c35eccfadc27c879754db69ea5293782492ee5d4ff01a33bff983
S0,W2-397da796e450459084eadee5,BASE_TRAIN,1,0,LG-N1-22954358097911ef24e160b5,25,0.8664055710465529,uncalibrated_class1_probability,,93d3892b158c35eccfadc27c879754db69ea5293782492ee5d4ff01a33bff983
S0,W2-3996bf571a873a9a1141fbf5,BASE_TRAIN,4,0,LG-N1-391d7a83d0c1f9078c0c93af,12,0.27364030409473805,uncalibrated_class1_probability,,93d3892b158c35eccfadc27c879754db69ea5293782492ee5d4ff01a33bff983
S0,W2-3a273a1e3a038bc7c8eace0d,BASE_TRAIN,0,1,LG-N1-3ef3c795f71e3a598b3553fe,42,0.9039653243878242,uncalibrated_class1_probability,,93d3892b158c35eccfadc27c879754db69ea5293782492ee5d4ff01a33bff983
S0,W2-3a3c308c17df903acb2c31fe,BASE_TRAIN,4,0,LG-N1-f3ae372b7783814faa0093df,68,0.8679540875178577,uncalibrated_class1_probability,,93d3892b158c35eccfadc27c879754db69ea5293782492ee5d4ff01a33bff983
S0,W2-3a49bfeadb180770fe0da23a,BASE_TRAIN,1,0,LG-N1-2e00117dffc0b8931732fcdf,11,0.1021481311068385,uncalibrated_class1_probability,,93d3892b158c35eccfadc27c879754db69ea5293782492ee5d4ff01a33bff983
S0,W2-3af27f5bee00160a63dd5014,BASE_TRAIN,0,0,LG-N1-9334f0b27af9e014c86a2395,13,0.16804538004143138,uncalibrated_class1_probability,,93d3892b158c35eccfadc27c879754db69ea5293782492ee5d4ff01a33bff983
S0,W2-3b1196748ebf2e72ab8dff25,BASE_TRAIN,4,0,LG-N1-f6ac75e79663bdad2eaed386,10,0.09686988608728889,uncalibrated_class1_probability,,93d3892b158c35eccfadc27c879754db69ea5293782492ee5d4ff01a33bff983
S0,W2-3b21399bb14c96b20ff45082,BASE_TRAIN,3,0,LG-N1-4d9c2b866d64dba9f2ccb3c0,7,0.031883576697203146,uncalibrated_class1_probability,,93d3892b158c35eccfadc27c879754db69ea5293782492ee5d4ff01a33bff983
S0,W2-3b3700954f59845d7dae65a4,BASE_TRAIN,2,0,LG-N1-b05d14503041760a08dd1806,10,0.593073426148567,uncalibrated_class1_probability,,93d3892b158c35eccfadc27c879754db69ea5293782492ee5d4ff01a33bff983
S0,W2-3b69e736d979c931c332b60e,BASE_TRAIN,3,0,LG-N1-476311bd17985f5f21c1a595,14,0.1461336882307397,uncalibrated_class1_probability,,93d3892b158c35eccfadc27c879754db69ea5293782492ee5d4ff01a33bff983
S0,W2-3c1834dbd3f9696bc5f39b5c,BASE_TRAIN,4,0,LG-N1-7708a107acd9b85e7a53f12f,15,0.17587646804484075,uncalibrated_class1_probability,,93d3892b158c35eccfadc27c879754db69ea5293782492ee5d4ff01a33bff983
S0,W2-3c39f4b27e22877298cdb8f3,BASE_TRAIN,2,0,LG-N1-d320302aab615593df94c234,11,0.1789767402729081,uncalibrated_class1_probability,,93d3892b158c35eccfadc27c879754db69ea5293782492ee5d4ff01a33bff983
S0,W2-3c55f35cfb822348ea28f81f,BASE_TRAIN,4,0,LG-N1-279142101d669ded243f02ce,11,0.1620278874157837,uncalibrated_class1_probability,,93d3892b158c35eccfadc27c879754db69ea5293782492ee5d4ff01a33bff983
S0,W2-3c70cf8cb518ea237309e896,BASE_TRAIN,2,0,LG-N1-87e834aaa561dc3d8dcc19a0,19,0.7213596773879137,uncalibrated_class1_probability,,93d3892b158c35eccfadc27c879754db69ea5293782492ee5d4ff01a33bff983
S0,W2-3c774fc7e7cea0e536842504,BASE_TRAIN,2,0,LG-N1-31c93696f5cca0bcc01d4377,12,0.10049468157267011,uncalibrated_class1_probability,,93d3892b158c35eccfadc27c879754db69ea5293782492ee5d4ff01a33bff983
S0,W2-3cc0e4a42a9ef53166e20c05,BASE_TRAIN,3,0,LG-N1-b2f27f8e3b2aa080cd4a22e5,10,0.09182843884470149,uncalibrated_class1_probability,,93d3892b158c35eccfadc27c879754db69ea5293782492ee5d4ff01a33bff983
S0,W2-3df12f3466b8930786cfca28,BASE_TRAIN,3,0,LG-N1-954b8d7f64ea19c602bd541a,7,0.02239987829854502,uncalibrated_class1_probability,,93d3892b158c35eccfadc27c879754db69ea5293782492ee5d4ff01a33bff983
S0,W2-3e4f5a750f03f14190697515,BASE_TRAIN,3,1,LG-N1-4deb92a7f359c64a37eaae51,42,0.867802508351324,uncalibrated_class1_probability,,93d3892b158c35eccfadc27c879754db69ea5293782492ee5d4ff01a33bff983
S0,W2-3e89e08229e5e7bd4734f892,BASE_TRAIN,4,1,LG-N1-22e10bf6fa3a468d39a7e793,11,0.05950287761713602,uncalibrated_class1_probability,,93d3892b158c35eccfadc27c879754db69ea5293782492ee5d4ff01a33bff983
S0,W2-3e8e6ac4a78592c53046c0d3,BASE_TRAIN,4,0,LG-N1-a3d50a3f99c9eabe4f1ff598,29,0.6693921622422896,uncalibrated_class1_probability,,93d3892b158c35eccfadc27c879754db69ea5293782492ee5d4ff01a33bff983
S0,W2-3f0944657edccd8f3d60d506,BASE_TRAIN,2,1,LG-N1-9691170ad4a8a6bbc4078ea2,135,0.9590332520680134,uncalibrated_class1_probability,,93d3892b158c35eccfadc27c879754db69ea5293782492ee5d4ff01a33bff983
S0,W2-3f1cc89107b926c466d65acf,BASE_TRAIN,1,0,LG-N1-a388b2894a8d0ac56fef747d,6,0.0005750799772375732,uncalibrated_class1_probability,,93d3892b158c35eccfadc27c879754db69ea5293782492ee5d4ff01a33bff983
S0,W2-3f72c5a156b02d6d0bda69b0,BASE_TRAIN,2,0,LG-N1-100ac6ae9948248ed4479fdf,6,0.0014875715505844168,uncalibrated_class1_probability,,93d3892b158c35eccfadc27c879754db69ea5293782492ee5d4ff01a33bff983
S0,W2-3f8b215888b909b4e0641e5b,BASE_TRAIN,3,0,LG-N1-b6c1cb9e95874cc872578823,16,0.2218532927350035,uncalibrated_class1_probability,,93d3892b158c35eccfadc27c879754db69ea5293782492ee5d4ff01a33bff983
S0,W2-3f90d51ecfe30bdfef3b2b96,BASE_TRAIN,1,0,LG-N1-cf10fcdae427ef62c74055e9,14,0.14327748792941244,uncalibrated_class1_probability,,93d3892b158c35eccfadc27c879754db69ea5293782492ee5d4ff01a33bff983
S0,W2-40409c0f82465f8efe807ca0,BASE_TRAIN,2,0,LG-N1-d407ea115c748bf8d8df33db,27,0.732878182353864,uncalibrated_class1_probability,,93d3892b158c35eccfadc27c879754db69ea5293782492ee5d4ff01a33bff983
S0,W2-40888203fdceb846c450c80b,BASE_TRAIN,3,0,LG-N1-f5b5c28b2588f311729e49cc,23,0.5828906255486098,uncalibrated_class1_probability,,93d3892b158c35eccfadc27c879754db69ea5293782492ee5d4ff01a33bff983
S0,W2-40ab5396ee2d806f6c5dd012,BASE_TRAIN,1,0,LG-N1-e289cafaac0282d4ce915a71,13,0.11063158967337132,uncalibrated_class1_probability,,93d3892b158c35eccfadc27c879754db69ea5293782492ee5d4ff01a33bff983
S0,W2-40c27e95ba9d1e2070e7293d,BASE_TRAIN,4,0,LG-N1-12e21b47ca1a7d27ea217011,32,0.5193359830358208,uncalibrated_class1_probability,,93d3892b158c35eccfadc27c879754db69ea5293782492ee5d4ff01a33bff983
S0,W2-41359c7265208f3adc4da8c0,BASE_TRAIN,2,0,LG-N1-11281273c88cd6e2ba474863,62,0.900929825754314,uncalibrated_class1_probability,,93d3892b158c35eccfadc27c879754db69ea5293782492ee5d4ff01a33bff983
S0,W2-414a5e1142dd21b915cf1f19,BASE_TRAIN,3,0,LG-N1-811e0804c2bfee0e8fc6ecee,10,0.20301934141715836,uncalibrated_class1_probability,,93d3892b158c35eccfadc27c879754db69ea5293782492ee5d4ff01a33bff983
S0,W2-419ddb7a668fb5d964bb573c,BASE_TRAIN,2,0,LG-N1-d9f8dce009bbac3f11c6d5b7,13,0.3119739100514578,uncalibrated_class1_probability,,93d3892b158c35eccfadc27c879754db69ea5293782492ee5d4ff01a33bff983
S0,W2-424dc5b98bc93fadaf5608f2,BASE_TRAIN,2,0,LG-N1-782c510c28c2e5acd0c64445,5,0.005306069590226866,uncalibrated_class1_probability,,93d3892b158c35eccfadc27c879754db69ea5293782492ee5d4ff01a33bff983
S0,W2-427404392d70ee08a35328d1,BASE_TRAIN,4,0,LG-N1-2b97be7b81656218ea460698,44,0.6459786638302436,uncalibrated_class1_probability,,93d3892b158c35eccfadc27c879754db69ea5293782492ee5d4ff01a33bff983
S0,W2-429fac0673af3f09eda9398f,BASE_TRAIN,3,0,LG-N1-21c5057d090e39a17b5d971b,12,0.25545476331758776,uncalibrated_class1_probability,,93d3892b158c35eccfadc27c879754db69ea5293782492ee5d4ff01a33bff983
S0,W2-42eb0e3be3e6143340ce6d39,BASE_TRAIN,2,0,LG-N1-48754fb21b319eeebeba91f9,9,0.18342212687175868,uncalibrated_class1_probability,,93d3892b158c35eccfadc27c879754db69ea5293782492ee5d4ff01a33bff983
S0,W2-42fbfac01057aebb6ef4fe2c,BASE_TRAIN,2,0,LG-N1-c190e8be241396d6fb934a8e,13,0.22735749603346403,uncalibrated_class1_probability,,93d3892b158c35eccfadc27c879754db69ea5293782492ee5d4ff01a33bff983
S0,W2-4316f71a27854f4fa898bd76,BASE_TRAIN,3,1,LG-N1-53d5f573f27c925088c16386,47,0.9750128111864317,uncalibrated_class1_probability,,93d3892b158c35eccfadc27c879754db69ea5293782492ee5d4ff01a33bff983
S0,W2-435e7bb9cf27fb9585c70b9b,BASE_TRAIN,0,0,LG-N1-3005bc98ac516ff3da65f136,12,0.0507998067866145,uncalibrated_class1_probability,,93d3892b158c35eccfadc27c879754db69ea5293782492ee5d4ff01a33bff983
S0,W2-435f7821306b4bff29bf4600,BASE_TRAIN,0,0,LG-N1-ce2e8e4d42199db0af1443d4,7,0.25767551637231184,uncalibrated_class1_probability,,93d3892b158c35eccfadc27c879754db69ea5293782492ee5d4ff01a33bff983
S0,W2-43ee67bad7e01dc935dba53c,BASE_TRAIN,2,0,LG-N1-e69bc268810b1c192e067ba4,12,0.11739925892554225,uncalibrated_class1_probability,,93d3892b158c35eccfadc27c879754db69ea5293782492ee5d4ff01a33bff983
S0,W2-440466243ecafdd6f26aa36a,BASE_TRAIN,0,0,LG-N1-38fbf72963a32bee51b62a3b,8,0.04708345557043444,uncalibrated_class1_probability,,93d3892b158c35eccfadc27c879754db69ea5293782492ee5d4ff01a33bff983
S0,W2-442b623ea6bec1942c62f398,BASE_TRAIN,0,0,LG-N1-533096d73948b7e52c256bf3,7,0.060742937877285644,uncalibrated_class1_probability,,93d3892b158c35eccfadc27c879754db69ea5293782492ee5d4ff01a33bff983
S0,W2-44390a9e52eee7d1940fd218,BASE_TRAIN,1,1,LG-N1-626ad4fa0daf52189b5265d6,33,0.975161159717957,uncalibrated_class1_probability,,93d3892b158c35eccfadc27c879754db69ea5293782492ee5d4ff01a33bff983
S0,W2-4470e45ab7547d6307fd8b6b,BASE_TRAIN,4,1,LG-N1-55c112a3ccd47d1a8840b5fd,32,0.7539164325842834,uncalibrated_class1_probability,,93d3892b158c35eccfadc27c879754db69ea5293782492ee5d4ff01a33bff983
S0,W2-4493440ffd5d7c684fe71759,BASE_TRAIN,0,0,LG-N1-d2a10b50fbe7cf727f0c5b8f,5,8.734120757519007e-08,uncalibrated_class1_probability,,93d3892b158c35eccfadc27c879754db69ea5293782492ee5d4ff01a33bff983
S0,W2-44c9856079adb58624a0e103,BASE_TRAIN,3,0,LG-N1-ee306b00e5780a89315b0281,13,0.3631900398637245,uncalibrated_class1_probability,,93d3892b158c35eccfadc27c879754db69ea5293782492ee5d4ff01a33bff983
S0,W2-454d721c43d5540375d8223e,BASE_TRAIN,0,0,LG-N1-df2faad895df6026132d3b3d,5,6.103871748800846e-10,uncalibrated_class1_probability,,93d3892b158c35eccfadc27c879754db69ea5293782492ee5d4ff01a33bff983
S0,W2-45ad723d7d88ced23e2cb927,BASE_TRAIN,1,0,LG-N1-87445eb9cd8ae523fc184530,7,0.00024397893847338548,uncalibrated_class1_probability,,93d3892b158c35eccfadc27c879754db69ea5293782492ee5d4ff01a33bff983
S0,W2-45cf8fc92889d9ec4d3f506b,BASE_TRAIN,2,0,LG-N1-2716ec53e45e4d323372f07a,8,0.0989216863286787,uncalibrated_class1_probability,,93d3892b158c35eccfadc27c879754db69ea5293782492ee5d4ff01a33bff983
S0,W2-45e668b381769163efdca2b6,BASE_TRAIN,3,0,LG-N1-a365ef57aac63372c5fce171,9,0.3043197192127434,uncalibrated_class1_probability,,93d3892b158c35eccfadc27c879754db69ea5293782492ee5d4ff01a33bff983
S0,W2-4647a89ff0e9d942f9eef445,BASE_TRAIN,1,0,LG-N1-c1d031579750e82055e48ef3,27,0.4577662127735077,uncalibrated_class1_probability,,93d3892b158c35eccfadc27c879754db69ea5293782492ee5d4ff01a33bff983
S0,W2-46814d24e2df8348e705e47e,BASE_TRAIN,2,0,LG-N1-008429d315e5c38b6d837fb2,13,0.3230117045691536,uncalibrated_class1_probability,,93d3892b158c35eccfadc27c879754db69ea5293782492ee5d4ff01a33bff983
S0,W2-4685ec350a45db4feb88b774,BASE_TRAIN,1,0,LG-N1-f4cfb64bb09c8c3c9e658b24,14,0.12442081783819406,uncalibrated_class1_probability,,93d3892b158c35eccfadc27c879754db69ea5293782492ee5d4ff01a33bff983
S0,W2-46dc1c282be75c6f8eee4e61,BASE_TRAIN,2,1,LG-N1-3d61cc5490600c1ac4bba4fd,38,0.8213736177340425,uncalibrated_class1_probability,,93d3892b158c35eccfadc27c879754db69ea5293782492ee5d4ff01a33bff983
S0,W2-4703c827057d3994c02383b0,BASE_TRAIN,4,0,LG-N1-7ef19e62281f3faac0b2c855,14,0.13530909624263726,uncalibrated_class1_probability,,93d3892b158c35eccfadc27c879754db69ea5293782492ee5d4ff01a33bff983
S0,W2-47089a2fc0d3fd9ab488899b,BASE_TRAIN,1,1,LG-N1-22771f79261b42d6c0cc003b,19,0.7718377784886788,uncalibrated_class1_probability,,93d3892b158c35eccfadc27c879754db69ea5293782492ee5d4ff01a33bff983
S0,W2-4719dbce07f5c4a6b56ce8ce,BASE_TRAIN,4,0,LG-N1-0a76a28b958cd05b7cbb45f4,83,0.9369048870399924,uncalibrated_class1_probability,,93d3892b158c35eccfadc27c879754db69ea5293782492ee5d4ff01a33bff983
S0,W2-475f0fd69738567be6e309cd,BASE_TRAIN,1,0,LG-N1-93456894db017212efedffca,20,0.43263766065274706,uncalibrated_class1_probability,,93d3892b158c35eccfadc27c879754db69ea5293782492ee5d4ff01a33bff983
S0,W2-478a3d413669bd464929ed14,BASE_TRAIN,3,1,LG-N1-44069bb14019a1bf9e1b66be,57,0.984796754272664,uncalibrated_class1_probability,,93d3892b158c35eccfadc27c879754db69ea5293782492ee5d4ff01a33bff983
S0,W2-47b5f14a2445ad21ad1055bc,BASE_TRAIN,4,0,LG-N1-ae1c3062c2d023bf7511d3a4,11,0.2482826157960638,uncalibrated_class1_probability,,93d3892b158c35eccfadc27c879754db69ea5293782492ee5d4ff01a33bff983
S0,W2-47f2a17839386e57ef52fc16,BASE_TRAIN,0,0,LG-N1-1e4a034b286ab4fc6720a38f,31,0.901166523652466,uncalibrated_class1_probability,,93d3892b158c35eccfadc27c879754db69ea5293782492ee5d4ff01a33bff983
S0,W2-482a3f739792ff3007226025,BASE_TRAIN,0,0,LG-N1-7db365cba1a59b2375c5844c,22,0.34931450190014557,uncalibrated_class1_probability,,93d3892b158c35eccfadc27c879754db69ea5293782492ee5d4ff01a33bff983
S0,W2-48466d88097c16857d27eb6b,BASE_TRAIN,2,0,LG-N1-3db562d261f136f0aa0f5b6e,26,0.4740968908532595,uncalibrated_class1_probability,,93d3892b158c35eccfadc27c879754db69ea5293782492ee5d4ff01a33bff983
S0,W2-48a998bbc23a5177d60f1813,BASE_TRAIN,3,0,LG-N1-51bdb97f8a15f3656ae93bba,11,0.0457123296941551,uncalibrated_class1_probability,,93d3892b158c35eccfadc27c879754db69ea5293782492ee5d4ff01a33bff983
S0,W2-492ed671a5833ef8338f49e6,BASE_TRAIN,2,0,LG-N1-98895ee9681ca0401f772df1,7,0.043214595668141606,uncalibrated_class1_probability,,93d3892b158c35eccfadc27c879754db69ea5293782492ee5d4ff01a33bff983
S0,W2-4988c77373956aac9252468f,BASE_TRAIN,4,1,LG-N1-9c16fb704840776c16c204e3,38,0.9584152314480451,uncalibrated_class1_probability,,93d3892b158c35eccfadc27c879754db69ea5293782492ee5d4ff01a33bff983
S0,W2-499c791965f63d94fdfc63ef,BASE_TRAIN,4,0,LG-N1-cbe0e4abe05c8037ce4c8aff,11,0.06573797313421063,uncalibrated_class1_probability,,93d3892b158c35eccfadc27c879754db69ea5293782492ee5d4ff01a33bff983
S0,W2-49b9cdc579dc7b729e2dc96f,BASE_TRAIN,0,0,LG-N1-7c767e18982a4279a6bb3e84,10,0.17378239419371508,uncalibrated_class1_probability,,93d3892b158c35eccfadc27c879754db69ea5293782492ee5d4ff01a33bff983
S0,W2-49d093bf51f596b972c7999c,BASE_TRAIN,2,0,LG-N1-c2e0c6adc3bce2d9cfafb449,10,0.12402830725088115,uncalibrated_class1_probability,,93d3892b158c35eccfadc27c879754db69ea5293782492ee5d4ff01a33bff983
S0,W2-49dd8e41e6e99c24c874f285,BASE_TRAIN,3,0,LG-N1-06badf44ecdfc4209cbaed0b,9,0.18308304387890514,uncalibrated_class1_probability,,93d3892b158c35eccfadc27c879754db69ea5293782492ee5d4ff01a33bff983
S0,W2-4a16f5832ec60eff8daff518,BASE_TRAIN,3,0,LG-N1-83713fe7e0eb5cb98820e91b,12,0.06743591225703009,uncalibrated_class1_probability,,93d3892b158c35eccfadc27c879754db69ea5293782492ee5d4ff01a33bff983
S0,W2-4a743a31ffbb8adfff1d3bc6,BASE_TRAIN,1,1,LG-N1-2b226c8b780a10528b9209c8,62,0.9346305837341851,uncalibrated_class1_probability,,93d3892b158c35eccfadc27c879754db69ea5293782492ee5d4ff01a33bff983
S0,W2-4a78e5eca8c57f058da938a4,BASE_TRAIN,0,0,LG-N1-5845d8fd861db22bc4bbf5bb,11,0.04917957093616791,uncalibrated_class1_probability,,93d3892b158c35eccfadc27c879754db69ea5293782492ee5d4ff01a33bff983
S0,W2-4a943c913bf4b25be1ae1424,BASE_TRAIN,4,0,LG-N1-b12d5c258e54ea61e0ec9953,15,0.21891784546412393,uncalibrated_class1_probability,,93d3892b158c35eccfadc27c879754db69ea5293782492ee5d4ff01a33bff983
S0,W2-4abb2dd48ec62f908edf0fa4,BASE_TRAIN,0,1,LG-N1-58694cacd0d2ff62b89cc74d,14,0.4487260264525581,uncalibrated_class1_probability,,93d3892b158c35eccfadc27c879754db69ea5293782492ee5d4ff01a33bff983
S0,W2-4ac856b53a718fee46ece55e,BASE_TRAIN,0,0,LG-N1-911c382f3e75d5f321c1deb2,7,0.04504448562730899,uncalibrated_class1_probability,,93d3892b158c35eccfadc27c879754db69ea5293782492ee5d4ff01a33bff983
S0,W2-4af49e041612715e6fb179a6,BASE_TRAIN,4,0,LG-N1-f3bc3a8f2cf773d06b3d6203,14,0.4354209653471846,uncalibrated_class1_probability,,93d3892b158c35eccfadc27c879754db69ea5293782492ee5d4ff01a33bff983
S0,W2-4af96a8d350747639cea42c0,BASE_TRAIN,1,0,LG-N1-9235081d04690db652bc3ca2,8,0.03016638863848813,uncalibrated_class1_probability,,93d3892b158c35eccfadc27c879754db69ea5293782492ee5d4ff01a33bff983
S0,W2-4b1d1f6b25ddb7f92340e9e0,BASE_TRAIN,2,1,LG-N1-66e8d6501a7a537ac468ca16,252,0.9998019726335047,uncalibrated_class1_probability,,93d3892b158c35eccfadc27c879754db69ea5293782492ee5d4ff01a33bff983
S0,W2-4b25da90c862d04acb922a8b,BASE_TRAIN,1,0,LG-N1-b2c6def33363fd2435bd1d78,10,0.06877383063052056,uncalibrated_class1_probability,,93d3892b158c35eccfadc27c879754db69ea5293782492ee5d4ff01a33bff983
S0,W2-4b3b543df8ec84c5cbe71574,BASE_TRAIN,2,0,LG-N1-dd2cd5add665e1c57f07a1ee,12,0.2124608350380115,uncalibrated_class1_probability,,93d3892b158c35eccfadc27c879754db69ea5293782492ee5d4ff01a33bff983
S0,W2-4b4aa1588ebeb625fde23199,BASE_TRAIN,0,0,LG-N1-60abd55a3d2bde59e3d52ac9,15,0.11438766305206545,uncalibrated_class1_probability,,93d3892b158c35eccfadc27c879754db69ea5293782492ee5d4ff01a33bff983
S0,W2-4c0d57a61d2cdbc9b9447635,BASE_TRAIN,4,1,LG-N1-309f0f02da4a6c8a69595f6a,22,0.8921913306071643,uncalibrated_class1_probability,,93d3892b158c35eccfadc27c879754db69ea5293782492ee5d4ff01a33bff983
S0,W2-4c39360b1888d3fe21b5bb77,BASE_TRAIN,1,0,LG-N1-8b30ab93ef3f65a1d5b27233,7,0.06212561893622205,uncalibrated_class1_probability,,93d3892b158c35eccfadc27c879754db69ea5293782492ee5d4ff01a33bff983
S0,W2-4caab1d8aeb0ac92fd3613f6,BASE_TRAIN,3,0,LG-N1-2ca642b76f9deb2bc61e9254,37,0.7793657530855901,uncalibrated_class1_probability,,93d3892b158c35eccfadc27c879754db69ea5293782492ee5d4ff01a33bff983
S0,W2-4cb2756da4a3935b0afecdb1,BASE_TRAIN,4,0,LG-N1-e39499c80dee790eefc86451,11,0.2228904924048512,uncalibrated_class1_probability,,93d3892b158c35eccfadc27c879754db69ea5293782492ee5d4ff01a33bff983
S0,W2-4cc5b3a365238738294de097,BASE_TRAIN,2,0,LG-N1-a9fd3046fca24b27bc70b41d,13,0.16250949242663593,uncalibrated_class1_probability,,93d3892b158c35eccfadc27c879754db69ea5293782492ee5d4ff01a33bff983
S0,W2-4ce753b37f21c76efbcc2674,BASE_TRAIN,4,0,LG-N1-92e90087b2f57d082b5cd222,13,0.456833125976551,uncalibrated_class1_probability,,93d3892b158c35eccfadc27c879754db69ea5293782492ee5d4ff01a33bff983
S0,W2-4d272561f2268e2f3a3c162c,BASE_TRAIN,4,0,LG-N1-cafa5f5169719af851f49f0a,12,0.02692156390653745,uncalibrated_class1_probability,,93d3892b158c35eccfadc27c879754db69ea5293782492ee5d4ff01a33bff983
S0,W2-4d5916ec7885df06e0164601,BASE_TRAIN,4,0,LG-N1-75ba0ad652e16d6e18376444,43,0.6467901784885934,uncalibrated_class1_probability,,93d3892b158c35eccfadc27c879754db69ea5293782492ee5d4ff01a33bff983
S0,W2-4d5dbf78be5864342011e2da,BASE_TRAIN,0,0,LG-N1-b2097a697185ff63a4b9a91e,10,0.03543920020742357,uncalibrated_class1_probability,,93d3892b158c35eccfadc27c879754db69ea5293782492ee5d4ff01a33bff983
S0,W2-4de7f11fce981102698ae72d,BASE_TRAIN,4,0,LG-N1-ab7994cf23d26593e9e11cc3,15,0.1736038125463698,uncalibrated_class1_probability,,93d3892b158c35eccfadc27c879754db69ea5293782492ee5d4ff01a33bff983
S0,W2-4e497cec6113b066303e74d0,BASE_TRAIN,3,0,LG-N1-9538dc84dc2ef877943abcea,13,0.07727985441083969,uncalibrated_class1_probability,,93d3892b158c35eccfadc27c879754db69ea5293782492ee5d4ff01a33bff983
S0,W2-4e7f240fe89bcce512d231a7,BASE_TRAIN,3,1,LG-N1-5d9bf779c6dbb97fa1d7c103,13,0.38403106034161816,uncalibrated_class1_probability,,93d3892b158c35eccfadc27c879754db69ea5293782492ee5d4ff01a33bff983
S0,W2-4ea3a3ca32b97754fdbb58e9,BASE_TRAIN,2,0,LG-N1-973b87f601e4235ff49b8474,7,0.011252288988379329,uncalibrated_class1_probability,,93d3892b158c35eccfadc27c879754db69ea5293782492ee5d4ff01a33bff983
S0,W2-4ebf92e7a325d8c653c245c0,BASE_TRAIN,3,0,LG-N1-d6bfa7fa05e667486c90e975,9,0.20732688890087977,uncalibrated_class1_probability,,93d3892b158c35eccfadc27c879754db69ea5293782492ee5d4ff01a33bff983
S0,W2-4f151e55b048d14d12f61fa8,BASE_TRAIN,2,0,LG-N1-364cb32cefb6bece30c40991,10,0.29523457027464617,uncalibrated_class1_probability,,93d3892b158c35eccfadc27c879754db69ea5293782492ee5d4ff01a33bff983
S0,W2-4f19629d6830eef9a7e2d5db,BASE_TRAIN,1,0,LG-N1-f70f3b843d79e7494f51e88b,8,0.04641943916315818,uncalibrated_class1_probability,,93d3892b158c35eccfadc27c879754db69ea5293782492ee5d4ff01a33bff983
S0,W2-4f6de2122e711b28975e9466,BASE_TRAIN,2,1,LG-N1-9bd7646ceadf4e6694def686,58,0.990705007389143,uncalibrated_class1_probability,,93d3892b158c35eccfadc27c879754db69ea5293782492ee5d4ff01a33bff983
S0,W2-4faadbfa0eb059121a13baa5,BASE_TRAIN,4,1,LG-N1-9214fc1b18b6a2a76a2575f4,50,0.9624216615472462,uncalibrated_class1_probability,,93d3892b158c35eccfadc27c879754db69ea5293782492ee5d4ff01a33bff983
S0,W2-4fb41b76bd0f9e4cb78454a7,BASE_TRAIN,2,0,LG-N1-451c20c2e57f065b591f5f1f,13,0.08065150021140169,uncalibrated_class1_probability,,93d3892b158c35eccfadc27c879754db69ea5293782492ee5d4ff01a33bff983
S0,W2-4fcbf32d47cc58188d19c5d9,BASE_TRAIN,4,0,LG-N1-29379db48a0a5498a629ad4f,14,0.28025830047491984,uncalibrated_class1_probability,,93d3892b158c35eccfadc27c879754db69ea5293782492ee5d4ff01a33bff983
S0,W2-50177e29dfeb9744102ff32a,BASE_TRAIN,0,0,LG-N1-b2da4e676c6784d3c4e5e27d,18,0.384874524312164,uncalibrated_class1_probability,,93d3892b158c35eccfadc27c879754db69ea5293782492ee5d4ff01a33bff983
S0,W2-506afda3b7f9105388f3cf0e,BASE_TRAIN,0,0,LG-N1-9cb50771e375d3cbd45e0924,13,0.24525101003147554,uncalibrated_class1_probability,,93d3892b158c35eccfadc27c879754db69ea5293782492ee5d4ff01a33bff983
S0,W2-506afe441773016a2fec7edf,BASE_TRAIN,4,0,LG-N1-6327ea07729462b1a92522b2,6,0.061932887941165936,uncalibrated_class1_probability,,93d3892b158c35eccfadc27c879754db69ea5293782492ee5d4ff01a33bff983
S0,W2-50f18f5146e07dafec94907e,BASE_TRAIN,1,0,LG-N1-a030458393b8df1a7de95f36,35,0.2706202838656466,uncalibrated_class1_probability,,93d3892b158c35eccfadc27c879754db69ea5293782492ee5d4ff01a33bff983
S0,W2-51256b1e2c8df67059db62f6,BASE_TRAIN,1,0,LG-N1-322ab56d093977a2137ad497,16,0.24534203658846424,uncalibrated_class1_probability,,93d3892b158c35eccfadc27c879754db69ea5293782492ee5d4ff01a33bff983
S0,W2-5125838b3a5d3af08c02e707,BASE_TRAIN,3,0,LG-N1-3f7377dd871ed28ad0c91478,12,0.27148910678073923,uncalibrated_class1_probability,,93d3892b158c35eccfadc27c879754db69ea5293782492ee5d4ff01a33bff983
S0,W2-5136aa26324b8c18b273f571,BASE_TRAIN,3,0,LG-N1-240ea4e314efecd5170adcd0,12,0.12470975861130484,uncalibrated_class1_probability,,93d3892b158c35eccfadc27c879754db69ea5293782492ee5d4ff01a33bff983
S0,W2-513c640c0e300202340b8619,BASE_TRAIN,3,0,LG-N1-93efcd7198041463d04defca,7,0.11895034580411161,uncalibrated_class1_probability,,93d3892b158c35eccfadc27c879754db69ea5293782492ee5d4ff01a33bff983
S0,W2-5165550aecb8c2097f5081e4,BASE_TRAIN,2,0,LG-N1-bd278d547695bd090213136b,7,0.020893170277582293,uncalibrated_class1_probability,,93d3892b158c35eccfadc27c879754db69ea5293782492ee5d4ff01a33bff983
S0,W2-518a9486657b857519d321ee,BASE_TRAIN,2,1,LG-N1-f450f86a27eec264642e4e19,290,0.9999183237089405,uncalibrated_class1_probability,,93d3892b158c35eccfadc27c879754db69ea5293782492ee5d4ff01a33bff983
S0,W2-519b4dda6b5c044bf7b80d0a,BASE_TRAIN,0,0,LG-N1-63d38b0ee83f6e34dc338f92,11,0.5225704395959686,uncalibrated_class1_probability,,93d3892b158c35eccfadc27c879754db69ea5293782492ee5d4ff01a33bff983
S0,W2-51b8cdd30d42365c2afb2e52,BASE_TRAIN,1,0,LG-N1-c6d0635c8307df1ca1a634aa,12,0.1815552165552661,uncalibrated_class1_probability,,93d3892b158c35eccfadc27c879754db69ea5293782492ee5d4ff01a33bff983
S0,W2-51bc239abc53c85f127e8ec2,BASE_TRAIN,4,1,LG-N1-71fa1798e3781e980804a225,21,0.8796884307997984,uncalibrated_class1_probability,,93d3892b158c35eccfadc27c879754db69ea5293782492ee5d4ff01a33bff983
S0,W2-5230b86ab28f40ee05bbbe21,BASE_TRAIN,3,0,LG-N1-da38fabe428415076413b8c4,47,0.6288581019446965,uncalibrated_class1_probability,,93d3892b158c35eccfadc27c879754db69ea5293782492ee5d4ff01a33bff983
S0,W2-523749f6368e3771b13b7bb2,BASE_TRAIN,2,0,LG-N1-f5b282a33c22a4c34b753478,7,0.05507306201455174,uncalibrated_class1_probability,,93d3892b158c35eccfadc27c879754db69ea5293782492ee5d4ff01a33bff983
S0,W2-525b9e99e885c183347fb031,BASE_TRAIN,4,0,LG-N1-71c2387a99cdeeebd579f15e,40,0.578453402314468,uncalibrated_class1_probability,,93d3892b158c35eccfadc27c879754db69ea5293782492ee5d4ff01a33bff983
S0,W2-5269896f929469225f5d9991,BASE_TRAIN,4,0,LG-N1-2c81c4f88ff5bcb7ea05984d,16,0.2513379558630413,uncalibrated_class1_probability,,93d3892b158c35eccfadc27c879754db69ea5293782492ee5d4ff01a33bff983
S0,W2-52984860724168e03b51cf2a,BASE_TRAIN,0,0,LG-N1-0cafa93a560f42113cb47114,26,0.80533862565227,uncalibrated_class1_probability,,93d3892b158c35eccfadc27c879754db69ea5293782492ee5d4ff01a33bff983
S0,W2-52cf8ee102900a10d6163ea6,BASE_TRAIN,1,0,LG-N1-8e4815971602274c6810b030,16,0.45722199472020725,uncalibrated_class1_probability,,93d3892b158c35eccfadc27c879754db69ea5293782492ee5d4ff01a33bff983
S0,W2-52d8e386bf44a61805ca8b13,BASE_TRAIN,2,0,LG-N1-3e35f0acb844cf5a1aac1731,15,0.4879604866401825,uncalibrated_class1_probability,,93d3892b158c35eccfadc27c879754db69ea5293782492ee5d4ff01a33bff983
S0,W2-531a66eb06c2ddcf56938b7a,BASE_TRAIN,2,0,LG-N1-94576dc658a417bd0e11922d,13,0.26970100385793144,uncalibrated_class1_probability,,93d3892b158c35eccfadc27c879754db69ea5293782492ee5d4ff01a33bff983
S0,W2-532dc948300157b0b4fd880a,BASE_TRAIN,4,0,LG-N1-c228e7c679a393df88959ab3,6,0.08484075568420611,uncalibrated_class1_probability,,93d3892b158c35eccfadc27c879754db69ea5293782492ee5d4ff01a33bff983
S0,W2-534c48d4215dfe79461c9c09,BASE_TRAIN,0,0,LG-N1-d577010dea2c028495d49d13,10,0.0671082110003362,uncalibrated_class1_probability,,93d3892b158c35eccfadc27c879754db69ea5293782492ee5d4ff01a33bff983
S0,W2-5379858b56ebb867141ce5b8,BASE_TRAIN,3,1,LG-N1-28dbd5c9b277b91f8af5d473,49,0.9149560668275624,uncalibrated_class1_probability,,93d3892b158c35eccfadc27c879754db69ea5293782492ee5d4ff01a33bff983
S0,W2-53a3b2e2688863f717152da3,BASE_TRAIN,2,0,LG-N1-84e3fd48d745b13cbca78491,13,0.16107576205479912,uncalibrated_class1_probability,,93d3892b158c35eccfadc27c879754db69ea5293782492ee5d4ff01a33bff983
S0,W2-53aaddc5fe4ee6f745c1d101,BASE_TRAIN,2,0,LG-N1-4b790d05026b9c1ea16a2b26,6,0.006728355111564815,uncalibrated_class1_probability,,93d3892b158c35eccfadc27c879754db69ea5293782492ee5d4ff01a33bff983
S0,W2-540d72c12d669c564cc83770,BASE_TRAIN,1,0,LG-N1-396a8f98f840d2cb826e9635,25,0.4353479085860451,uncalibrated_class1_probability,,93d3892b158c35eccfadc27c879754db69ea5293782492ee5d4ff01a33bff983
S0,W2-540f7844f9accc12f0f50ddf,BASE_TRAIN,4,1,LG-N1-0d2908125efb1cac0024a8cf,17,0.8268501278966632,uncalibrated_class1_probability,,93d3892b158c35eccfadc27c879754db69ea5293782492ee5d4ff01a33bff983
S0,W2-54116cfd138fe7094cc4c9ba,BASE_TRAIN,4,0,LG-N1-8b54f7592913c42de471c6e1,13,0.07615163308436732,uncalibrated_class1_probability,,93d3892b158c35eccfadc27c879754db69ea5293782492ee5d4ff01a33bff983
S0,W2-542fe2596fb04940a1466fbb,BASE_TRAIN,3,0,LG-N1-79c14632a71b9e77349d4b37,9,0.05478490733106491,uncalibrated_class1_probability,,93d3892b158c35eccfadc27c879754db69ea5293782492ee5d4ff01a33bff983
S0,W2-5452e91908f6a15210b1470e,BASE_TRAIN,3,0,LG-N1-681981a5cd1bdf204212650e,22,0.4612513674220104,uncalibrated_class1_probability,,93d3892b158c35eccfadc27c879754db69ea5293782492ee5d4ff01a33bff983
S0,W2-54b17c13ab2ee55c8d9f0b94,BASE_TRAIN,2,0,LG-N1-71729543bd7c1ac1c9e9ecae,53,0.49760466181462376,uncalibrated_class1_probability,,93d3892b158c35eccfadc27c879754db69ea5293782492ee5d4ff01a33bff983
S0,W2-550ee89dd535f5ea64f7b5c7,BASE_TRAIN,4,0,LG-N1-9ab0a915e35517b7d19a1b7c,6,0.0020603537733977608,uncalibrated_class1_probability,,93d3892b158c35eccfadc27c879754db69ea5293782492ee5d4ff01a33bff983
S0,W2-554974c2313f79293701cddc,BASE_TRAIN,0,0,LG-N1-92c2a99959e93e7bd26d824f,9,0.08595929412076538,uncalibrated_class1_probability,,93d3892b158c35eccfadc27c879754db69ea5293782492ee5d4ff01a33bff983
S0,W2-555a05d18e5d21a0350cb1fc,BASE_TRAIN,0,0,LG-N1-86c7b25dd91d5bff80bf3a9b,10,0.11179675471139894,uncalibrated_class1_probability,,93d3892b158c35eccfadc27c879754db69ea5293782492ee5d4ff01a33bff983
S0,W2-55ae73f05af0cad78904b24e,BASE_TRAIN,3,0,LG-N1-c0c6b3ebce58b74b902e3ef1,4,9.033189115908388e-05,uncalibrated_class1_probability,,93d3892b158c35eccfadc27c879754db69ea5293782492ee5d4ff01a33bff983
S0,W2-55f8f2aee558d6edb7282c90,BASE_TRAIN,2,0,LG-N1-8b847db42ac552acc9390546,9,0.01380465043692315,uncalibrated_class1_probability,,93d3892b158c35eccfadc27c879754db69ea5293782492ee5d4ff01a33bff983
S0,W2-562a88f83df77d1bd87b12ee,BASE_TRAIN,0,0,LG-N1-2102211b290423cb78136fe7,13,0.2854584296109746,uncalibrated_class1_probability,,93d3892b158c35eccfadc27c879754db69ea5293782492ee5d4ff01a33bff983
S0,W2-5673a84105de19109d297b00,BASE_TRAIN,4,0,LG-N1-b9882ffdd9231ab1e6cf8da6,10,0.35931027481649175,uncalibrated_class1_probability,,93d3892b158c35eccfadc27c879754db69ea5293782492ee5d4ff01a33bff983
S0,W2-568d4ef1b9af503cba1b85b9,BASE_TRAIN,3,0,LG-N1-77bd5e09b18cabc14998bd01,33,0.6102472922382982,uncalibrated_class1_probability,,93d3892b158c35eccfadc27c879754db69ea5293782492ee5d4ff01a33bff983
S0,W2-56b285696351dfe3576ebeea,BASE_TRAIN,4,0,LG-N1-4f94e1eb232d34f89f575fb2,7,0.023516632442271253,uncalibrated_class1_probability,,93d3892b158c35eccfadc27c879754db69ea5293782492ee5d4ff01a33bff983
S0,W2-56b842e1f07087d36f8ecaef,BASE_TRAIN,2,0,LG-N1-b677fbd20329fc80762711c2,4,0.04320668643169914,uncalibrated_class1_probability,,93d3892b158c35eccfadc27c879754db69ea5293782492ee5d4ff01a33bff983
S0,W2-56e021ac7bbc4801fed2dbf1,BASE_TRAIN,4,0,LG-N1-967ebb0dca35c4e5110ccae0,25,0.3290320175211457,uncalibrated_class1_probability,,93d3892b158c35eccfadc27c879754db69ea5293782492ee5d4ff01a33bff983
S0,W2-56ef61efd4fc1c023ae243d8,BASE_TRAIN,2,0,LG-N1-fd4608170402c94d66bf3451,14,0.21054043428243913,uncalibrated_class1_probability,,93d3892b158c35eccfadc27c879754db69ea5293782492ee5d4ff01a33bff983
S0,W2-56fca264c68dfac09cef1f84,BASE_TRAIN,4,0,LG-N1-e18fb025133d5debb7a599dc,25,0.4126097454735505,uncalibrated_class1_probability,,93d3892b158c35eccfadc27c879754db69ea5293782492ee5d4ff01a33bff983
S0,W2-56fcbd2f7eca9c79c8f00418,BASE_TRAIN,0,0,LG-N1-47d1dd6dae891fc5fd1c8a14,15,0.27363395433242627,uncalibrated_class1_probability,,93d3892b158c35eccfadc27c879754db69ea5293782492ee5d4ff01a33bff983
S0,W2-5783d5d8c378f3e6015f43c3,BASE_TRAIN,4,0,LG-N1-483bc824e231b03d6b883b08,10,0.15994483536204407,uncalibrated_class1_probability,,93d3892b158c35eccfadc27c879754db69ea5293782492ee5d4ff01a33bff983
S0,W2-578897a6e96d42e242712547,BASE_TRAIN,0,0,LG-N1-f0e37f0e1bf425e4ab286601,13,0.08989425217132682,uncalibrated_class1_probability,,93d3892b158c35eccfadc27c879754db69ea5293782492ee5d4ff01a33bff983
S0,W2-5803ace3d085bcb47839ce18,BASE_TRAIN,2,0,LG-N1-503110ec0dcacb8867eb644d,8,0.06825902307385177,uncalibrated_class1_probability,,93d3892b158c35eccfadc27c879754db69ea5293782492ee5d4ff01a33bff983
S0,W2-58239648a769d8a856cdbf44,BASE_TRAIN,2,0,LG-N1-859a114f3cbe205ca7688a88,12,0.046272581395103436,uncalibrated_class1_probability,,93d3892b158c35eccfadc27c879754db69ea5293782492ee5d4ff01a33bff983
S0,W2-5826461af3d1164a58064ec0,BASE_TRAIN,1,0,LG-N1-03179d88fc7c2c2119df82c4,23,0.7325593867501977,uncalibrated_class1_probability,,93d3892b158c35eccfadc27c879754db69ea5293782492ee5d4ff01a33bff983
S0,W2-585cee0f58e5e36adeed088f,BASE_TRAIN,4,0,LG-N1-5754dd302fb7298ed136b0f3,14,0.13131610557186407,uncalibrated_class1_probability,,93d3892b158c35eccfadc27c879754db69ea5293782492ee5d4ff01a33bff983
S0,W2-58993d5ae97b487994023824,BASE_TRAIN,4,0,LG-N1-737b1a63b7f61c3da8fa3136,18,0.491085918439516,uncalibrated_class1_probability,,93d3892b158c35eccfadc27c879754db69ea5293782492ee5d4ff01a33bff983
S0,W2-58b3ff3427535988f58abac8,BASE_TRAIN,1,0,LG-N1-d599f5cb2805e36b08753eab,9,0.13413348819955498,uncalibrated_class1_probability,,93d3892b158c35eccfadc27c879754db69ea5293782492ee5d4ff01a33bff983
S0,W2-591b4a78dac691ce8e13adb6,BASE_TRAIN,1,0,LG-N1-df26c3771c47828cb8a765ac,21,0.3391621948530314,uncalibrated_class1_probability,,93d3892b158c35eccfadc27c879754db69ea5293782492ee5d4ff01a33bff983
S0,W2-595f4a118aa7c8a8d15ff259,BASE_TRAIN,3,0,LG-N1-7a4c0bf7adf9316f709bedd6,7,0.0675890894929276,uncalibrated_class1_probability,,93d3892b158c35eccfadc27c879754db69ea5293782492ee5d4ff01a33bff983
S0,W2-5980104befba0697a9a354b2,BASE_TRAIN,2,0,LG-N1-4d95c7d307085c22fc70f4f3,13,0.2914992793802736,uncalibrated_class1_probability,,93d3892b158c35eccfadc27c879754db69ea5293782492ee5d4ff01a33bff983
S0,W2-59b445959875593f67fc2c83,BASE_TRAIN,3,0,LG-N1-330dd2b89f02df7217b15643,13,0.13724607586097384,uncalibrated_class1_probability,,93d3892b158c35eccfadc27c879754db69ea5293782492ee5d4ff01a33bff983
S0,W2-59e492e3d4162192926f78aa,BASE_TRAIN,0,1,LG-N1-be9082334b594a09540f0c48,159,0.9999982834400161,uncalibrated_class1_probability,,93d3892b158c35eccfadc27c879754db69ea5293782492ee5d4ff01a33bff983
S0,W2-5a0b6f0c250bbf54d771e8e0,BASE_TRAIN,3,0,LG-N1-80ab9155e1f49f399933ae71,12,0.03351550021703322,uncalibrated_class1_probability,,93d3892b158c35eccfadc27c879754db69ea5293782492ee5d4ff01a33bff983
S0,W2-5a41a977a11069b1234d347c,BASE_TRAIN,0,0,LG-N1-28c95ecf90561d3b3ef7ced7,4,0.022149184959182437,uncalibrated_class1_probability,,93d3892b158c35eccfadc27c879754db69ea5293782492ee5d4ff01a33bff983
S0,W2-5a89865a433be1af282ddec2,BASE_TRAIN,3,0,LG-N1-f2dec72799a2203f2903d1ef,3,0.007983465947162264,uncalibrated_class1_probability,,93d3892b158c35eccfadc27c879754db69ea5293782492ee5d4ff01a33bff983
S0,W2-5afe47cea06ff30969630a69,BASE_TRAIN,1,0,LG-N1-06782995963d6880162e91f4,12,0.2631285519333361,uncalibrated_class1_probability,,93d3892b158c35eccfadc27c879754db69ea5293782492ee5d4ff01a33bff983
S0,W2-5b4bd24e7a2b0a387d3788bb,BASE_TRAIN,1,0,LG-N1-fcb9fe425d765f5353b4e372,19,0.5006374799585664,uncalibrated_class1_probability,,93d3892b158c35eccfadc27c879754db69ea5293782492ee5d4ff01a33bff983
S0,W2-5b7116b5de22951046d75d7d,BASE_TRAIN,0,0,LG-N1-3fab7d362f63e381c2e4435b,13,0.08439585366847328,uncalibrated_class1_probability,,93d3892b158c35eccfadc27c879754db69ea5293782492ee5d4ff01a33bff983
S0,W2-5b7c5522d0c38af3343c2c98,BASE_TRAIN,0,0,LG-N1-a7d149612870a7eafd88eb83,5,4.809281995321992e-52,uncalibrated_class1_probability,,93d3892b158c35eccfadc27c879754db69ea5293782492ee5d4ff01a33bff983
S0,W2-5bc3e013629f1fa5f0ab370c,BASE_TRAIN,0,0,LG-N1-aafde415a4d6ea4592c87aa1,6,0.012234450239009301,uncalibrated_class1_probability,,93d3892b158c35eccfadc27c879754db69ea5293782492ee5d4ff01a33bff983
S0,W2-5c3f0340d47823d061b46370,BASE_TRAIN,0,0,LG-N1-fb4c814c56ef536e17635029,15,0.20876792639248543,uncalibrated_class1_probability,,93d3892b158c35eccfadc27c879754db69ea5293782492ee5d4ff01a33bff983
S0,W2-5c7bc4b91611cf1621027e40,BASE_TRAIN,3,0,LG-N1-03ff6686e4cd05ae6e19bb06,5,0.0031679861785404895,uncalibrated_class1_probability,,93d3892b158c35eccfadc27c879754db69ea5293782492ee5d4ff01a33bff983
S0,W2-5ce365d631f87bfbcb320b57,BASE_TRAIN,3,1,LG-N1-3dee279691ac925a40d719d8,17,0.5241418663867982,uncalibrated_class1_probability,,93d3892b158c35eccfadc27c879754db69ea5293782492ee5d4ff01a33bff983
S0,W2-5ceb69e6c1f22d55e523b93d,BASE_TRAIN,0,0,LG-N1-325dc0b2f3950abe559fa6d6,27,0.4452335828394304,uncalibrated_class1_probability,,93d3892b158c35eccfadc27c879754db69ea5293782492ee5d4ff01a33bff983
S0,W2-5d63695ec97c482605f8b365,BASE_TRAIN,4,0,LG-N1-d9bc8de939d70621b136d288,11,0.20539577791658145,uncalibrated_class1_probability,,93d3892b158c35eccfadc27c879754db69ea5293782492ee5d4ff01a33bff983
S0,W2-5d658eb233898fa0c37e66d7,BASE_TRAIN,0,1,LG-N1-46981de2c4015c6ac3e75f49,18,0.7495224696714011,uncalibrated_class1_probability,,93d3892b158c35eccfadc27c879754db69ea5293782492ee5d4ff01a33bff983
S0,W2-5d65cf119f99359b80b5df2c,BASE_TRAIN,2,0,LG-N1-319f221dc6539f52bccaf200,23,0.40230503814079926,uncalibrated_class1_probability,,93d3892b158c35eccfadc27c879754db69ea5293782492ee5d4ff01a33bff983
S0,W2-5da438e83e0e30a7d59441ca,BASE_TRAIN,1,0,LG-N1-e3c21976f9d3d3e09d27fe2c,12,0.3191777190255114,uncalibrated_class1_probability,,93d3892b158c35eccfadc27c879754db69ea5293782492ee5d4ff01a33bff983
S0,W2-5daf9bce9427aeb3a7881eb6,BASE_TRAIN,3,0,LG-N1-e27210cf3e1e3232c5c551ff,9,0.06875900880721984,uncalibrated_class1_probability,,93d3892b158c35eccfadc27c879754db69ea5293782492ee5d4ff01a33bff983
S0,W2-5db350166fd996231feb2d21,BASE_TRAIN,3,0,LG-N1-e10867faa71210bc2c661ed2,8,0.027886096151695235,uncalibrated_class1_probability,,93d3892b158c35eccfadc27c879754db69ea5293782492ee5d4ff01a33bff983
S0,W2-5dbde834e705b16bebb7dcf8,BASE_TRAIN,1,0,LG-N1-e7e46499b5880574491ee69c,14,0.24826455830929958,uncalibrated_class1_probability,,93d3892b158c35eccfadc27c879754db69ea5293782492ee5d4ff01a33bff983
S0,W2-5dcc304f3837c70bbc71cccc,BASE_TRAIN,3,0,LG-N1-7ad852218463cedc99ad6d4d,14,0.07654508036446006,uncalibrated_class1_probability,,93d3892b158c35eccfadc27c879754db69ea5293782492ee5d4ff01a33bff983
S0,W2-5de3012daedc3c85164f2bc7,BASE_TRAIN,4,0,LG-N1-b04a0eda84652405686478c2,9,0.2349331285405726,uncalibrated_class1_probability,,93d3892b158c35eccfadc27c879754db69ea5293782492ee5d4ff01a33bff983
S0,W2-5e03c671135a870f658ac23e,BASE_TRAIN,3,1,LG-N1-b1b35d17104d1839332dadb3,24,0.8666405344746049,uncalibrated_class1_probability,,93d3892b158c35eccfadc27c879754db69ea5293782492ee5d4ff01a33bff983
S0,W2-5e0dd646b9174325486ff4ee,BASE_TRAIN,1,0,LG-N1-5f88d3cb9f9c5d9429dd4d3c,8,0.01841581124510799,uncalibrated_class1_probability,,93d3892b158c35eccfadc27c879754db69ea5293782492ee5d4ff01a33bff983
S0,W2-5e40415b8b49d9aa1bcd6a68,BASE_TRAIN,3,0,LG-N1-dd34cd8f3d7eae05f53cc8a4,8,0.06773461445934176,uncalibrated_class1_probability,,93d3892b158c35eccfadc27c879754db69ea5293782492ee5d4ff01a33bff983
S0,W2-5eae9c9f4a6206ba08dad7c9,BASE_TRAIN,2,0,LG-N1-2867702a8fe9f395f72f3447,5,0.0008375162926077534,uncalibrated_class1_probability,,93d3892b158c35eccfadc27c879754db69ea5293782492ee5d4ff01a33bff983
S0,W2-5ec6b3d66f945b112b823e8c,BASE_TRAIN,3,1,LG-N1-a8520851f099d0f43d540ad3,24,0.7381262882071613,uncalibrated_class1_probability,,93d3892b158c35eccfadc27c879754db69ea5293782492ee5d4ff01a33bff983
S0,W2-5ee95ecb6abf04b2723c3df1,BASE_TRAIN,3,1,LG-N1-f7be9cf05eb2401ba8c1524d,115,0.9937066109330069,uncalibrated_class1_probability,,93d3892b158c35eccfadc27c879754db69ea5293782492ee5d4ff01a33bff983
S0,W2-5fa490aeb5f7109764695bed,BASE_TRAIN,1,0,LG-N1-9e72e2a030526aeba8ebc09a,7,0.03786108935356841,uncalibrated_class1_probability,,93d3892b158c35eccfadc27c879754db69ea5293782492ee5d4ff01a33bff983
S0,W2-5fc4c95b00bd6380a582252a,BASE_TRAIN,1,0,LG-N1-68ca7e54253ced0928793334,9,0.01220303855131637,uncalibrated_class1_probability,,93d3892b158c35eccfadc27c879754db69ea5293782492ee5d4ff01a33bff983
S0,W2-5fdc14d844780e9eb42ccb84,BASE_TRAIN,1,1,LG-N1-97f245793e94ff8c85ecba0d,19,0.8876469879936818,uncalibrated_class1_probability,,93d3892b158c35eccfadc27c879754db69ea5293782492ee5d4ff01a33bff983
S0,W2-5fe254590cde233a41bc4ddb,BASE_TRAIN,1,0,LG-N1-881a354f3d9c1946dbeb33fb,9,0.354055622939708,uncalibrated_class1_probability,,93d3892b158c35eccfadc27c879754db69ea5293782492ee5d4ff01a33bff983
S0,W2-5ff579b3a2c2962478fa2504,BASE_TRAIN,2,0,LG-N1-4b309361a2a7cc6a35f9a675,19,0.2475164659791743,uncalibrated_class1_probability,,93d3892b158c35eccfadc27c879754db69ea5293782492ee5d4ff01a33bff983
S0,W2-60564d67a2e5de0929ee1964,BASE_TRAIN,4,1,LG-N1-6e8f90aaa4252580846d83cf,20,0.8227222110967992,uncalibrated_class1_probability,,93d3892b158c35eccfadc27c879754db69ea5293782492ee5d4ff01a33bff983
S0,W2-60be68b8762557c72477e51c,BASE_TRAIN,2,0,LG-N1-0b686fb3ee1efbf461ebab60,10,0.1313342241778239,uncalibrated_class1_probability,,93d3892b158c35eccfadc27c879754db69ea5293782492ee5d4ff01a33bff983
S0,W2-60d05a3867ed4502dd77afc2,BASE_TRAIN,4,0,LG-N1-fb2a656de4e0832a4b592a50,12,0.19756648993437037,uncalibrated_class1_probability,,93d3892b158c35eccfadc27c879754db69ea5293782492ee5d4ff01a33bff983
S0,W2-6100cd3ca5f1a31c38654975,BASE_TRAIN,3,0,LG-N1-81ad0f25e4a6e14885f8c923,11,0.08134635539169274,uncalibrated_class1_probability,,93d3892b158c35eccfadc27c879754db69ea5293782492ee5d4ff01a33bff983
S0,W2-610b89246f4bf8b4dd334402,BASE_TRAIN,1,0,LG-N1-3bcf40167b91468f4e154c5e,15,0.18834323259157965,uncalibrated_class1_probability,,93d3892b158c35eccfadc27c879754db69ea5293782492ee5d4ff01a33bff983
S0,W2-6113dbe337455fba23505a02,BASE_TRAIN,1,0,LG-N1-dae0fe56ed18b891984fe1cf,9,0.17222382553572196,uncalibrated_class1_probability,,93d3892b158c35eccfadc27c879754db69ea5293782492ee5d4ff01a33bff983
S0,W2-614e531418a246916c48d5be,BASE_TRAIN,4,0,LG-N1-66ab9dd61f7704eb72943fed,18,0.31062571631241054,uncalibrated_class1_probability,,93d3892b158c35eccfadc27c879754db69ea5293782492ee5d4ff01a33bff983
S0,W2-61f4a3f94d3cabb2f1a3e9b5,BASE_TRAIN,2,0,LG-N1-87fca163d4fd23157e4ed9f6,12,0.06811025919143401,uncalibrated_class1_probability,,93d3892b158c35eccfadc27c879754db69ea5293782492ee5d4ff01a33bff983
S0,W2-621a14093b9018d5be5f3270,BASE_TRAIN,4,0,LG-N1-013c443335fe581c059a4df6,18,0.5555784559399486,uncalibrated_class1_probability,,93d3892b158c35eccfadc27c879754db69ea5293782492ee5d4ff01a33bff983
S0,W2-628cb7f7b93325c16ed55070,BASE_TRAIN,1,0,LG-N1-b0fd2a950597830762d11ec4,12,0.11063091012930368,uncalibrated_class1_probability,,93d3892b158c35eccfadc27c879754db69ea5293782492ee5d4ff01a33bff983
S0,W2-62953daafc294a6c32818ec6,BASE_TRAIN,1,0,LG-N1-da48a2d9ea72c3184f7d6f5b,14,0.14303075750140454,uncalibrated_class1_probability,,93d3892b158c35eccfadc27c879754db69ea5293782492ee5d4ff01a33bff983
S0,W2-62f04158d0ad6e2fff87b33e,BASE_TRAIN,0,0,LG-N1-cf36b24bf978bd4b535a84ae,6,0.06168371771854945,uncalibrated_class1_probability,,93d3892b158c35eccfadc27c879754db69ea5293782492ee5d4ff01a33bff983
S0,W2-630a6748c59e36d22bbebf25,BASE_TRAIN,1,0,LG-N1-f693f36fd9f7c8cacbcefbff,15,0.6187918568525932,uncalibrated_class1_probability,,93d3892b158c35eccfadc27c879754db69ea5293782492ee5d4ff01a33bff983
S0,W2-637b17cf22ad4bb69284549d,BASE_TRAIN,1,0,LG-N1-7c1a790d88c34250dd5d5568,29,0.7097199999135099,uncalibrated_class1_probability,,93d3892b158c35eccfadc27c879754db69ea5293782492ee5d4ff01a33bff983
S0,W2-639153342db8c9eb2cb7192b,BASE_TRAIN,3,0,LG-N1-1195108a93bcdd4564d0834f,11,0.16039129138782066,uncalibrated_class1_probability,,93d3892b158c35eccfadc27c879754db69ea5293782492ee5d4ff01a33bff983
S0,W2-63b0cf4b2a1efe9f3cf9e54f,BASE_TRAIN,2,0,LG-N1-7d0bea0e8678600d290186aa,6,0.027973969372301014,uncalibrated_class1_probability,,93d3892b158c35eccfadc27c879754db69ea5293782492ee5d4ff01a33bff983
S0,W2-63ebaf39c867e490b4e5d038,BASE_TRAIN,0,0,LG-N1-e92756fa29f92f73552d5d1f,13,0.1476616732479822,uncalibrated_class1_probability,,93d3892b158c35eccfadc27c879754db69ea5293782492ee5d4ff01a33bff983
S0,W2-6431e9393a3bb9cbde8bff35,BASE_TRAIN,0,0,LG-N1-5b47cdb62e6837c8b4c8f311,12,0.1912412281332074,uncalibrated_class1_probability,,93d3892b158c35eccfadc27c879754db69ea5293782492ee5d4ff01a33bff983
S0,W2-644db6c96d093f3c265a7738,BASE_TRAIN,4,1,LG-N1-975ef152cc38631a2eabb2fe,41,0.8730434312693476,uncalibrated_class1_probability,,93d3892b158c35eccfadc27c879754db69ea5293782492ee5d4ff01a33bff983
S0,W2-645f33218aa439e765e065d1,BASE_TRAIN,2,0,LG-N1-939a7d9f8c49eb06e673a422,15,0.24620217114484655,uncalibrated_class1_probability,,93d3892b158c35eccfadc27c879754db69ea5293782492ee5d4ff01a33bff983
S0,W2-64bc41cfda8ca5064dded596,BASE_TRAIN,4,1,LG-N1-925a6aeebfa00787fd9c2d34,32,0.8256705077691364,uncalibrated_class1_probability,,93d3892b158c35eccfadc27c879754db69ea5293782492ee5d4ff01a33bff983
S0,W2-6509ff257fdee3464d7b9c2f,BASE_TRAIN,0,1,LG-N1-39487c404fccc7a28d1d5266,62,0.8093868214533421,uncalibrated_class1_probability,,93d3892b158c35eccfadc27c879754db69ea5293782492ee5d4ff01a33bff983
S0,W2-653c255b48944a4a6a1b43c2,BASE_TRAIN,3,1,LG-N1-58a056fbeeb6bbb59f3453e0,47,0.9959410443939074,uncalibrated_class1_probability,,93d3892b158c35eccfadc27c879754db69ea5293782492ee5d4ff01a33bff983
S0,W2-6565fada38ee69a8b131e3f6,BASE_TRAIN,1,0,LG-N1-2ca2363f8414b58450e4a2b0,17,0.7773419921591521,uncalibrated_class1_probability,,93d3892b158c35eccfadc27c879754db69ea5293782492ee5d4ff01a33bff983
S0,W2-659ce9e10aa6990469cddd08,BASE_TRAIN,3,0,LG-N1-f9973490950cab46a23d023b,7,0.0049517837955770075,uncalibrated_class1_probability,,93d3892b158c35eccfadc27c879754db69ea5293782492ee5d4ff01a33bff983
S0,W2-65f4a28bfcdedce512f26ec9,BASE_TRAIN,4,0,LG-N1-663efe89e536f680e1edc39d,17,0.5474029434911977,uncalibrated_class1_probability,,93d3892b158c35eccfadc27c879754db69ea5293782492ee5d4ff01a33bff983
S0,W2-6629d70be118d1d50d5d0422,BASE_TRAIN,1,0,LG-N1-72fbd3f7d7b2826ce6d0f494,18,0.10236128393332306,uncalibrated_class1_probability,,93d3892b158c35eccfadc27c879754db69ea5293782492ee5d4ff01a33bff983
S0,W2-66ada7a40dc98edb9aa6b57b,BASE_TRAIN,0,0,LG-N1-4ce98c55f6c797959e53c52a,16,0.2831969089734812,uncalibrated_class1_probability,,93d3892b158c35eccfadc27c879754db69ea5293782492ee5d4ff01a33bff983
S0,W2-66de030c4b8d37702198d69e,BASE_TRAIN,1,0,LG-N1-5845525d362e0b64ebe53028,12,0.20566666663199037,uncalibrated_class1_probability,,93d3892b158c35eccfadc27c879754db69ea5293782492ee5d4ff01a33bff983
S0,W2-67691311e0a780f4ac5c0ef9,BASE_TRAIN,0,1,LG-N1-7c45d7e024787d9b1cced610,46,0.8600750245810181,uncalibrated_class1_probability,,93d3892b158c35eccfadc27c879754db69ea5293782492ee5d4ff01a33bff983
S0,W2-676c172902845d54b321a02a,BASE_TRAIN,3,1,LG-N1-ec0c71ea68cdcbf1db01672c,52,0.9496650814924873,uncalibrated_class1_probability,,93d3892b158c35eccfadc27c879754db69ea5293782492ee5d4ff01a33bff983
S0,W2-678516186be6c7611205ce0e,BASE_TRAIN,4,0,LG-N1-8a2c766f72a9fb8318d1423f,32,0.586292995101606,uncalibrated_class1_probability,,93d3892b158c35eccfadc27c879754db69ea5293782492ee5d4ff01a33bff983
S0,W2-679400fe7722995fb95b551b,BASE_TRAIN,1,1,LG-N1-20b82f11934a0db052300a2e,17,0.5727819073470746,uncalibrated_class1_probability,,93d3892b158c35eccfadc27c879754db69ea5293782492ee5d4ff01a33bff983
S0,W2-67c17ffee4a5e2135ddd6e97,BASE_TRAIN,1,0,LG-N1-9a7ad69af348e9dcc4e4a725,13,0.1330420779451508,uncalibrated_class1_probability,,93d3892b158c35eccfadc27c879754db69ea5293782492ee5d4ff01a33bff983
S0,W2-67c26450efc859346d60f4a7,BASE_TRAIN,0,0,LG-N1-ac196b7d0ce54cc8830864a6,10,0.4523297054256994,uncalibrated_class1_probability,,93d3892b158c35eccfadc27c879754db69ea5293782492ee5d4ff01a33bff983
S0,W2-67fcdc5cc534ffcc0332c37b,BASE_TRAIN,1,0,LG-N1-023c9aa9bb2570613fe71321,11,0.1887267359124144,uncalibrated_class1_probability,,93d3892b158c35eccfadc27c879754db69ea5293782492ee5d4ff01a33bff983
S0,W2-683eebbefd9d91a5780002b0,BASE_TRAIN,0,0,LG-N1-daedee5f84df9e653f9b25b4,11,0.12076407175148358,uncalibrated_class1_probability,,93d3892b158c35eccfadc27c879754db69ea5293782492ee5d4ff01a33bff983
S0,W2-685deaedcf91a7f6b841a8e2,BASE_TRAIN,1,0,LG-N1-641790577037d1b9d207546f,14,0.0753219855879792,uncalibrated_class1_probability,,93d3892b158c35eccfadc27c879754db69ea5293782492ee5d4ff01a33bff983
S0,W2-687e7754171764c57beac2d0,BASE_TRAIN,4,1,LG-N1-ee744c0be2242c0dc6a72720,24,0.5800141016855975,uncalibrated_class1_probability,,93d3892b158c35eccfadc27c879754db69ea5293782492ee5d4ff01a33bff983
S0,W2-688ff32ecd8f1551f31285e1,BASE_TRAIN,2,0,LG-N1-3b5d79ea4a106e8673b32d5e,9,0.34429399430805196,uncalibrated_class1_probability,,93d3892b158c35eccfadc27c879754db69ea5293782492ee5d4ff01a33bff983
S0,W2-68e29179a5cfcf4ce6187d1a,BASE_TRAIN,1,1,LG-N1-f96e542a4e2f40c177e2ff73,90,0.9389411849058843,uncalibrated_class1_probability,,93d3892b158c35eccfadc27c879754db69ea5293782492ee5d4ff01a33bff983
S0,W2-6927c340906944b9a032b195,BASE_TRAIN,4,0,LG-N1-077966dbaff55ed9cff03b30,13,0.17926284135808915,uncalibrated_class1_probability,,93d3892b158c35eccfadc27c879754db69ea5293782492ee5d4ff01a33bff983
S0,W2-69578c6de345ce921672b118,BASE_TRAIN,2,0,LG-N1-fdb21d1ab5768cd6e6590e88,11,0.3169328039102097,uncalibrated_class1_probability,,93d3892b158c35eccfadc27c879754db69ea5293782492ee5d4ff01a33bff983
S0,W2-699ce091ed487a27ca311d9f,BASE_TRAIN,4,0,LG-N1-f082d0204b4038ef7eda5e83,10,0.1771813826227702,uncalibrated_class1_probability,,93d3892b158c35eccfadc27c879754db69ea5293782492ee5d4ff01a33bff983
S0,W2-69d647667eb6a0743b2f3113,BASE_TRAIN,0,0,LG-N1-cbac51edf193901ab76ad684,11,0.28060267502472486,uncalibrated_class1_probability,,93d3892b158c35eccfadc27c879754db69ea5293782492ee5d4ff01a33bff983
S0,W2-6a2f09983113ae0e76f29802,BASE_TRAIN,3,0,LG-N1-12fadac6e14d11cfad210937,12,0.2983473750635717,uncalibrated_class1_probability,,93d3892b158c35eccfadc27c879754db69ea5293782492ee5d4ff01a33bff983
S0,W2-6a3aa75d9118fa0cbb7bc633,BASE_TRAIN,4,0,LG-N1-80d1a8a1cf18dea7c3e4d18a,12,0.07015347270293461,uncalibrated_class1_probability,,93d3892b158c35eccfadc27c879754db69ea5293782492ee5d4ff01a33bff983
S0,W2-6aaa150a520c7e8880ac87f1,BASE_TRAIN,0,0,LG-N1-1b7272ca18f28262feeef022,11,0.3644877557848421,uncalibrated_class1_probability,,93d3892b158c35eccfadc27c879754db69ea5293782492ee5d4ff01a33bff983
S0,W2-6af06e16916c4d2870e0fc3a,BASE_TRAIN,0,1,LG-N1-216e6b1a3f5bec1703c27718,83,0.9259956004625515,uncalibrated_class1_probability,,93d3892b158c35eccfadc27c879754db69ea5293782492ee5d4ff01a33bff983
S0,W2-6b0313890049c13e1ef8293f,BASE_TRAIN,2,0,LG-N1-9ba21bb246eb03863063cc92,15,0.29182304087475525,uncalibrated_class1_probability,,93d3892b158c35eccfadc27c879754db69ea5293782492ee5d4ff01a33bff983
S0,W2-6b2a3becf12164c962b575f5,BASE_TRAIN,4,0,LG-N1-1d26f43b0d7cd2b90d080007,14,0.12581941903292293,uncalibrated_class1_probability,,93d3892b158c35eccfadc27c879754db69ea5293782492ee5d4ff01a33bff983
S0,W2-6b7620fef11abc94afcb638f,BASE_TRAIN,0,1,LG-N1-9f14430fd95b11b134a59ab4,38,0.9192963724909327,uncalibrated_class1_probability,,93d3892b158c35eccfadc27c879754db69ea5293782492ee5d4ff01a33bff983
S0,W2-6c2bfbcfa619e136401af80c,BASE_TRAIN,4,0,LG-N1-66aa00d20c48058811be8423,13,0.045620570201803885,uncalibrated_class1_probability,,93d3892b158c35eccfadc27c879754db69ea5293782492ee5d4ff01a33bff983
S0,W2-6c90197028fdaebe1f0d2af5,BASE_TRAIN,0,0,LG-N1-f7dc5e5570a190aff42aa8b7,15,0.4690999275521034,uncalibrated_class1_probability,,93d3892b158c35eccfadc27c879754db69ea5293782492ee5d4ff01a33bff983
S0,W2-6d1c05c33ff2369c466bce9e,BASE_TRAIN,0,0,LG-N1-4a39feb01b91afacf9acd2cf,24,0.2908796993549469,uncalibrated_class1_probability,,93d3892b158c35eccfadc27c879754db69ea5293782492ee5d4ff01a33bff983
S0,W2-6d2c3b025e34ecb02f1a8f28,BASE_TRAIN,0,0,LG-N1-4404622bd6d4f57682bc2fd2,5,0.14169770073275473,uncalibrated_class1_probability,,93d3892b158c35eccfadc27c879754db69ea5293782492ee5d4ff01a33bff983
S0,W2-6d3e57888fba55a524a4056c,BASE_TRAIN,0,0,LG-N1-643fd707e57168665d7e3648,15,0.36550367593124566,uncalibrated_class1_probability,,93d3892b158c35eccfadc27c879754db69ea5293782492ee5d4ff01a33bff983
S0,W2-6dd6de2f6dfb21aa2d8e89b6,BASE_TRAIN,4,1,LG-N1-caded6a794b9988061906a02,61,0.8739069051934886,uncalibrated_class1_probability,,93d3892b158c35eccfadc27c879754db69ea5293782492ee5d4ff01a33bff983
S0,W2-6dec1d1e760ab9c2a6513bb5,BASE_TRAIN,2,1,LG-N1-d594087b66d1cb52060db8fe,15,0.6023901391783982,uncalibrated_class1_probability,,93d3892b158c35eccfadc27c879754db69ea5293782492ee5d4ff01a33bff983
S0,W2-6df47f94629bd4a0ee6d9558,BASE_TRAIN,3,0,LG-N1-f399af8eb52d898a5e6b1f44,13,0.31339949443721543,uncalibrated_class1_probability,,93d3892b158c35eccfadc27c879754db69ea5293782492ee5d4ff01a33bff983
S0,W2-6e2e5d08c5d9b747f56be784,BASE_TRAIN,0,0,LG-N1-85fbe503769d44cc96175323,12,0.09403766806749606,uncalibrated_class1_probability,,93d3892b158c35eccfadc27c879754db69ea5293782492ee5d4ff01a33bff983
S0,W2-6e5a250d0e7ea03da41c47c7,BASE_TRAIN,2,1,LG-N1-ed563ab3e609001836ff9b55,32,0.8886726602439342,uncalibrated_class1_probability,,93d3892b158c35eccfadc27c879754db69ea5293782492ee5d4ff01a33bff983
S0,W2-6ea42747aba52fe8af73a98c,BASE_TRAIN,1,0,LG-N1-b0dabfc4864a2ecceabe7f10,17,0.7578096038618718,uncalibrated_class1_probability,,93d3892b158c35eccfadc27c879754db69ea5293782492ee5d4ff01a33bff983
S0,W2-6eb2f1877363cca592e58a0c,BASE_TRAIN,4,0,LG-N1-8ab2dbba37b70603647fb13a,9,0.11160535683684615,uncalibrated_class1_probability,,93d3892b158c35eccfadc27c879754db69ea5293782492ee5d4ff01a33bff983
S0,W2-6f0e7e7d5826346b7519d9a5,BASE_TRAIN,0,0,LG-N1-f66ab5cb2fa1efd31ed4f5c6,8,0.0906454364598482,uncalibrated_class1_probability,,93d3892b158c35eccfadc27c879754db69ea5293782492ee5d4ff01a33bff983
S0,W2-6f8f795a3fb3b39f45b1ff76,BASE_TRAIN,4,0,LG-N1-9544520b9873903a6e752a2d,8,0.04439149478000003,uncalibrated_class1_probability,,93d3892b158c35eccfadc27c879754db69ea5293782492ee5d4ff01a33bff983
S0,W2-7040ebdca963c6ed3d027f21,BASE_TRAIN,4,0,LG-N1-63b79e4cddbacee486aee562,8,0.1551190512236269,uncalibrated_class1_probability,,93d3892b158c35eccfadc27c879754db69ea5293782492ee5d4ff01a33bff983
S0,W2-705da7a83beb6e7f757739c2,BASE_TRAIN,1,0,LG-N1-ba912f67d69034e485de711c,10,0.21008597961880743,uncalibrated_class1_probability,,93d3892b158c35eccfadc27c879754db69ea5293782492ee5d4ff01a33bff983
S0,W2-70a10c3d95e536a1d9aa8933,BASE_TRAIN,1,0,LG-N1-2745647bea44038b15ca7ed1,12,0.06981019078832999,uncalibrated_class1_probability,,93d3892b158c35eccfadc27c879754db69ea5293782492ee5d4ff01a33bff983
S0,W2-70e98ea4e0f9193929b3878e,BASE_TRAIN,4,1,LG-N1-5150e1657ff710f83a0ff025,28,0.6513158063414889,uncalibrated_class1_probability,,93d3892b158c35eccfadc27c879754db69ea5293782492ee5d4ff01a33bff983
S0,W2-70efa2342d49aa5a090e5ca4,BASE_TRAIN,4,0,LG-N1-fe497ccc94f4f37a884ea495,13,0.04847530264532645,uncalibrated_class1_probability,,93d3892b158c35eccfadc27c879754db69ea5293782492ee5d4ff01a33bff983
S0,W2-710651a3fad28c5c9de1fe15,BASE_TRAIN,4,0,LG-N1-371eec2588a12f8807493d67,18,0.41851159004734956,uncalibrated_class1_probability,,93d3892b158c35eccfadc27c879754db69ea5293782492ee5d4ff01a33bff983
S0,W2-710a53a632553cad1e2e8c76,BASE_TRAIN,0,0,LG-N1-332c55b10025aa5d089baeb3,21,0.5477122082720819,uncalibrated_class1_probability,,93d3892b158c35eccfadc27c879754db69ea5293782492ee5d4ff01a33bff983
S0,W2-712fdb90f27ecc736c57db8c,BASE_TRAIN,3,0,LG-N1-390d28c01f664f0f18524de8,7,0.08405369822568574,uncalibrated_class1_probability,,93d3892b158c35eccfadc27c879754db69ea5293782492ee5d4ff01a33bff983
S0,W2-7143f2fd17769ceef3b31550,BASE_TRAIN,3,0,LG-N1-446742adc6b205d6ebe4fd77,16,0.6673155641755424,uncalibrated_class1_probability,,93d3892b158c35eccfadc27c879754db69ea5293782492ee5d4ff01a33bff983
S0,W2-714d5b5d7c4d4fcf49ab1ffd,BASE_TRAIN,2,0,LG-N1-3c464fe723a8e45c753be552,12,0.005397784553555753,uncalibrated_class1_probability,,93d3892b158c35eccfadc27c879754db69ea5293782492ee5d4ff01a33bff983
S0,W2-71afa45b2ed040a57481d277,BASE_TRAIN,3,0,LG-N1-bdff6229467deb396dd825c2,12,0.07216850955067661,uncalibrated_class1_probability,,93d3892b158c35eccfadc27c879754db69ea5293782492ee5d4ff01a33bff983
S0,W2-720c0071f3c315aa0c69595b,BASE_TRAIN,0,0,LG-N1-a43a6c672bcc1cce793e2d1b,39,0.8683568915341171,uncalibrated_class1_probability,,93d3892b158c35eccfadc27c879754db69ea5293782492ee5d4ff01a33bff983
S0,W2-726811876849ed6dab00c9a3,BASE_TRAIN,1,0,LG-N1-ea1285d51ece3f5f0226ecd6,25,0.726559760672126,uncalibrated_class1_probability,,93d3892b158c35eccfadc27c879754db69ea5293782492ee5d4ff01a33bff983
S0,W2-728a49c015c3503d212011fd,BASE_TRAIN,4,0,LG-N1-57a8979058c6c96600cb4269,13,0.12397521876823422,uncalibrated_class1_probability,,93d3892b158c35eccfadc27c879754db69ea5293782492ee5d4ff01a33bff983
S0,W2-72a8dd14024fc0be494dfd79,BASE_TRAIN,1,0,LG-N1-d0018ae9beff212697eb7b31,11,0.25071515699957453,uncalibrated_class1_probability,,93d3892b158c35eccfadc27c879754db69ea5293782492ee5d4ff01a33bff983
S0,W2-72aaa78cd4b011e798c7aee0,BASE_TRAIN,3,1,LG-N1-a059568ed9e5a92b3a8013a4,227,0.9999616002754822,uncalibrated_class1_probability,,93d3892b158c35eccfadc27c879754db69ea5293782492ee5d4ff01a33bff983
S0,W2-72c84e9a95a7c189d5c25a52,BASE_TRAIN,3,0,LG-N1-fc0a9eb19efa2240fef974d0,15,0.2122051429706358,uncalibrated_class1_probability,,93d3892b158c35eccfadc27c879754db69ea5293782492ee5d4ff01a33bff983
S0,W2-72ee9066ed033cc0f05ed6fe,BASE_TRAIN,0,0,LG-N1-bb92342768cf234ee4417b38,5,0.00016748385794423604,uncalibrated_class1_probability,,93d3892b158c35eccfadc27c879754db69ea5293782492ee5d4ff01a33bff983
S0,W2-72f483b3d2ab71578f905f92,BASE_TRAIN,0,0,LG-N1-018454e3a4a878f612b87e80,18,0.6472853895043514,uncalibrated_class1_probability,,93d3892b158c35eccfadc27c879754db69ea5293782492ee5d4ff01a33bff983
S0,W2-73393d2cc2cdb038bdea8214,BASE_TRAIN,1,0,LG-N1-800d6fd82823a76ceec7b12e,17,0.36179813586459003,uncalibrated_class1_probability,,93d3892b158c35eccfadc27c879754db69ea5293782492ee5d4ff01a33bff983
S0,W2-737bd03c73ce4ce6b955c231,BASE_TRAIN,1,0,LG-N1-25c4ceacf599142356efb6f5,8,0.013835661292085842,uncalibrated_class1_probability,,93d3892b158c35eccfadc27c879754db69ea5293782492ee5d4ff01a33bff983
S0,W2-73b70bd08567510a7a14251b,BASE_TRAIN,3,0,LG-N1-1bb6aa89908c1cf4dbde3723,34,0.26231537438198554,uncalibrated_class1_probability,,93d3892b158c35eccfadc27c879754db69ea5293782492ee5d4ff01a33bff983
S0,W2-73bb112743790bc230d4cf6a,BASE_TRAIN,3,0,LG-N1-7c7e0aebb90c4f68c3f7c494,8,0.011299171222167953,uncalibrated_class1_probability,,93d3892b158c35eccfadc27c879754db69ea5293782492ee5d4ff01a33bff983
S0,W2-73d5295513c7cc10048dda2b,BASE_TRAIN,1,0,LG-N1-1060de18e9e21aef462f2c44,12,0.34075614369902396,uncalibrated_class1_probability,,93d3892b158c35eccfadc27c879754db69ea5293782492ee5d4ff01a33bff983
S0,W2-740ea05429eecdb991c439aa,BASE_TRAIN,0,0,LG-N1-0f52b39c2a46b39b66b374da,9,0.06948274398046571,uncalibrated_class1_probability,,93d3892b158c35eccfadc27c879754db69ea5293782492ee5d4ff01a33bff983
S0,W2-743de9a80508b876a1c573ca,BASE_TRAIN,3,0,LG-N1-fb84c2d4a7ecd6d4dc782451,11,0.1667016000295472,uncalibrated_class1_probability,,93d3892b158c35eccfadc27c879754db69ea5293782492ee5d4ff01a33bff983
S0,W2-744be1531acf08a7b1cf6f03,BASE_TRAIN,4,0,LG-N1-a97d4682371a643a84b80ed6,6,9.503834156816967e-07,uncalibrated_class1_probability,,93d3892b158c35eccfadc27c879754db69ea5293782492ee5d4ff01a33bff983
S0,W2-744fad551ac36d8dcd4d3d94,BASE_TRAIN,3,0,LG-N1-e9eadbbdc84ce79ca544f0f1,13,0.16775433319634714,uncalibrated_class1_probability,,93d3892b158c35eccfadc27c879754db69ea5293782492ee5d4ff01a33bff983
S0,W2-749e894f91486e79b57cec95,BASE_TRAIN,3,0,LG-N1-aa23107f86b7a1f99eb7265b,6,0.01041015498543297,uncalibrated_class1_probability,,93d3892b158c35eccfadc27c879754db69ea5293782492ee5d4ff01a33bff983
S0,W2-74b3fa49d186d3c185b3dd1c,BASE_TRAIN,1,0,LG-N1-f219ba136d9c9df23e1ff104,50,0.3993224100658602,uncalibrated_class1_probability,,93d3892b158c35eccfadc27c879754db69ea5293782492ee5d4ff01a33bff983
S0,W2-74f04de7ef0c07509aaff7bd,BASE_TRAIN,4,0,LG-N1-9d6373f1d5c1acd1fcfdedc2,9,0.15582805566355,uncalibrated_class1_probability,,93d3892b158c35eccfadc27c879754db69ea5293782492ee5d4ff01a33bff983
S0,W2-756727b7ebefd07f4c715ad6,BASE_TRAIN,1,0,LG-N1-fa7a1b43dfab49c868bdd110,11,0.07105828612034783,uncalibrated_class1_probability,,93d3892b158c35eccfadc27c879754db69ea5293782492ee5d4ff01a33bff983
S0,W2-75798e4e1d4fb1a4e9387ed3,BASE_TRAIN,4,1,LG-N1-e5d5204195ece444f0950ff1,90,0.984630348099793,uncalibrated_class1_probability,,93d3892b158c35eccfadc27c879754db69ea5293782492ee5d4ff01a33bff983
S0,W2-759aab22c37323c4536a2a7a,BASE_TRAIN,1,0,LG-N1-5931d56b9118ba01869ceaa3,9,0.2198569970857899,uncalibrated_class1_probability,,93d3892b158c35eccfadc27c879754db69ea5293782492ee5d4ff01a33bff983
S0,W2-75af6c1f5081c925531ef061,BASE_TRAIN,3,0,LG-N1-568169436036b8d9af6ed55b,19,0.8083180101302703,uncalibrated_class1_probability,,93d3892b158c35eccfadc27c879754db69ea5293782492ee5d4ff01a33bff983
S0,W2-75ba89f42105d8a24a370f2b,BASE_TRAIN,2,0,LG-N1-d6ee5faab569bb58c3bcd289,9,0.16221734984345892,uncalibrated_class1_probability,,93d3892b158c35eccfadc27c879754db69ea5293782492ee5d4ff01a33bff983
S0,W2-75f07ac48f137baa7bd69f2b,BASE_TRAIN,3,0,LG-N1-85335f13122ad41d10628f0f,9,0.02148152967287087,uncalibrated_class1_probability,,93d3892b158c35eccfadc27c879754db69ea5293782492ee5d4ff01a33bff983
S0,W2-75f21b6cce53fa485216eea6,BASE_TRAIN,3,0,LG-N1-78379141fb60f9bb740d2103,20,0.46889604454478134,uncalibrated_class1_probability,,93d3892b158c35eccfadc27c879754db69ea5293782492ee5d4ff01a33bff983
S0,W2-7615d99f8c83dfe304d1a94f,BASE_TRAIN,1,0,LG-N1-717731c87c63baf398ddb1d7,9,0.06840112540469408,uncalibrated_class1_probability,,93d3892b158c35eccfadc27c879754db69ea5293782492ee5d4ff01a33bff983
S0,W2-76509e35d6ab2572839e6ea3,BASE_TRAIN,3,1,LG-N1-785401ee0e3e10019941ff1d,40,0.997591543988875,uncalibrated_class1_probability,,93d3892b158c35eccfadc27c879754db69ea5293782492ee5d4ff01a33bff983
S0,W2-765b5ac723afb2e3ed406404,BASE_TRAIN,1,0,LG-N1-91daa100f267750748b4cf36,18,0.3479542270263285,uncalibrated_class1_probability,,93d3892b158c35eccfadc27c879754db69ea5293782492ee5d4ff01a33bff983
S0,W2-76807bca79a8e8ff1a60fc25,BASE_TRAIN,4,0,LG-N1-16863fb4cc96cdad805f4378,8,0.08683811330847038,uncalibrated_class1_probability,,93d3892b158c35eccfadc27c879754db69ea5293782492ee5d4ff01a33bff983
S0,W2-76954916fe7c03102ddcbeb3,BASE_TRAIN,0,0,LG-N1-37aadf05d34021055bf0c8b1,46,0.8481051844481954,uncalibrated_class1_probability,,93d3892b158c35eccfadc27c879754db69ea5293782492ee5d4ff01a33bff983
S0,W2-76b694dee1669f5f5a50d2dc,BASE_TRAIN,2,0,LG-N1-a5ab8710b58b0ee074127d4a,8,0.011380495240620958,uncalibrated_class1_probability,,93d3892b158c35eccfadc27c879754db69ea5293782492ee5d4ff01a33bff983
S0,W2-76d087928d7ec353197825e5,BASE_TRAIN,1,0,LG-N1-e538a4d77486cab3edd325b4,14,0.049062287372004694,uncalibrated_class1_probability,,93d3892b158c35eccfadc27c879754db69ea5293782492ee5d4ff01a33bff983
S0,W2-775147afff12da9725651830,BASE_TRAIN,2,0,LG-N1-cd00445fe4ba5f75bde3cdff,5,0.02732329772813146,uncalibrated_class1_probability,,93d3892b158c35eccfadc27c879754db69ea5293782492ee5d4ff01a33bff983
S0,W2-77516dded1231c0bb3400cf1,BASE_TRAIN,3,0,LG-N1-e6606a36b278b4bf065aebb2,13,0.16373302745507068,uncalibrated_class1_probability,,93d3892b158c35eccfadc27c879754db69ea5293782492ee5d4ff01a33bff983
S0,W2-77708d7c69eb376a84689af2,BASE_TRAIN,0,0,LG-N1-9eff2502a5ea150f38bb5bce,20,0.6617400532223707,uncalibrated_class1_probability,,93d3892b158c35eccfadc27c879754db69ea5293782492ee5d4ff01a33bff983
S0,W2-779db47e539765ff0d82a679,BASE_TRAIN,4,0,LG-N1-57ff06a2137793036bc7b7bb,12,0.2952893225376485,uncalibrated_class1_probability,,93d3892b158c35eccfadc27c879754db69ea5293782492ee5d4ff01a33bff983
S0,W2-77b1584a7082aaee8d9fcea8,BASE_TRAIN,1,0,LG-N1-cd61bf0cc67fc2233111c911,5,0.0025037776352162134,uncalibrated_class1_probability,,93d3892b158c35eccfadc27c879754db69ea5293782492ee5d4ff01a33bff983
S0,W2-77cf86dae187121c639f9238,BASE_TRAIN,1,1,LG-N1-5a92a13ce02b50595c6233b7,23,0.3898623348888645,uncalibrated_class1_probability,,93d3892b158c35eccfadc27c879754db69ea5293782492ee5d4ff01a33bff983
S0,W2-77f1b4c6179676f355eac8b8,BASE_TRAIN,0,0,LG-N1-28e71f5cf1a9a86d40120262,11,0.3680895010166919,uncalibrated_class1_probability,,93d3892b158c35eccfadc27c879754db69ea5293782492ee5d4ff01a33bff983
S0,W2-77f3f9551fad421171575d9b,BASE_TRAIN,1,0,LG-N1-00bc88bd6b95793621f5ed5a,13,0.2109529250786246,uncalibrated_class1_probability,,93d3892b158c35eccfadc27c879754db69ea5293782492ee5d4ff01a33bff983
S0,W2-7807a4d0d91e232c8ea3b1c5,BASE_TRAIN,0,0,LG-N1-9e377a460bca6fbd4d507981,10,0.02126947633787079,uncalibrated_class1_probability,,93d3892b158c35eccfadc27c879754db69ea5293782492ee5d4ff01a33bff983
S0,W2-78104621dd4e65712186060b,BASE_TRAIN,4,0,LG-N1-863e90680bd06c9088606ec6,5,2.8714723325556853e-33,uncalibrated_class1_probability,,93d3892b158c35eccfadc27c879754db69ea5293782492ee5d4ff01a33bff983
S0,W2-787378a39a77ad238498edfa,BASE_TRAIN,4,1,LG-N1-4453c5a8ad7ed2745323886c,40,0.9339823621628086,uncalibrated_class1_probability,,93d3892b158c35eccfadc27c879754db69ea5293782492ee5d4ff01a33bff983
S0,W2-793302408f1f4ede1c5f817d,BASE_TRAIN,3,0,LG-N1-3dc1b15d4f81fa1c884e7400,15,0.0905641723037546,uncalibrated_class1_probability,,93d3892b158c35eccfadc27c879754db69ea5293782492ee5d4ff01a33bff983
S0,W2-795b3d75687bb43498dc8ece,BASE_TRAIN,1,0,LG-N1-ccc852c48e323b7847469a42,12,0.15807601364267812,uncalibrated_class1_probability,,93d3892b158c35eccfadc27c879754db69ea5293782492ee5d4ff01a33bff983
S0,W2-79a70ed9a510c742e2ebeac1,BASE_TRAIN,4,0,LG-N1-c28f1349dc207b8ecab505a4,16,0.20738371830573327,uncalibrated_class1_probability,,93d3892b158c35eccfadc27c879754db69ea5293782492ee5d4ff01a33bff983
S0,W2-79d256120ed5cacd26df9d40,BASE_TRAIN,2,0,LG-N1-2b9f5cb87dac59a76a8d0788,12,0.3545907675900069,uncalibrated_class1_probability,,93d3892b158c35eccfadc27c879754db69ea5293782492ee5d4ff01a33bff983
S0,W2-79f45c53f0cfe86bff04d558,BASE_TRAIN,0,0,LG-N1-0740791dff2e69bb0177c454,9,0.06234186152773769,uncalibrated_class1_probability,,93d3892b158c35eccfadc27c879754db69ea5293782492ee5d4ff01a33bff983
S0,W2-7a313b016eb95c573fcb7d6b,BASE_TRAIN,3,0,LG-N1-42a9e55639f5428257e95415,11,0.016468386952378154,uncalibrated_class1_probability,,93d3892b158c35eccfadc27c879754db69ea5293782492ee5d4ff01a33bff983
S0,W2-7a79d8945f971068ba81a044,BASE_TRAIN,4,0,LG-N1-cf759ad2e6b7e1d7e0902386,11,0.2234971358734076,uncalibrated_class1_probability,,93d3892b158c35eccfadc27c879754db69ea5293782492ee5d4ff01a33bff983
S0,W2-7aa5f58a7362489a263e03b3,BASE_TRAIN,3,0,LG-N1-a2bb513e4a3d5a13680feb22,10,0.2107368401265482,uncalibrated_class1_probability,,93d3892b158c35eccfadc27c879754db69ea5293782492ee5d4ff01a33bff983
S0,W2-7ac6da4dc2ebc5a90c0fe37c,BASE_TRAIN,2,0,LG-N1-afacda140aca63a2cd6ae5c2,24,0.3837928766934953,uncalibrated_class1_probability,,93d3892b158c35eccfadc27c879754db69ea5293782492ee5d4ff01a33bff983
S0,W2-7ad304d7a7bb1c8df8f66bcf,BASE_TRAIN,1,0,LG-N1-56c409f6948dca75f4c0c891,12,0.30122603464807424,uncalibrated_class1_probability,,93d3892b158c35eccfadc27c879754db69ea5293782492ee5d4ff01a33bff983
S0,W2-7af0b4672a5e9ee9131bb3dc,BASE_TRAIN,1,0,LG-N1-47a4e47c7b3a3925e29274db,17,0.3284202237853144,uncalibrated_class1_probability,,93d3892b158c35eccfadc27c879754db69ea5293782492ee5d4ff01a33bff983
S0,W2-7b1b43b4bacb9bb3630b2827,BASE_TRAIN,2,0,LG-N1-3d50986a25c494e77a8f81d2,14,0.08157101424859908,uncalibrated_class1_probability,,93d3892b158c35eccfadc27c879754db69ea5293782492ee5d4ff01a33bff983
S0,W2-7bfc7bb34fa3ac0a64b32c90,BASE_TRAIN,1,0,LG-N1-512292c1e247d3a672991d50,5,0.01208311428058659,uncalibrated_class1_probability,,93d3892b158c35eccfadc27c879754db69ea5293782492ee5d4ff01a33bff983
S0,W2-7c0fda5d27b39d10dfe76fef,BASE_TRAIN,3,0,LG-N1-0e5fd002b2e20ddecc6e9919,8,0.02915337782958653,uncalibrated_class1_probability,,93d3892b158c35eccfadc27c879754db69ea5293782492ee5d4ff01a33bff983
S0,W2-7c19bfe54884f154f13a65b4,BASE_TRAIN,1,0,LG-N1-3b66562078d3aa44a98cc9bc,9,0.11217580126167012,uncalibrated_class1_probability,,93d3892b158c35eccfadc27c879754db69ea5293782492ee5d4ff01a33bff983
S0,W2-7c4feff8d1592011862a7ca5,BASE_TRAIN,3,0,LG-N1-07e3964973f4330dd9da3d2d,7,0.029566366414995337,uncalibrated_class1_probability,,93d3892b158c35eccfadc27c879754db69ea5293782492ee5d4ff01a33bff983
S0,W2-7c8bce411d0f35fc0e1638e8,BASE_TRAIN,2,0,LG-N1-bcbf34b8e2b39dac4cdcfbe3,26,0.6125040574011156,uncalibrated_class1_probability,,93d3892b158c35eccfadc27c879754db69ea5293782492ee5d4ff01a33bff983
S0,W2-7cb01bcd9c663baf83595ff2,BASE_TRAIN,0,0,LG-N1-c896b70fc1bd807371f85b2a,7,0.05852553252947492,uncalibrated_class1_probability,,93d3892b158c35eccfadc27c879754db69ea5293782492ee5d4ff01a33bff983
S0,W2-7d1d7b6db5c940db8b2100ee,BASE_TRAIN,2,0,LG-N1-ae0496af40b3c3baf0a34b86,8,0.0041345583998986446,uncalibrated_class1_probability,,93d3892b158c35eccfadc27c879754db69ea5293782492ee5d4ff01a33bff983
S0,W2-7db1b51e06d257bfba8952dd,BASE_TRAIN,0,0,LG-N1-706ac09abeea516f95ad53a5,13,0.12042468349683644,uncalibrated_class1_probability,,93d3892b158c35eccfadc27c879754db69ea5293782492ee5d4ff01a33bff983
S0,W2-7e1fd625816e3f5d39bf1aae,BASE_TRAIN,3,0,LG-N1-e7e97ebc3e99b031bfa8d8c5,97,0.8676176499638613,uncalibrated_class1_probability,,93d3892b158c35eccfadc27c879754db69ea5293782492ee5d4ff01a33bff983
S0,W2-7e2754866560623a1b16a2a6,BASE_TRAIN,2,0,LG-N1-47fa47b6a79c75186612ed9b,10,0.10723540509891129,uncalibrated_class1_probability,,93d3892b158c35eccfadc27c879754db69ea5293782492ee5d4ff01a33bff983
S0,W2-7e2dd5ac0d6352bbc7845227,BASE_TRAIN,1,0,LG-N1-12095b288c3d0be3451db1bb,23,0.37411282944046514,uncalibrated_class1_probability,,93d3892b158c35eccfadc27c879754db69ea5293782492ee5d4ff01a33bff983
S0,W2-7ec594b6703befbcc08c04fb,BASE_TRAIN,2,0,LG-N1-c2bed0db6aeead3b76941130,13,0.08329485784083498,uncalibrated_class1_probability,,93d3892b158c35eccfadc27c879754db69ea5293782492ee5d4ff01a33bff983
S0,W2-7ef697141e58bb6f33738c07,BASE_TRAIN,3,0,LG-N1-95e3579f968e0c4b915a78f5,6,0.024384735883332523,uncalibrated_class1_probability,,93d3892b158c35eccfadc27c879754db69ea5293782492ee5d4ff01a33bff983
S0,W2-7f2eeb24bc5180caeff00985,BASE_TRAIN,2,1,LG-N1-efb768565b14a591ad42c078,71,0.9645759797728266,uncalibrated_class1_probability,,93d3892b158c35eccfadc27c879754db69ea5293782492ee5d4ff01a33bff983
S0,W2-7f3c2832ab1194a683b4ce2b,BASE_TRAIN,2,0,LG-N1-bbb6cc29a9d8c9404473928c,19,0.1951840779577196,uncalibrated_class1_probability,,93d3892b158c35eccfadc27c879754db69ea5293782492ee5d4ff01a33bff983
S0,W2-7f63db8c4fb59a56aa776579,BASE_TRAIN,4,0,LG-N1-5cda405fe86cc434aaa5fcf1,13,0.125508295279017,uncalibrated_class1_probability,,93d3892b158c35eccfadc27c879754db69ea5293782492ee5d4ff01a33bff983
S0,W2-7fc016ba79dff566d6aeb2ba,BASE_TRAIN,0,0,LG-N1-1d1eb040a97452b6a5c98e26,10,0.09841622399933174,uncalibrated_class1_probability,,93d3892b158c35eccfadc27c879754db69ea5293782492ee5d4ff01a33bff983
S0,W2-7fc5a8887ee2ac8875e8d329,BASE_TRAIN,0,0,LG-N1-f9a0c6d934c9e67d3cb72194,8,0.07556345047565675,uncalibrated_class1_probability,,93d3892b158c35eccfadc27c879754db69ea5293782492ee5d4ff01a33bff983
S0,W2-7fc60b3fd4a461a17519eb20,BASE_TRAIN,2,0,LG-N1-137cbfac9bf0c6804d54e26b,13,0.18856806078215582,uncalibrated_class1_probability,,93d3892b158c35eccfadc27c879754db69ea5293782492ee5d4ff01a33bff983
S0,W2-8018e84d1b0cbe2654598e94,BASE_TRAIN,2,1,LG-N1-61712da3e1221f659af25437,63,0.9265768522970117,uncalibrated_class1_probability,,93d3892b158c35eccfadc27c879754db69ea5293782492ee5d4ff01a33bff983
S0,W2-805d39d74af0ea5b2434c65b,BASE_TRAIN,0,1,LG-N1-98a6343c838ee496231e075f,51,0.9179089131904035,uncalibrated_class1_probability,,93d3892b158c35eccfadc27c879754db69ea5293782492ee5d4ff01a33bff983
S0,W2-808bf1cc5fe9166513dd5ad0,BASE_TRAIN,3,0,LG-N1-1684c3b4469e6c86af630817,7,0.010350097429335781,uncalibrated_class1_probability,,93d3892b158c35eccfadc27c879754db69ea5293782492ee5d4ff01a33bff983
S0,W2-80dbbda3b79ecdd5684840a4,BASE_TRAIN,3,0,LG-N1-77f04929bbd8165c3b4ec978,5,0.0017774255469311317,uncalibrated_class1_probability,,93d3892b158c35eccfadc27c879754db69ea5293782492ee5d4ff01a33bff983
S0,W2-816fd218a8e39bdf0aa4d1c7,BASE_TRAIN,4,0,LG-N1-8f211a0a05262dcf5d553403,12,0.06302899090428393,uncalibrated_class1_probability,,93d3892b158c35eccfadc27c879754db69ea5293782492ee5d4ff01a33bff983
S0,W2-8176bee65f806eb890fb169d,BASE_TRAIN,2,1,LG-N1-03e9799e7da15bd65a03b565,81,0.9936249848891274,uncalibrated_class1_probability,,93d3892b158c35eccfadc27c879754db69ea5293782492ee5d4ff01a33bff983
S0,W2-81dddee620facf2589ad1c15,BASE_TRAIN,0,0,LG-N1-ee8e5c57e1ed60baa609bb10,9,0.09381626230566331,uncalibrated_class1_probability,,93d3892b158c35eccfadc27c879754db69ea5293782492ee5d4ff01a33bff983
S0,W2-823b0c47663571728ec316b0,BASE_TRAIN,3,0,LG-N1-22d4dc1c8129194e7cccfddc,12,0.16171685914525968,uncalibrated_class1_probability,,93d3892b158c35eccfadc27c879754db69ea5293782492ee5d4ff01a33bff983
S0,W2-82710ccd54f7f874d7b1bf5a,BASE_TRAIN,1,0,LG-N1-7c51c9b4e2fe52f66a5be23a,20,0.7255327305485988,uncalibrated_class1_probability,,93d3892b158c35eccfadc27c879754db69ea5293782492ee5d4ff01a33bff983
S0,W2-82ba14c4f25e7b11be1b3c58,BASE_TRAIN,1,1,LG-N1-d80275ff32e22b421c9992dc,42,0.9932033441145535,uncalibrated_class1_probability,,93d3892b158c35eccfadc27c879754db69ea5293782492ee5d4ff01a33bff983
S0,W2-82f9f10062c8f64159a8ec2e,BASE_TRAIN,2,1,LG-N1-89a3dcd6c9d82361d396cb14,81,0.950715252145395,uncalibrated_class1_probability,,93d3892b158c35eccfadc27c879754db69ea5293782492ee5d4ff01a33bff983
S0,W2-83057ef81a6622e7970022ff,BASE_TRAIN,3,1,LG-N1-9d97266f520c9969adf839a5,50,0.9616203203545675,uncalibrated_class1_probability,,93d3892b158c35eccfadc27c879754db69ea5293782492ee5d4ff01a33bff983
S0,W2-832ef9511005d57a483c9cff,BASE_TRAIN,4,0,LG-N1-d307e7fce1541e26399ea697,5,0.00601866503925204,uncalibrated_class1_probability,,93d3892b158c35eccfadc27c879754db69ea5293782492ee5d4ff01a33bff983
S0,W2-836cd945524bd548a2bd99c8,BASE_TRAIN,0,0,LG-N1-94ca873c3fb3a625e6fc10a7,6,0.03363742181358825,uncalibrated_class1_probability,,93d3892b158c35eccfadc27c879754db69ea5293782492ee5d4ff01a33bff983
S0,W2-83aa65a029e943e73dfbf66d,BASE_TRAIN,1,0,LG-N1-e31a02055933846861f2cf1a,15,0.139245668581859,uncalibrated_class1_probability,,93d3892b158c35eccfadc27c879754db69ea5293782492ee5d4ff01a33bff983
S0,W2-83ad688bf148919fe9370c15,BASE_TRAIN,4,1,LG-N1-8f3c452d663ccadb891dde75,65,0.9120303805496205,uncalibrated_class1_probability,,93d3892b158c35eccfadc27c879754db69ea5293782492ee5d4ff01a33bff983
S0,W2-84de239e2a85a30808fbac28,BASE_TRAIN,1,0,LG-N1-5d11200888edc503de1c4ad1,11,0.09121290855630226,uncalibrated_class1_probability,,93d3892b158c35eccfadc27c879754db69ea5293782492ee5d4ff01a33bff983
S0,W2-8584f33c857af557f079cec8,BASE_TRAIN,4,0,LG-N1-3ce4828fbc9466ee40be36da,11,0.09368312619219162,uncalibrated_class1_probability,,93d3892b158c35eccfadc27c879754db69ea5293782492ee5d4ff01a33bff983
S0,W2-858fc7ebcab06a774fb6344f,BASE_TRAIN,3,0,LG-N1-748dfe2cc6fa76de66646486,16,0.3300560152669186,uncalibrated_class1_probability,,93d3892b158c35eccfadc27c879754db69ea5293782492ee5d4ff01a33bff983
S0,W2-85d5964d969c4e0e9fef7394,BASE_TRAIN,0,0,LG-N1-b068fabce41022981d8d0cbd,9,0.07623148487759213,uncalibrated_class1_probability,,93d3892b158c35eccfadc27c879754db69ea5293782492ee5d4ff01a33bff983
S0,W2-86535662474c3fdaf37c7097,BASE_TRAIN,0,0,LG-N1-fc6325e1f0dd3d4537c9e08b,14,0.2012398113521538,uncalibrated_class1_probability,,93d3892b158c35eccfadc27c879754db69ea5293782492ee5d4ff01a33bff983
S0,W2-8698a69641cf06fbcc9cfa21,BASE_TRAIN,3,0,LG-N1-2ec97b16009f941cda7d76d1,15,0.07234663139871352,uncalibrated_class1_probability,,93d3892b158c35eccfadc27c879754db69ea5293782492ee5d4ff01a33bff983
S0,W2-8755f94ca3d06cbb3833b1cb,BASE_TRAIN,3,0,LG-N1-53bb0af40e12e2b946a741fb,14,0.06946849549959863,uncalibrated_class1_probability,,93d3892b158c35eccfadc27c879754db69ea5293782492ee5d4ff01a33bff983
S0,W2-87cffe828477c1adfecca1b5,BASE_TRAIN,4,0,LG-N1-d396876b2648a64e9a125adb,6,0.012314965350144546,uncalibrated_class1_probability,,93d3892b158c35eccfadc27c879754db69ea5293782492ee5d4ff01a33bff983
S0,W2-87d85a4408f2b6411017789a,BASE_TRAIN,4,0,LG-N1-d6b575bce07c3b8548a83b2c,16,0.46119538427106116,uncalibrated_class1_probability,,93d3892b158c35eccfadc27c879754db69ea5293782492ee5d4ff01a33bff983
S0,W2-87d8cfaaae67aa88b7466995,BASE_TRAIN,1,0,LG-N1-91b5524d32e5d0c1e7994f1b,34,0.42793110396103645,uncalibrated_class1_probability,,93d3892b158c35eccfadc27c879754db69ea5293782492ee5d4ff01a33bff983
S0,W2-883ff0662bff7325a13bcdf5,BASE_TRAIN,1,0,LG-N1-318f903a83b4d30d1bea59e2,7,0.009943885613025137,uncalibrated_class1_probability,,93d3892b158c35eccfadc27c879754db69ea5293782492ee5d4ff01a33bff983
S0,W2-8864a9e78d0d9e61e36e33d2,BASE_TRAIN,3,0,LG-N1-98232efe8cc05b748b5ab619,9,0.0781556926124086,uncalibrated_class1_probability,,93d3892b158c35eccfadc27c879754db69ea5293782492ee5d4ff01a33bff983
S0,W2-886faf827950b5b3d105c00c,BASE_TRAIN,3,0,LG-N1-e2e687cb317f6630cc0c56c5,11,0.10767188375885049,uncalibrated_class1_probability,,93d3892b158c35eccfadc27c879754db69ea5293782492ee5d4ff01a33bff983
S0,W2-88e46c8f6644b0c76184613c,BASE_TRAIN,3,0,LG-N1-32b0bc21410dedfd09047df5,11,0.5398474932725061,uncalibrated_class1_probability,,93d3892b158c35eccfadc27c879754db69ea5293782492ee5d4ff01a33bff983
S0,W2-894b02d1d4d2ee25e2863bed,BASE_TRAIN,3,0,LG-N1-c0ad4c9540530c1d08c65d71,4,3.2290076286481e-153,uncalibrated_class1_probability,,93d3892b158c35eccfadc27c879754db69ea5293782492ee5d4ff01a33bff983
S0,W2-895c82b8380970b81ad5ffc3,BASE_TRAIN,0,1,LG-N1-99596017761772e56cacef66,24,0.885351701035056,uncalibrated_class1_probability,,93d3892b158c35eccfadc27c879754db69ea5293782492ee5d4ff01a33bff983
S0,W2-8a12abb6e178de94d1551767,BASE_TRAIN,0,0,LG-N1-ea91201403dcce460920c4ba,18,0.6354302665562678,uncalibrated_class1_probability,,93d3892b158c35eccfadc27c879754db69ea5293782492ee5d4ff01a33bff983
S0,W2-8a24cb0d9415068853843da8,BASE_TRAIN,0,0,LG-N1-de6b960ac51ffc9b396c3adb,10,0.11572271393313413,uncalibrated_class1_probability,,93d3892b158c35eccfadc27c879754db69ea5293782492ee5d4ff01a33bff983
S0,W2-8a35b69acc2debff37ece053,BASE_TRAIN,3,0,LG-N1-0f55c452ef749123be742840,11,0.2060232908149032,uncalibrated_class1_probability,,93d3892b158c35eccfadc27c879754db69ea5293782492ee5d4ff01a33bff983
S0,W2-8a4974297c48bddaadb82388,BASE_TRAIN,3,0,LG-N1-abfe1d837cbb0ecef181c152,42,0.7517230212110584,uncalibrated_class1_probability,,93d3892b158c35eccfadc27c879754db69ea5293782492ee5d4ff01a33bff983
S0,W2-8ac4965fddc0a84d8a6ecf55,BASE_TRAIN,4,1,LG-N1-3f92130ee2a708cb5465c5eb,70,0.8999487699025646,uncalibrated_class1_probability,,93d3892b158c35eccfadc27c879754db69ea5293782492ee5d4ff01a33bff983
S0,W2-8aeaefea5201777dfe01ba89,BASE_TRAIN,2,0,LG-N1-b7bbe5009e1b27fd72164611,9,0.15245483882792493,uncalibrated_class1_probability,,93d3892b158c35eccfadc27c879754db69ea5293782492ee5d4ff01a33bff983
S0,W2-8b200eac8130b41c96df6431,BASE_TRAIN,0,0,LG-N1-03a38854a142fc6b0a936437,15,0.2884344459528233,uncalibrated_class1_probability,,93d3892b158c35eccfadc27c879754db69ea5293782492ee5d4ff01a33bff983
S0,W2-8b214c1a01d55b0079640730,BASE_TRAIN,0,0,LG-N1-c0b192596b68bfe4220a2d3e,13,0.29020116731939216,uncalibrated_class1_probability,,93d3892b158c35eccfadc27c879754db69ea5293782492ee5d4ff01a33bff983
S0,W2-8b8a643487e2d4f0767af622,BASE_TRAIN,4,0,LG-N1-8324763271df011a690ca0a9,10,0.16361183199147064,uncalibrated_class1_probability,,93d3892b158c35eccfadc27c879754db69ea5293782492ee5d4ff01a33bff983
S0,W2-8b9ab632536c36a89b6c98db,BASE_TRAIN,1,0,LG-N1-12905855b7c42cfde76a9e18,9,0.16438926388333328,uncalibrated_class1_probability,,93d3892b158c35eccfadc27c879754db69ea5293782492ee5d4ff01a33bff983
S0,W2-8ba08b7fae96ca2859b31bba,BASE_TRAIN,0,0,LG-N1-185e8c9b462a98974d41bc2e,14,0.3813211613396107,uncalibrated_class1_probability,,93d3892b158c35eccfadc27c879754db69ea5293782492ee5d4ff01a33bff983
S0,W2-8be5f1563dc4b1783229acdc,BASE_TRAIN,3,0,LG-N1-2620ade83f1e7934f885b18e,10,0.07419276952752626,uncalibrated_class1_probability,,93d3892b158c35eccfadc27c879754db69ea5293782492ee5d4ff01a33bff983
S0,W2-8bf0f5f15250d45a2be5d50d,BASE_TRAIN,1,0,LG-N1-f740dcb1095ed5f88ea8a7f1,15,0.11747470250270847,uncalibrated_class1_probability,,93d3892b158c35eccfadc27c879754db69ea5293782492ee5d4ff01a33bff983
S0,W2-8bf3417e9a01fc93b623985a,BASE_TRAIN,2,0,LG-N1-841e3177224f3d6f1ceabc00,10,0.1733831626171904,uncalibrated_class1_probability,,93d3892b158c35eccfadc27c879754db69ea5293782492ee5d4ff01a33bff983
S0,W2-8c09d9de2c14db1d3f034c2c,BASE_TRAIN,4,0,LG-N1-12608dcf3a280382e775aea2,11,0.05616934201423308,uncalibrated_class1_probability,,93d3892b158c35eccfadc27c879754db69ea5293782492ee5d4ff01a33bff983
S0,W2-8c3297cc9fe8757badeaae16,BASE_TRAIN,1,0,LG-N1-59ca3d77f0eb62c597071c49,11,0.06947536592803809,uncalibrated_class1_probability,,93d3892b158c35eccfadc27c879754db69ea5293782492ee5d4ff01a33bff983
S0,W2-8c59054fa4891b95d3f4f8df,BASE_TRAIN,2,0,LG-N1-94fbb2a7a2940b6f58998456,10,0.041365832448447805,uncalibrated_class1_probability,,93d3892b158c35eccfadc27c879754db69ea5293782492ee5d4ff01a33bff983
S0,W2-8d785c8e86beca31cd070002,BASE_TRAIN,2,0,LG-N1-3382814614e4fd8efc5d0beb,5,0.08774713672585902,uncalibrated_class1_probability,,93d3892b158c35eccfadc27c879754db69ea5293782492ee5d4ff01a33bff983
S0,W2-8d7f31397b79a7c1c414844d,BASE_TRAIN,1,0,LG-N1-dec6e756070de2be1b2c360d,11,0.47516154716342873,uncalibrated_class1_probability,,93d3892b158c35eccfadc27c879754db69ea5293782492ee5d4ff01a33bff983
S0,W2-8defcb6c400e42ffe4b0ab72,BASE_TRAIN,2,0,LG-N1-2cdc1d43624615d3cc10ad23,11,0.14486981826709258,uncalibrated_class1_probability,,93d3892b158c35eccfadc27c879754db69ea5293782492ee5d4ff01a33bff983
S0,W2-8e247b85d94c7374bea1dae2,BASE_TRAIN,3,0,LG-N1-ee90f23b0e97235cc6509017,13,0.2948576902720731,uncalibrated_class1_probability,,93d3892b158c35eccfadc27c879754db69ea5293782492ee5d4ff01a33bff983
S0,W2-8ef00ca222daa8700d8b9fc4,BASE_TRAIN,1,0,LG-N1-a1bd6bad18b23182413f6bea,22,0.4811321377433354,uncalibrated_class1_probability,,93d3892b158c35eccfadc27c879754db69ea5293782492ee5d4ff01a33bff983
S0,W2-8fab5f9a38c70a5379cd0166,BASE_TRAIN,3,0,LG-N1-dc0e2a9d32cb745c30f042a7,14,0.1901652751434211,uncalibrated_class1_probability,,93d3892b158c35eccfadc27c879754db69ea5293782492ee5d4ff01a33bff983
S0,W2-8ffdf9007b8e6d525982d64d,BASE_TRAIN,4,0,LG-N1-9eac68e26ba3edb55f13974f,18,0.20201527599151348,uncalibrated_class1_probability,,93d3892b158c35eccfadc27c879754db69ea5293782492ee5d4ff01a33bff983
S0,W2-90280c0ab83de81ccb830db8,BASE_TRAIN,4,0,LG-N1-da281d667f2afe721750e336,12,0.10783410246403102,uncalibrated_class1_probability,,93d3892b158c35eccfadc27c879754db69ea5293782492ee5d4ff01a33bff983
S0,W2-903a3da4d6317e3374091f14,BASE_TRAIN,2,0,LG-N1-2b67b501f2c9621c49a08dd5,42,0.9460601700754162,uncalibrated_class1_probability,,93d3892b158c35eccfadc27c879754db69ea5293782492ee5d4ff01a33bff983
S0,W2-9045bab4c3ab22401aacf96b,BASE_TRAIN,4,0,LG-N1-76c4be6495976387e5f3a102,11,0.1527624437724081,uncalibrated_class1_probability,,93d3892b158c35eccfadc27c879754db69ea5293782492ee5d4ff01a33bff983
S0,W2-909231f79ba98693948ece20,BASE_TRAIN,0,0,LG-N1-e38686780189b56465b8d79f,10,0.27260589330974205,uncalibrated_class1_probability,,93d3892b158c35eccfadc27c879754db69ea5293782492ee5d4ff01a33bff983
S0,W2-90bf7697ce8f4959afd0c562,BASE_TRAIN,1,0,LG-N1-28a5997211c9a4b88173385b,7,0.017905170262013347,uncalibrated_class1_probability,,93d3892b158c35eccfadc27c879754db69ea5293782492ee5d4ff01a33bff983
S0,W2-910ea0343a3d9efb3502c513,BASE_TRAIN,2,0,LG-N1-3cd0e5556822b7add035b87d,32,0.4643625652959984,uncalibrated_class1_probability,,93d3892b158c35eccfadc27c879754db69ea5293782492ee5d4ff01a33bff983
S0,W2-91109a2780ecb17031dacd91,BASE_TRAIN,0,0,LG-N1-77a6576469c019977ab60612,16,0.31922069994054564,uncalibrated_class1_probability,,93d3892b158c35eccfadc27c879754db69ea5293782492ee5d4ff01a33bff983
S0,W2-91e5df98467f4d1fa5e3e807,BASE_TRAIN,1,0,LG-N1-d4d9da6c54896b0a705fcfef,7,0.07807983279024033,uncalibrated_class1_probability,,93d3892b158c35eccfadc27c879754db69ea5293782492ee5d4ff01a33bff983
S0,W2-922d0f4b8c8a164e1393a219,BASE_TRAIN,1,0,LG-N1-293b3c8b69163706851a5563,7,0.03455144197935474,uncalibrated_class1_probability,,93d3892b158c35eccfadc27c879754db69ea5293782492ee5d4ff01a33bff983
S0,W2-9246b3c1a013d78e4ca179d4,BASE_TRAIN,1,0,LG-N1-fb5b890c4661eb0f9125d13f,7,0.02402186834014865,uncalibrated_class1_probability,,93d3892b158c35eccfadc27c879754db69ea5293782492ee5d4ff01a33bff983
S0,W2-927a8903ba3cb39c2af47134,BASE_TRAIN,3,0,LG-N1-c73408ca4af64360f29aca87,11,0.06351415748346856,uncalibrated_class1_probability,,93d3892b158c35eccfadc27c879754db69ea5293782492ee5d4ff01a33bff983
S0,W2-9317495a09482f983cc999b9,BASE_TRAIN,1,0,LG-N1-75f88c58e19ff6a88bad22de,12,0.4539583955645196,uncalibrated_class1_probability,,93d3892b158c35eccfadc27c879754db69ea5293782492ee5d4ff01a33bff983
S0,W2-93301194fcc37e8f2ace062f,BASE_TRAIN,0,0,LG-N1-544f05531b77507c18b5bf58,11,0.2667830537881559,uncalibrated_class1_probability,,93d3892b158c35eccfadc27c879754db69ea5293782492ee5d4ff01a33bff983
S0,W2-9397e95fa987e0e54e54d148,BASE_TRAIN,4,0,LG-N1-1cccdb9e926e108fe9cf98c4,23,0.1662228898859693,uncalibrated_class1_probability,,93d3892b158c35eccfadc27c879754db69ea5293782492ee5d4ff01a33bff983
S0,W2-93bb63ce9e18f2514a1776ef,BASE_TRAIN,2,0,LG-N1-abc382c5593a8104a54082c8,7,0.00932098039092825,uncalibrated_class1_probability,,93d3892b158c35eccfadc27c879754db69ea5293782492ee5d4ff01a33bff983
S0,W2-93c12b6ae7fd453237798e9f,BASE_TRAIN,2,0,LG-N1-cf52c49f35463bbd60b9ade3,11,0.5943910092340674,uncalibrated_class1_probability,,93d3892b158c35eccfadc27c879754db69ea5293782492ee5d4ff01a33bff983
S0,W2-93c8320039ec255ab2c7a1db,BASE_TRAIN,3,0,LG-N1-226ee9d7ca4112ed5a49f940,17,0.5390062824220652,uncalibrated_class1_probability,,93d3892b158c35eccfadc27c879754db69ea5293782492ee5d4ff01a33bff983
S0,W2-93d5b9fc4018dd0e875a1e2b,BASE_TRAIN,1,0,LG-N1-c30326502b372fabb18e20b9,13,0.49813163042515385,uncalibrated_class1_probability,,93d3892b158c35eccfadc27c879754db69ea5293782492ee5d4ff01a33bff983
S0,W2-93f4eb6c0936fb76df98631a,BASE_TRAIN,2,0,LG-N1-3b2ea2d5fe0ca0544fbbc1fb,11,0.07263461645053146,uncalibrated_class1_probability,,93d3892b158c35eccfadc27c879754db69ea5293782492ee5d4ff01a33bff983
S0,W2-944470194dfa1cb37831c38f,BASE_TRAIN,1,0,LG-N1-b881ff72cb71de2d0a252753,17,0.34813904682039476,uncalibrated_class1_probability,,93d3892b158c35eccfadc27c879754db69ea5293782492ee5d4ff01a33bff983
S0,W2-947be3e84af9dcb6174b2b41,BASE_TRAIN,4,0,LG-N1-e563d8dce047e5b48ed97dfd,11,0.19376489198760014,uncalibrated_class1_probability,,93d3892b158c35eccfadc27c879754db69ea5293782492ee5d4ff01a33bff983
S0,W2-9480ec256197b44fdb5f1474,BASE_TRAIN,2,0,LG-N1-9e0141bd22c07b4b98281a8d,9,0.2378641399680916,uncalibrated_class1_probability,,93d3892b158c35eccfadc27c879754db69ea5293782492ee5d4ff01a33bff983
S0,W2-94cf156727171bc6bb550888,BASE_TRAIN,2,0,LG-N1-8f6fc4f62368271bf6bc1eda,8,0.040590085573681385,uncalibrated_class1_probability,,93d3892b158c35eccfadc27c879754db69ea5293782492ee5d4ff01a33bff983
S0,W2-9572e34c7ec6f3af9501ac0f,BASE_TRAIN,3,1,LG-N1-8c3ecb63afe94736561deab6,4,0.22418869262954833,uncalibrated_class1_probability,,93d3892b158c35eccfadc27c879754db69ea5293782492ee5d4ff01a33bff983
S0,W2-95a1e3a497aca38d7b322ec7,BASE_TRAIN,4,0,LG-N1-71b4919ec8621c136ab5b7b2,6,0.03768720295964366,uncalibrated_class1_probability,,93d3892b158c35eccfadc27c879754db69ea5293782492ee5d4ff01a33bff983
S0,W2-95dc1e2598812e324351e3da,BASE_TRAIN,0,0,LG-N1-5af46f68ac989f64dfe65250,26,0.9118380184370926,uncalibrated_class1_probability,,93d3892b158c35eccfadc27c879754db69ea5293782492ee5d4ff01a33bff983
S0,W2-95e0795840506cd7cdcefc3e,BASE_TRAIN,1,0,LG-N1-1e2d117e12565f42acf03609,13,0.20242698249007934,uncalibrated_class1_probability,,93d3892b158c35eccfadc27c879754db69ea5293782492ee5d4ff01a33bff983
S0,W2-95e82f4179e4bfdfcacb8930,BASE_TRAIN,0,0,LG-N1-a7cd63d23ec43f5f19b2499d,11,0.36637320326886946,uncalibrated_class1_probability,,93d3892b158c35eccfadc27c879754db69ea5293782492ee5d4ff01a33bff983
S0,W2-96d27ad4866ea3672f539658,BASE_TRAIN,0,0,LG-N1-8cad5c74b42e6158b114fe98,12,0.1154595108969021,uncalibrated_class1_probability,,93d3892b158c35eccfadc27c879754db69ea5293782492ee5d4ff01a33bff983
S0,W2-96fe665a48729ae452a91db7,BASE_TRAIN,1,0,LG-N1-1ef44176cba0f90dc5d32a73,8,0.01484399076597759,uncalibrated_class1_probability,,93d3892b158c35eccfadc27c879754db69ea5293782492ee5d4ff01a33bff983
S0,W2-97092b9773a39edbda469b2b,BASE_TRAIN,0,0,LG-N1-ea28cd0db07dd743b7822f13,5,0.11409961830221492,uncalibrated_class1_probability,,93d3892b158c35eccfadc27c879754db69ea5293782492ee5d4ff01a33bff983
S0,W2-971af3299ffc07484a6834b8,BASE_TRAIN,2,1,LG-N1-58881d45127d6827ab8b4d6b,201,0.9999687454299461,uncalibrated_class1_probability,,93d3892b158c35eccfadc27c879754db69ea5293782492ee5d4ff01a33bff983
S0,W2-9742b6e87d761a4e8cb8d3f8,BASE_TRAIN,0,0,LG-N1-8062c9092b9459754def0799,16,0.42493516067996373,uncalibrated_class1_probability,,93d3892b158c35eccfadc27c879754db69ea5293782492ee5d4ff01a33bff983
S0,W2-9751d3ced1de667aa0a2ec5b,BASE_TRAIN,0,0,LG-N1-413c5c2533a416107217483a,15,0.24378655663584067,uncalibrated_class1_probability,,93d3892b158c35eccfadc27c879754db69ea5293782492ee5d4ff01a33bff983
S0,W2-9817778dd859e4b5b0214a35,BASE_TRAIN,3,0,LG-N1-94f143d5e4bae6c934589f28,15,0.3019097180950659,uncalibrated_class1_probability,,93d3892b158c35eccfadc27c879754db69ea5293782492ee5d4ff01a33bff983
S0,W2-9917d032a2c85643dbc236d1,BASE_TRAIN,4,0,LG-N1-75bbdd26453f96a09d6bb1bb,9,0.019106162996355057,uncalibrated_class1_probability,,93d3892b158c35eccfadc27c879754db69ea5293782492ee5d4ff01a33bff983
S0,W2-9948e8cd61ef1159ff780e82,BASE_TRAIN,1,0,LG-N1-dcc13b6deab9fecacf806d40,7,0.021135529031225075,uncalibrated_class1_probability,,93d3892b158c35eccfadc27c879754db69ea5293782492ee5d4ff01a33bff983
S0,W2-99738a425512f31603ed90e2,BASE_TRAIN,4,0,LG-N1-12d6d10f12a5e0f5c9fee2a3,12,0.20435942906815946,uncalibrated_class1_probability,,93d3892b158c35eccfadc27c879754db69ea5293782492ee5d4ff01a33bff983
S0,W2-9982a1bd2677a82d6817776b,BASE_TRAIN,1,0,LG-N1-cc59f14ab3584167800e1c42,12,0.22562376148079497,uncalibrated_class1_probability,,93d3892b158c35eccfadc27c879754db69ea5293782492ee5d4ff01a33bff983
S0,W2-99c5b006d5425c1a500d78bf,BASE_TRAIN,2,0,LG-N1-e7a9be6adf91cd1eee548bda,7,0.15524057124374138,uncalibrated_class1_probability,,93d3892b158c35eccfadc27c879754db69ea5293782492ee5d4ff01a33bff983
S0,W2-9a2b862e641a149ef645eb5f,BASE_TRAIN,2,0,LG-N1-4d51c4d41c9c43a8cce75955,15,0.2111908641059153,uncalibrated_class1_probability,,93d3892b158c35eccfadc27c879754db69ea5293782492ee5d4ff01a33bff983
S0,W2-9a9708b097a77187743c0b8c,BASE_TRAIN,4,0,LG-N1-2ecbd8c18d4b593c71cee6c5,11,0.15018248688193947,uncalibrated_class1_probability,,93d3892b158c35eccfadc27c879754db69ea5293782492ee5d4ff01a33bff983
S0,W2-9b3644327fd7b8a30bd2a49f,BASE_TRAIN,1,1,LG-N1-cc5e743b9203416ec7707f51,140,0.9992415883976651,uncalibrated_class1_probability,,93d3892b158c35eccfadc27c879754db69ea5293782492ee5d4ff01a33bff983
S0,W2-9b41235b4a69e6f23617fdff,BASE_TRAIN,4,0,LG-N1-b3728f30afa234897f17d65b,25,0.4492511768462709,uncalibrated_class1_probability,,93d3892b158c35eccfadc27c879754db69ea5293782492ee5d4ff01a33bff983
S0,W2-9b6da259ce0e103d6f645bdb,BASE_TRAIN,1,1,LG-N1-fec8435f9840b568962c3026,41,0.9792893572445933,uncalibrated_class1_probability,,93d3892b158c35eccfadc27c879754db69ea5293782492ee5d4ff01a33bff983
S0,W2-9b6e3740582f696a4f01863d,BASE_TRAIN,3,0,LG-N1-8e651df4d1179e77be6ee64b,8,0.03593185735723397,uncalibrated_class1_probability,,93d3892b158c35eccfadc27c879754db69ea5293782492ee5d4ff01a33bff983
S0,W2-9ba1e2555e2cc93bf0e2be37,BASE_TRAIN,1,1,LG-N1-7bab08b6ac4d114c47466da9,42,0.9931689915581331,uncalibrated_class1_probability,,93d3892b158c35eccfadc27c879754db69ea5293782492ee5d4ff01a33bff983
S0,W2-9babdf2cd73263f074801a43,BASE_TRAIN,2,0,LG-N1-c8aa67cd4fc8571679acb732,9,0.20481001507803903,uncalibrated_class1_probability,,93d3892b158c35eccfadc27c879754db69ea5293782492ee5d4ff01a33bff983
S0,W2-9bc36b09a189238981ec183f,BASE_TRAIN,1,1,LG-N1-8d9d98aa3f246bac9ff24ed0,38,0.8750980520211911,uncalibrated_class1_probability,,93d3892b158c35eccfadc27c879754db69ea5293782492ee5d4ff01a33bff983
S0,W2-9bf8843ec503c4f13292eb50,BASE_TRAIN,2,0,LG-N1-30cc3419b49f07ba75abc92d,10,0.03685514929500872,uncalibrated_class1_probability,,93d3892b158c35eccfadc27c879754db69ea5293782492ee5d4ff01a33bff983
S0,W2-9c1e2c91c49d18f77c8f9172,BASE_TRAIN,3,0,LG-N1-f864919f77fd801877f485d8,11,0.10327401553070294,uncalibrated_class1_probability,,93d3892b158c35eccfadc27c879754db69ea5293782492ee5d4ff01a33bff983
S0,W2-9c2a9229f3d9c4cefd8ce5fb,BASE_TRAIN,1,0,LG-N1-66a1446ff990d6c7c2a9168d,15,0.20828141649161305,uncalibrated_class1_probability,,93d3892b158c35eccfadc27c879754db69ea5293782492ee5d4ff01a33bff983
S0,W2-9c8a4f0c865b6500cf967ade,BASE_TRAIN,1,0,LG-N1-86b0f9cb7a6ab46302ebfe2c,27,0.6443634726237666,uncalibrated_class1_probability,,93d3892b158c35eccfadc27c879754db69ea5293782492ee5d4ff01a33bff983
S0,W2-9ce5bb3ee31181f7d3d362e1,BASE_TRAIN,4,0,LG-N1-1b5baf505cfd33f873b3adfc,11,0.05645193354951506,uncalibrated_class1_probability,,93d3892b158c35eccfadc27c879754db69ea5293782492ee5d4ff01a33bff983
S0,W2-9d07dd5c37d6edbe13bcfa4f,BASE_TRAIN,0,0,LG-N1-1212c5fa16ed38867067955d,14,0.39279444649124196,uncalibrated_class1_probability,,93d3892b158c35eccfadc27c879754db69ea5293782492ee5d4ff01a33bff983
S0,W2-9d638ebc81db23a68b1d705c,BASE_TRAIN,1,0,LG-N1-e875eb0f5fda1bd34c677575,10,0.07104521131776419,uncalibrated_class1_probability,,93d3892b158c35eccfadc27c879754db69ea5293782492ee5d4ff01a33bff983
S0,W2-9d72c86a8b08c02a0ab81e06,BASE_TRAIN,2,0,LG-N1-5197d93ffbefc01bdf92dda1,10,0.0584730232216504,uncalibrated_class1_probability,,93d3892b158c35eccfadc27c879754db69ea5293782492ee5d4ff01a33bff983
S0,W2-9ddf412e1f8f93718176e0c6,BASE_TRAIN,3,0,LG-N1-958a10b2ea57972893aa11e8,16,0.10076796430277432,uncalibrated_class1_probability,,93d3892b158c35eccfadc27c879754db69ea5293782492ee5d4ff01a33bff983
S0,W2-9e28ea6e08e075e12784b9a1,BASE_TRAIN,4,0,LG-N1-e1f206a7dbaa222c5202be58,9,0.04612172012044063,uncalibrated_class1_probability,,93d3892b158c35eccfadc27c879754db69ea5293782492ee5d4ff01a33bff983
S0,W2-9e50f94bc4ada9fb0739f019,BASE_TRAIN,1,0,LG-N1-4e316b4c156a4091f791a0b4,13,0.24479434329971084,uncalibrated_class1_probability,,93d3892b158c35eccfadc27c879754db69ea5293782492ee5d4ff01a33bff983
S0,W2-9e82cf1a389f00e32a7e88af,BASE_TRAIN,3,0,LG-N1-fa11c112fe0f1383f9f08f03,9,0.01302137650243825,uncalibrated_class1_probability,,93d3892b158c35eccfadc27c879754db69ea5293782492ee5d4ff01a33bff983
S0,W2-9eae7889e8ed9bdc57833265,BASE_TRAIN,4,0,LG-N1-ee3691b74b7c7f6befae3c2d,6,0.04192274990694559,uncalibrated_class1_probability,,93d3892b158c35eccfadc27c879754db69ea5293782492ee5d4ff01a33bff983
S0,W2-9ecff1d86fb218d75135fc0d,BASE_TRAIN,2,0,LG-N1-41bd5b1831cca6b2d9cf3722,19,0.21078722425848997,uncalibrated_class1_probability,,93d3892b158c35eccfadc27c879754db69ea5293782492ee5d4ff01a33bff983
S0,W2-9f9ca29144ae5755a5c56c9b,BASE_TRAIN,0,1,LG-N1-8685a676c88ba00c561de7d9,49,0.8004952702517362,uncalibrated_class1_probability,,93d3892b158c35eccfadc27c879754db69ea5293782492ee5d4ff01a33bff983
S0,W2-9fa030c003d5716ffe9b627e,BASE_TRAIN,4,1,LG-N1-7b6badff5b20c9ef8c49ce3d,36,0.7075725912519,uncalibrated_class1_probability,,93d3892b158c35eccfadc27c879754db69ea5293782492ee5d4ff01a33bff983
S0,W2-9fc4aa7991858832c7f96bb6,BASE_TRAIN,4,0,LG-N1-102369e5d16299fdd940ae15,85,0.8910376865750549,uncalibrated_class1_probability,,93d3892b158c35eccfadc27c879754db69ea5293782492ee5d4ff01a33bff983
S0,W2-a01353d6cb093876fddec014,BASE_TRAIN,1,1,LG-N1-bb99dac9524015a92d684db2,82,0.5169747088312565,uncalibrated_class1_probability,,93d3892b158c35eccfadc27c879754db69ea5293782492ee5d4ff01a33bff983
S0,W2-a01ce2ac5da53fc8ed32d5dc,BASE_TRAIN,3,1,LG-N1-92ee9b0bbfeff7c63358e687,53,0.9836591813989255,uncalibrated_class1_probability,,93d3892b158c35eccfadc27c879754db69ea5293782492ee5d4ff01a33bff983
S0,W2-a02db66bb440648d8ce0767b,BASE_TRAIN,1,0,LG-N1-7835f6fd309f5bd62cd90d3f,9,0.05754452694983419,uncalibrated_class1_probability,,93d3892b158c35eccfadc27c879754db69ea5293782492ee5d4ff01a33bff983
S0,W2-a03c09febd60ecbb79721270,BASE_TRAIN,1,0,LG-N1-9dd0817a32f7cf7f7d333708,10,0.019514661225165632,uncalibrated_class1_probability,,93d3892b158c35eccfadc27c879754db69ea5293782492ee5d4ff01a33bff983
S0,W2-a05fff9a5603774beda0224e,BASE_TRAIN,2,0,LG-N1-5f8c6f93de3e07ab2ef903bf,9,0.059743169415524884,uncalibrated_class1_probability,,93d3892b158c35eccfadc27c879754db69ea5293782492ee5d4ff01a33bff983
S0,W2-a080b7295da7ab3866be79ee,BASE_TRAIN,0,1,LG-N1-ddf4d7cb1802667ace4a28d7,24,0.9781203900249065,uncalibrated_class1_probability,,93d3892b158c35eccfadc27c879754db69ea5293782492ee5d4ff01a33bff983
S0,W2-a111273a37987006359659fa,BASE_TRAIN,0,1,LG-N1-852dc566e08ee5109ebbb69b,17,0.9419722646465385,uncalibrated_class1_probability,,93d3892b158c35eccfadc27c879754db69ea5293782492ee5d4ff01a33bff983
S0,W2-a124581d1d95d623d69335c0,BASE_TRAIN,4,0,LG-N1-6b282d132bcf3da93315f143,10,0.41606374458315015,uncalibrated_class1_probability,,93d3892b158c35eccfadc27c879754db69ea5293782492ee5d4ff01a33bff983
S0,W2-a1407449855cca7ccaf9989a,BASE_TRAIN,2,0,LG-N1-8240a62893c0fe1bee152939,16,0.4136789117887859,uncalibrated_class1_probability,,93d3892b158c35eccfadc27c879754db69ea5293782492ee5d4ff01a33bff983
S0,W2-a147f7aa150454d67c5d8227,BASE_TRAIN,1,0,LG-N1-5954cbc01fa2d47452eaf389,12,0.12006644339920593,uncalibrated_class1_probability,,93d3892b158c35eccfadc27c879754db69ea5293782492ee5d4ff01a33bff983
S0,W2-a154346eb2a5ecad6f5f59e7,BASE_TRAIN,0,1,LG-N1-0f834fcf12d191f966a791e2,58,0.9492613559925049,uncalibrated_class1_probability,,93d3892b158c35eccfadc27c879754db69ea5293782492ee5d4ff01a33bff983
S0,W2-a1cdc55c308a04981a9560c5,BASE_TRAIN,0,0,LG-N1-0174e78c876f209861139287,7,0.034205130478686854,uncalibrated_class1_probability,,93d3892b158c35eccfadc27c879754db69ea5293782492ee5d4ff01a33bff983
S0,W2-a1eacc8f8d7ffa05ccf82eb0,BASE_TRAIN,3,0,LG-N1-a3a2c6ce0c5cb01acf8308ec,28,0.3657125641993366,uncalibrated_class1_probability,,93d3892b158c35eccfadc27c879754db69ea5293782492ee5d4ff01a33bff983
S0,W2-a21ffb3ea96a04e5f0bc6a42,BASE_TRAIN,2,0,LG-N1-7d19f0467326010a1a33cdd5,13,0.1756471691920623,uncalibrated_class1_probability,,93d3892b158c35eccfadc27c879754db69ea5293782492ee5d4ff01a33bff983
S0,W2-a240634c7683b25decc637da,BASE_TRAIN,1,0,LG-N1-97077229b2f551ac0b20991b,7,0.01261581997004829,uncalibrated_class1_probability,,93d3892b158c35eccfadc27c879754db69ea5293782492ee5d4ff01a33bff983
S0,W2-a246bd2ddcace5ebc2910cec,BASE_TRAIN,1,0,LG-N1-e573a9ef8633fa363229402a,36,0.3718531477605495,uncalibrated_class1_probability,,93d3892b158c35eccfadc27c879754db69ea5293782492ee5d4ff01a33bff983
S0,W2-a29c9b158cf8ac68a0ad8958,BASE_TRAIN,2,0,LG-N1-29b886b99c7c43213fab2956,9,0.023333040244284908,uncalibrated_class1_probability,,93d3892b158c35eccfadc27c879754db69ea5293782492ee5d4ff01a33bff983
S0,W2-a2a920e789f154fbbb675ace,BASE_TRAIN,0,0,LG-N1-08d590f913d638d0c224dba8,13,0.12168224522311367,uncalibrated_class1_probability,,93d3892b158c35eccfadc27c879754db69ea5293782492ee5d4ff01a33bff983
S0,W2-a2cc5e418f6c87c0c183739e,BASE_TRAIN,4,0,LG-N1-b5b300c47248afd0fe6d7520,11,0.16566818628004681,uncalibrated_class1_probability,,93d3892b158c35eccfadc27c879754db69ea5293782492ee5d4ff01a33bff983
S0,W2-a2ebed4ac325e5edd6c12915,BASE_TRAIN,1,0,LG-N1-9f1ddf360fc0d94ecade7169,14,0.591954674310282,uncalibrated_class1_probability,,93d3892b158c35eccfadc27c879754db69ea5293782492ee5d4ff01a33bff983
S0,W2-a3067752ad31d5cee8602357,BASE_TRAIN,1,0,LG-N1-3bad3052a9fb4c9128339d7c,17,0.32203630907396247,uncalibrated_class1_probability,,93d3892b158c35eccfadc27c879754db69ea5293782492ee5d4ff01a33bff983
S0,W2-a34a6d9aafadeb81da9d42c1,BASE_TRAIN,4,1,LG-N1-dd1a6a720d511c8b3db57e05,156,0.9932133810259169,uncalibrated_class1_probability,,93d3892b158c35eccfadc27c879754db69ea5293782492ee5d4ff01a33bff983
S0,W2-a356ec8a16cacf7c213cde2b,BASE_TRAIN,1,0,LG-N1-ee88188c1865d34a20e38502,8,0.03608683498624825,uncalibrated_class1_probability,,93d3892b158c35eccfadc27c879754db69ea5293782492ee5d4ff01a33bff983
S0,W2-a383492e0263564a0648137b,BASE_TRAIN,1,0,LG-N1-fcb71c260a73dc0dbf3a3071,11,0.40212505420646744,uncalibrated_class1_probability,,93d3892b158c35eccfadc27c879754db69ea5293782492ee5d4ff01a33bff983
S0,W2-a38cd0af4c9d3d3f82fea7d0,BASE_TRAIN,0,0,LG-N1-d6f73933c24cf019b0f51eae,20,0.44970159533588233,uncalibrated_class1_probability,,93d3892b158c35eccfadc27c879754db69ea5293782492ee5d4ff01a33bff983
S0,W2-a3c0b715fcccccb212f4059c,BASE_TRAIN,3,0,LG-N1-394294934433f862ee3cb94d,6,0.012882136793384744,uncalibrated_class1_probability,,93d3892b158c35eccfadc27c879754db69ea5293782492ee5d4ff01a33bff983
S0,W2-a43969a4d6ca21e8486fca71,BASE_TRAIN,4,0,LG-N1-81deed645b4428001c8cbe4b,10,0.04067922671270023,uncalibrated_class1_probability,,93d3892b158c35eccfadc27c879754db69ea5293782492ee5d4ff01a33bff983
S0,W2-a47625a4deeacdfb7ad7133e,BASE_TRAIN,0,1,LG-N1-a27b0be1fd66be46b759c10c,78,0.7025422532753056,uncalibrated_class1_probability,,93d3892b158c35eccfadc27c879754db69ea5293782492ee5d4ff01a33bff983
S0,W2-a4ca56c9c636a0fc168cea80,BASE_TRAIN,2,1,LG-N1-524c559690f16214246023ca,23,0.29705985712898825,uncalibrated_class1_probability,,93d3892b158c35eccfadc27c879754db69ea5293782492ee5d4ff01a33bff983
S0,W2-a5a155b0d3a9577c350c52ef,BASE_TRAIN,4,0,LG-N1-a0c00978ad79c0553aa3c119,12,0.01310757760727913,uncalibrated_class1_probability,,93d3892b158c35eccfadc27c879754db69ea5293782492ee5d4ff01a33bff983
S0,W2-a5dc73972b78b947627de5ad,BASE_TRAIN,4,0,LG-N1-4747560cbd39521a5d78199b,46,0.8175078330523334,uncalibrated_class1_probability,,93d3892b158c35eccfadc27c879754db69ea5293782492ee5d4ff01a33bff983
S0,W2-a623ca6e4afa7fc1d952f73b,BASE_TRAIN,3,0,LG-N1-ecde4b20be5751adb399191e,16,0.4236613871922849,uncalibrated_class1_probability,,93d3892b158c35eccfadc27c879754db69ea5293782492ee5d4ff01a33bff983
S0,W2-a651369b9a274abfab8d580b,BASE_TRAIN,1,1,LG-N1-ad05e4c7e9142a06221e6dae,37,0.5405308071135787,uncalibrated_class1_probability,,93d3892b158c35eccfadc27c879754db69ea5293782492ee5d4ff01a33bff983
S0,W2-a6528680f2232870102f571d,BASE_TRAIN,1,0,LG-N1-5fa2b8cee75c3e0cb915724d,8,0.1817910955006815,uncalibrated_class1_probability,,93d3892b158c35eccfadc27c879754db69ea5293782492ee5d4ff01a33bff983
S0,W2-a6681550135bdd291e720bf7,BASE_TRAIN,1,0,LG-N1-8e43dc4c3fbe169c615ddf77,15,0.40882119319927174,uncalibrated_class1_probability,,93d3892b158c35eccfadc27c879754db69ea5293782492ee5d4ff01a33bff983
S0,W2-a6ba2133cf93bfb24ebb019a,BASE_TRAIN,2,0,LG-N1-cb510e3544758af1092c0b6d,10,0.07927688256751697,uncalibrated_class1_probability,,93d3892b158c35eccfadc27c879754db69ea5293782492ee5d4ff01a33bff983
S0,W2-a7201edd2774e8e1daba7fb1,BASE_TRAIN,1,0,LG-N1-092936c34a737af0cae7d64b,11,0.057277738547084234,uncalibrated_class1_probability,,93d3892b158c35eccfadc27c879754db69ea5293782492ee5d4ff01a33bff983
S0,W2-a725c66c0d24873925dfbbde,BASE_TRAIN,0,1,LG-N1-acbd74e053a12129f55a5c2a,63,0.9957369824396002,uncalibrated_class1_probability,,93d3892b158c35eccfadc27c879754db69ea5293782492ee5d4ff01a33bff983
S0,W2-a7c37e543ddd4eff651cd8f7,BASE_TRAIN,3,0,LG-N1-66177275d1cf43d4ae767575,7,0.01723068400944635,uncalibrated_class1_probability,,93d3892b158c35eccfadc27c879754db69ea5293782492ee5d4ff01a33bff983
S0,W2-a7db2354234e482f4863cd4f,BASE_TRAIN,1,0,LG-N1-9d93c10ce2f8893752fb59eb,11,0.03143919565284446,uncalibrated_class1_probability,,93d3892b158c35eccfadc27c879754db69ea5293782492ee5d4ff01a33bff983
S0,W2-a8321fc43e35ade2b075602d,BASE_TRAIN,3,0,LG-N1-16a682fa61dadfc3355857bb,10,0.08797850948777726,uncalibrated_class1_probability,,93d3892b158c35eccfadc27c879754db69ea5293782492ee5d4ff01a33bff983
S0,W2-a84bc488e39600e17c70208f,BASE_TRAIN,1,0,LG-N1-4c8f5753d6816b6263dce8f1,16,0.7155915531100712,uncalibrated_class1_probability,,93d3892b158c35eccfadc27c879754db69ea5293782492ee5d4ff01a33bff983
S0,W2-a85985696d245fbaa19dca4d,BASE_TRAIN,2,0,LG-N1-07673d436fe72a9e8f187559,4,0.00010044530544324827,uncalibrated_class1_probability,,93d3892b158c35eccfadc27c879754db69ea5293782492ee5d4ff01a33bff983
S0,W2-a860e1e34b2a39ee88b9a9aa,BASE_TRAIN,0,0,LG-N1-48be522aaafbf763d9d5e47b,98,0.9765355377716018,uncalibrated_class1_probability,,93d3892b158c35eccfadc27c879754db69ea5293782492ee5d4ff01a33bff983
S0,W2-a952bcc4143706b843754d16,BASE_TRAIN,4,0,LG-N1-57db2ba0479a4bdcd301573b,12,0.14301632419808552,uncalibrated_class1_probability,,93d3892b158c35eccfadc27c879754db69ea5293782492ee5d4ff01a33bff983
S0,W2-a9c4c0fa920e958309b3e1f4,BASE_TRAIN,4,1,LG-N1-86895cb2c309b74c5bded007,14,0.24577373232329705,uncalibrated_class1_probability,,93d3892b158c35eccfadc27c879754db69ea5293782492ee5d4ff01a33bff983
S0,W2-a9de7525e802b39da85d7295,BASE_TRAIN,2,0,LG-N1-96dfc3d712d522c932f39e02,22,0.3561889920850577,uncalibrated_class1_probability,,93d3892b158c35eccfadc27c879754db69ea5293782492ee5d4ff01a33bff983
S0,W2-a9f376ca74b303aa03a430c1,BASE_TRAIN,1,0,LG-N1-92ab8ffe6b0b80e0e763a815,11,0.237413638251701,uncalibrated_class1_probability,,93d3892b158c35eccfadc27c879754db69ea5293782492ee5d4ff01a33bff983
S0,W2-aa5bbaef210095495b970f11,BASE_TRAIN,4,0,LG-N1-23136a334ad838a9286ec55f,5,0.00038741294528574476,uncalibrated_class1_probability,,93d3892b158c35eccfadc27c879754db69ea5293782492ee5d4ff01a33bff983
S0,W2-aa9b792c544b07f4762a2292,BASE_TRAIN,0,0,LG-N1-509659c039030edcd69491a9,14,0.12855218252776968,uncalibrated_class1_probability,,93d3892b158c35eccfadc27c879754db69ea5293782492ee5d4ff01a33bff983
S0,W2-aac2fdc41b50b65895bb2328,BASE_TRAIN,4,0,LG-N1-74a6993ebb0c560ecfa379ef,5,0.0037228134675571637,uncalibrated_class1_probability,,93d3892b158c35eccfadc27c879754db69ea5293782492ee5d4ff01a33bff983
S0,W2-aac5251716c6bdfe7b25b1d3,BASE_TRAIN,3,0,LG-N1-d954eca60fd6fd02534bdcff,7,0.10637890469926785,uncalibrated_class1_probability,,93d3892b158c35eccfadc27c879754db69ea5293782492ee5d4ff01a33bff983
S0,W2-ab2a572283f51bf60cc4e457,BASE_TRAIN,4,0,LG-N1-aeb2aa05d63dec5cb432a03d,15,0.3927012277995776,uncalibrated_class1_probability,,93d3892b158c35eccfadc27c879754db69ea5293782492ee5d4ff01a33bff983
S0,W2-ab98d5f799883a8365c8065b,BASE_TRAIN,2,0,LG-N1-a80baf7be6d6d279353cc7c5,7,0.0962195679414594,uncalibrated_class1_probability,,93d3892b158c35eccfadc27c879754db69ea5293782492ee5d4ff01a33bff983
S0,W2-ac070cf5615e3d921bf92827,BASE_TRAIN,2,0,LG-N1-9ce2862367762da4dce65f05,17,0.46853862411446867,uncalibrated_class1_probability,,93d3892b158c35eccfadc27c879754db69ea5293782492ee5d4ff01a33bff983
S0,W2-acb4bf186f01574ffaf5c4de,BASE_TRAIN,2,0,LG-N1-39e88de406e3fc5d43e88acf,11,0.5166446423496572,uncalibrated_class1_probability,,93d3892b158c35eccfadc27c879754db69ea5293782492ee5d4ff01a33bff983
S0,W2-acc50d290eb0a466fb19c5d1,BASE_TRAIN,1,0,LG-N1-b32862667d81d6c489158a6d,12,0.14840349155875265,uncalibrated_class1_probability,,93d3892b158c35eccfadc27c879754db69ea5293782492ee5d4ff01a33bff983
S0,W2-ad0ba32e722a935678afa09a,BASE_TRAIN,4,1,LG-N1-6030f07c87085dd55bdb7f7b,18,0.5519542877218403,uncalibrated_class1_probability,,93d3892b158c35eccfadc27c879754db69ea5293782492ee5d4ff01a33bff983
S0,W2-ad5f70bd92450b3317e9c2e4,BASE_TRAIN,2,0,LG-N1-3bc9d8e164167d331d14bc6e,8,0.018507752107200872,uncalibrated_class1_probability,,93d3892b158c35eccfadc27c879754db69ea5293782492ee5d4ff01a33bff983
S0,W2-ad96cb5130c394c9c2b604e5,BASE_TRAIN,0,1,LG-N1-a0f5d7dbcadbd7385d1e9183,10,0.3838094296596126,uncalibrated_class1_probability,,93d3892b158c35eccfadc27c879754db69ea5293782492ee5d4ff01a33bff983
S0,W2-ada8d864872c6f454c9d89e9,BASE_TRAIN,2,0,LG-N1-6d6e7e72c9a2662cc8827e8e,11,0.1303269409477538,uncalibrated_class1_probability,,93d3892b158c35eccfadc27c879754db69ea5293782492ee5d4ff01a33bff983
S0,W2-ae0eb219c509de20312039ca,BASE_TRAIN,0,0,LG-N1-4f73680d1fc3d5e6e008e6c6,15,0.20896030073631777,uncalibrated_class1_probability,,93d3892b158c35eccfadc27c879754db69ea5293782492ee5d4ff01a33bff983
S0,W2-ae21a185c2e966a2cf35d890,BASE_TRAIN,3,1,LG-N1-9cc8625cd0e9f02e1bd7cb4c,29,0.91794886472531,uncalibrated_class1_probability,,93d3892b158c35eccfadc27c879754db69ea5293782492ee5d4ff01a33bff983
S0,W2-ae25fb8ad9d73a5d645e7a9d,BASE_TRAIN,4,0,LG-N1-bd2e8168ed46f1ce382bcc5b,8,0.024726047966198275,uncalibrated_class1_probability,,93d3892b158c35eccfadc27c879754db69ea5293782492ee5d4ff01a33bff983
S0,W2-ae81f996c05e2b7068e38c11,BASE_TRAIN,4,0,LG-N1-e40c2b8fff0464da848d11dc,9,0.19541846005313096,uncalibrated_class1_probability,,93d3892b158c35eccfadc27c879754db69ea5293782492ee5d4ff01a33bff983
S0,W2-ae9510125a81c7637b4a8183,BASE_TRAIN,0,0,LG-N1-58fc0fc81a4c97bec7f13f70,13,0.23105587634739244,uncalibrated_class1_probability,,93d3892b158c35eccfadc27c879754db69ea5293782492ee5d4ff01a33bff983
S0,W2-ae9dc55672805426791b0034,BASE_TRAIN,3,1,LG-N1-92889e875cb961adcb66e3fb,30,0.9292114674416895,uncalibrated_class1_probability,,93d3892b158c35eccfadc27c879754db69ea5293782492ee5d4ff01a33bff983
S0,W2-aeae6d02ddc091926fdb96aa,BASE_TRAIN,3,0,LG-N1-51d47f35adc41cac7252afb0,13,0.5305218720321079,uncalibrated_class1_probability,,93d3892b158c35eccfadc27c879754db69ea5293782492ee5d4ff01a33bff983
S0,W2-aeb4189bc05c361a5c9755a8,BASE_TRAIN,0,0,LG-N1-313ef9f6458d7871b2701be7,14,0.5227036499099608,uncalibrated_class1_probability,,93d3892b158c35eccfadc27c879754db69ea5293782492ee5d4ff01a33bff983
S0,W2-aed1c79f9f768db1582d3bd9,BASE_TRAIN,4,0,LG-N1-8e9f1a94b1bc52ec48f15a3b,8,0.016366296364824395,uncalibrated_class1_probability,,93d3892b158c35eccfadc27c879754db69ea5293782492ee5d4ff01a33bff983
S0,W2-af6d8024e8b17a668efbe6e3,BASE_TRAIN,3,1,LG-N1-613435edc74943ba5dedf7d0,31,0.5305891988554539,uncalibrated_class1_probability,,93d3892b158c35eccfadc27c879754db69ea5293782492ee5d4ff01a33bff983
S0,W2-afed25e8cbb48878ef625368,BASE_TRAIN,3,0,LG-N1-5f9aef77271b31d02c88436e,7,0.1061390606596003,uncalibrated_class1_probability,,93d3892b158c35eccfadc27c879754db69ea5293782492ee5d4ff01a33bff983
S0,W2-b02385b4e982b78da1d14b0c,BASE_TRAIN,3,1,LG-N1-4493db0144e3720c8a49a15b,37,0.501063925916518,uncalibrated_class1_probability,,93d3892b158c35eccfadc27c879754db69ea5293782492ee5d4ff01a33bff983
S0,W2-b0240aa8b07649be68fdd7da,BASE_TRAIN,4,0,LG-N1-826d55a060dc6e71404bd9e6,10,0.2618868519015597,uncalibrated_class1_probability,,93d3892b158c35eccfadc27c879754db69ea5293782492ee5d4ff01a33bff983
S0,W2-b0582e600e6fbf99514b3dc7,BASE_TRAIN,0,1,LG-N1-7e7a0698f5f81a984719a5e8,98,0.9882647825263822,uncalibrated_class1_probability,,93d3892b158c35eccfadc27c879754db69ea5293782492ee5d4ff01a33bff983
S0,W2-b07b311961519d8321229488,BASE_TRAIN,1,0,LG-N1-bd9237c51865933219bdc80e,9,0.09880880673869268,uncalibrated_class1_probability,,93d3892b158c35eccfadc27c879754db69ea5293782492ee5d4ff01a33bff983
S0,W2-b0ce15256d9ea178c393c61c,BASE_TRAIN,4,0,LG-N1-be0f7f06b6030bc1b5cc9b82,52,0.9614791999194586,uncalibrated_class1_probability,,93d3892b158c35eccfadc27c879754db69ea5293782492ee5d4ff01a33bff983
S0,W2-b0f39555692768a919534003,BASE_TRAIN,1,1,LG-N1-d80ebde648f005f3b8f7d523,60,0.9997542331453599,uncalibrated_class1_probability,,93d3892b158c35eccfadc27c879754db69ea5293782492ee5d4ff01a33bff983
S0,W2-b166f63730aef388e015a83b,BASE_TRAIN,4,0,LG-N1-e3b7922f0a946723cee45d16,12,0.0404852469077298,uncalibrated_class1_probability,,93d3892b158c35eccfadc27c879754db69ea5293782492ee5d4ff01a33bff983
S0,W2-b1794652a5892e9617f81989,BASE_TRAIN,3,0,LG-N1-ca98cace51f6ab172c5900bb,5,0.002904088956652057,uncalibrated_class1_probability,,93d3892b158c35eccfadc27c879754db69ea5293782492ee5d4ff01a33bff983
S0,W2-b1c946fec90ee4b1632324db,BASE_TRAIN,3,1,LG-N1-f61ff5a6102b100974c120f8,10,0.21773524443884057,uncalibrated_class1_probability,,93d3892b158c35eccfadc27c879754db69ea5293782492ee5d4ff01a33bff983
S0,W2-b1ded2d4de51248847bd8a3e,BASE_TRAIN,0,0,LG-N1-db8f2462099f6789e78210d7,13,0.20883470652807165,uncalibrated_class1_probability,,93d3892b158c35eccfadc27c879754db69ea5293782492ee5d4ff01a33bff983
S0,W2-b236ac2e8ae7a508ab0cbf91,BASE_TRAIN,0,0,LG-N1-1d05d09442559f49299ed41e,10,0.049611725845151645,uncalibrated_class1_probability,,93d3892b158c35eccfadc27c879754db69ea5293782492ee5d4ff01a33bff983
S0,W2-b28bec20107674332f168edd,BASE_TRAIN,0,1,LG-N1-cb05eb3ce5adc3b7c071c9b4,38,0.9028095544589109,uncalibrated_class1_probability,,93d3892b158c35eccfadc27c879754db69ea5293782492ee5d4ff01a33bff983
S0,W2-b2cb26ce08c8f4f73b63ccba,BASE_TRAIN,2,0,LG-N1-ec3c93c770be30a72ca34950,9,0.04650279833305988,uncalibrated_class1_probability,,93d3892b158c35eccfadc27c879754db69ea5293782492ee5d4ff01a33bff983
S0,W2-b3379f94407754c2b7e8d319,BASE_TRAIN,1,0,LG-N1-f77f98b80df8d77639be9b30,9,0.008932809103912163,uncalibrated_class1_probability,,93d3892b158c35eccfadc27c879754db69ea5293782492ee5d4ff01a33bff983
S0,W2-b3652f9130997e2e070e735b,BASE_TRAIN,2,0,LG-N1-8ce803f461efe496d73257ee,12,0.12242490096397918,uncalibrated_class1_probability,,93d3892b158c35eccfadc27c879754db69ea5293782492ee5d4ff01a33bff983
S0,W2-b3b406aacb2d15bef1dc1cbd,BASE_TRAIN,4,0,LG-N1-33eeaa50f287a1b8bb2ea8fe,26,0.4916656323079537,uncalibrated_class1_probability,,93d3892b158c35eccfadc27c879754db69ea5293782492ee5d4ff01a33bff983
S0,W2-b464364d4c14ca4645b5a947,BASE_TRAIN,4,0,LG-N1-28af735507508526e15cd70c,9,0.13745612408667052,uncalibrated_class1_probability,,93d3892b158c35eccfadc27c879754db69ea5293782492ee5d4ff01a33bff983
S0,W2-b49f3c9fdd494689ebd2bea9,BASE_TRAIN,1,1,LG-N1-cf52b9deba354400385bb181,66,0.125603275527837,uncalibrated_class1_probability,,93d3892b158c35eccfadc27c879754db69ea5293782492ee5d4ff01a33bff983
S0,W2-b556dba3b6f0db60999a13d6,BASE_TRAIN,0,0,LG-N1-0fdc418d0f63858c7fbfbca2,10,0.1601631609202942,uncalibrated_class1_probability,,93d3892b158c35eccfadc27c879754db69ea5293782492ee5d4ff01a33bff983
S0,W2-b5912570cae26171203c3f02,BASE_TRAIN,2,0,LG-N1-53b6ed8218f8edfbf3ff0f0d,11,0.13147590809053522,uncalibrated_class1_probability,,93d3892b158c35eccfadc27c879754db69ea5293782492ee5d4ff01a33bff983
S0,W2-b605b02042d9230a96c2b8fc,BASE_TRAIN,0,0,LG-N1-6f4c4b01ae45da6650536b77,14,0.12411037161299206,uncalibrated_class1_probability,,93d3892b158c35eccfadc27c879754db69ea5293782492ee5d4ff01a33bff983
S0,W2-b6c09d25f9039aa1d11b7ac4,BASE_TRAIN,3,0,LG-N1-770a4f2fd9641ef249a6d7e9,11,0.15126036743295504,uncalibrated_class1_probability,,93d3892b158c35eccfadc27c879754db69ea5293782492ee5d4ff01a33bff983
S0,W2-b6f4352522eeb155f03f5f52,BASE_TRAIN,3,0,LG-N1-5ff44115b442ce64a6606fd2,13,0.08203034259211918,uncalibrated_class1_probability,,93d3892b158c35eccfadc27c879754db69ea5293782492ee5d4ff01a33bff983
S0,W2-b6fce0ab18caa7d6565281bc,BASE_TRAIN,3,0,LG-N1-7c327c549cb75febec5204cd,12,0.03265312151762982,uncalibrated_class1_probability,,93d3892b158c35eccfadc27c879754db69ea5293782492ee5d4ff01a33bff983
S0,W2-b788b005cb4b1bd2c99bb403,BASE_TRAIN,3,0,LG-N1-bb9db6a0ba522ca0234bf469,8,0.08856404559411499,uncalibrated_class1_probability,,93d3892b158c35eccfadc27c879754db69ea5293782492ee5d4ff01a33bff983
S0,W2-b7d4d075cb90ecc91afe6af9,BASE_TRAIN,1,0,LG-N1-3e35aed4dcd8d71bc49a9447,9,0.014748539382031125,uncalibrated_class1_probability,,93d3892b158c35eccfadc27c879754db69ea5293782492ee5d4ff01a33bff983
S0,W2-b7e1922e0d23ebb28f1e4e1d,BASE_TRAIN,2,0,LG-N1-9699eaa791c99c01c77eeedc,9,0.03085674342140837,uncalibrated_class1_probability,,93d3892b158c35eccfadc27c879754db69ea5293782492ee5d4ff01a33bff983
S0,W2-b7e23ac9fd6585a5db1178c2,BASE_TRAIN,3,0,LG-N1-99e9d395a0e0262afe4db19e,11,0.2026404276505079,uncalibrated_class1_probability,,93d3892b158c35eccfadc27c879754db69ea5293782492ee5d4ff01a33bff983
S0,W2-b852f78403229fdc56175a31,BASE_TRAIN,4,0,LG-N1-d2ce6c829c6a825a697eebe3,13,0.1523445856495065,uncalibrated_class1_probability,,93d3892b158c35eccfadc27c879754db69ea5293782492ee5d4ff01a33bff983
S0,W2-b8614e1c5f024682543dad98,BASE_TRAIN,3,0,LG-N1-445f8e893a4c930bfe74e858,40,0.6888467367492667,uncalibrated_class1_probability,,93d3892b158c35eccfadc27c879754db69ea5293782492ee5d4ff01a33bff983
S0,W2-b8c2af20dbfea4133bde42e8,BASE_TRAIN,1,0,LG-N1-8f80636ba47ce03818da98c5,12,0.20312412956950288,uncalibrated_class1_probability,,93d3892b158c35eccfadc27c879754db69ea5293782492ee5d4ff01a33bff983
S0,W2-b9180b109a371420b4857d02,BASE_TRAIN,0,0,LG-N1-fae2883a68253fb6dd5937e3,14,0.12172127756814564,uncalibrated_class1_probability,,93d3892b158c35eccfadc27c879754db69ea5293782492ee5d4ff01a33bff983
S0,W2-b9ae82e83569cadf02cf4b72,BASE_TRAIN,0,0,LG-N1-8951664e50deac08f9b3c53b,5,0.011564660899789612,uncalibrated_class1_probability,,93d3892b158c35eccfadc27c879754db69ea5293782492ee5d4ff01a33bff983
S0,W2-b9b4e7ee040d25d3e48a3219,BASE_TRAIN,1,0,LG-N1-6442ff6344651e3bfa91ad21,16,0.4239744547800314,uncalibrated_class1_probability,,93d3892b158c35eccfadc27c879754db69ea5293782492ee5d4ff01a33bff983
S0,W2-ba0cda6ef2bf1f9e87da3ed1,BASE_TRAIN,3,0,LG-N1-dc4db7cbd5716ba0ea1d6095,9,0.016936974522249737,uncalibrated_class1_probability,,93d3892b158c35eccfadc27c879754db69ea5293782492ee5d4ff01a33bff983
S0,W2-ba1b65a8382c9d6ed7e0cd37,BASE_TRAIN,3,0,LG-N1-5218b20c310ee7e769261da3,15,0.25168998640587364,uncalibrated_class1_probability,,93d3892b158c35eccfadc27c879754db69ea5293782492ee5d4ff01a33bff983
S0,W2-ba1d543a4702b92323e54991,BASE_TRAIN,2,0,LG-N1-3390494fc6fd1ed96e83503d,7,0.49498865218023436,uncalibrated_class1_probability,,93d3892b158c35eccfadc27c879754db69ea5293782492ee5d4ff01a33bff983
S0,W2-baa6bcd5c5dfc49d96c0df23,BASE_TRAIN,4,0,LG-N1-6e416907f3b2291f06fcb586,7,0.04146272091076059,uncalibrated_class1_probability,,93d3892b158c35eccfadc27c879754db69ea5293782492ee5d4ff01a33bff983
S0,W2-bac8c632b5095080640a22b8,BASE_TRAIN,1,0,LG-N1-92dfa0877c9b76bcb4c1bdcd,12,0.31962164954414196,uncalibrated_class1_probability,,93d3892b158c35eccfadc27c879754db69ea5293782492ee5d4ff01a33bff983
S0,W2-bacc7e1f999a6fb35262ab30,BASE_TRAIN,0,1,LG-N1-813f3b7295531d3cf15abcae,28,0.7960032554567709,uncalibrated_class1_probability,,93d3892b158c35eccfadc27c879754db69ea5293782492ee5d4ff01a33bff983
S0,W2-bace772342da07a12f5c9b6d,BASE_TRAIN,3,0,LG-N1-c3aa75c8698c380eaa2323b7,11,0.13326397372135268,uncalibrated_class1_probability,,93d3892b158c35eccfadc27c879754db69ea5293782492ee5d4ff01a33bff983
S0,W2-bb4658a44822d3dfe694625e,BASE_TRAIN,0,0,LG-N1-79950ad562dfda8aa755805d,7,0.00859961311433829,uncalibrated_class1_probability,,93d3892b158c35eccfadc27c879754db69ea5293782492ee5d4ff01a33bff983
S0,W2-bb88436cd9bc06c8a2ee7046,BASE_TRAIN,2,0,LG-N1-3b5cbac9ee62285f00b371e8,20,0.27806104761232187,uncalibrated_class1_probability,,93d3892b158c35eccfadc27c879754db69ea5293782492ee5d4ff01a33bff983
S0,W2-bbdc4fecf4168d404036aa91,BASE_TRAIN,3,0,LG-N1-349624e31500778352bb2f79,13,0.14877545446521373,uncalibrated_class1_probability,,93d3892b158c35eccfadc27c879754db69ea5293782492ee5d4ff01a33bff983
S0,W2-bbdf4321bdab1c978fb2f0db,BASE_TRAIN,0,0,LG-N1-57e64d3d96b0691ea3d3094e,7,0.006252326960852469,uncalibrated_class1_probability,,93d3892b158c35eccfadc27c879754db69ea5293782492ee5d4ff01a33bff983
S0,W2-bbfb8908f3ec8763105b11b8,BASE_TRAIN,2,0,LG-N1-dc07c41f37e28dfd9378142f,8,0.10447633657933704,uncalibrated_class1_probability,,93d3892b158c35eccfadc27c879754db69ea5293782492ee5d4ff01a33bff983
S0,W2-bc07f314d429bcedeaf6da7e,BASE_TRAIN,3,0,LG-N1-089151bb8759609cc25addd5,49,0.7271971936223887,uncalibrated_class1_probability,,93d3892b158c35eccfadc27c879754db69ea5293782492ee5d4ff01a33bff983
S0,W2-bc2f3db963e9506ab45ccb55,BASE_TRAIN,1,1,LG-N1-2827fd42a3f8096714ce288e,27,0.9211167699192887,uncalibrated_class1_probability,,93d3892b158c35eccfadc27c879754db69ea5293782492ee5d4ff01a33bff983
S0,W2-bca708fa8f9fe406ec4049be,BASE_TRAIN,0,0,LG-N1-4f81c626001917870bbeaa33,10,0.15299578075877313,uncalibrated_class1_probability,,93d3892b158c35eccfadc27c879754db69ea5293782492ee5d4ff01a33bff983
S0,W2-bcb7de571a2199f2f50fae9c,BASE_TRAIN,3,0,LG-N1-507a4d4041dba5ff75dfcf30,10,0.05502136216370619,uncalibrated_class1_probability,,93d3892b158c35eccfadc27c879754db69ea5293782492ee5d4ff01a33bff983
S0,W2-bcd134e5da4bfb1b758fe803,BASE_TRAIN,4,0,LG-N1-fb9aead7b0928113f1badade,12,0.22059737296158446,uncalibrated_class1_probability,,93d3892b158c35eccfadc27c879754db69ea5293782492ee5d4ff01a33bff983
S0,W2-bcdd89905abbca2a9886e361,BASE_TRAIN,0,0,LG-N1-138a8f37704c77d74b3c1ea8,10,0.04298806694432842,uncalibrated_class1_probability,,93d3892b158c35eccfadc27c879754db69ea5293782492ee5d4ff01a33bff983
S0,W2-bcf11c7f42b86f7b557e0622,BASE_TRAIN,3,0,LG-N1-1450368922cc9c1e275d7069,12,0.06808594252909798,uncalibrated_class1_probability,,93d3892b158c35eccfadc27c879754db69ea5293782492ee5d4ff01a33bff983
S0,W2-bd3d536498d5d320f68e1b9b,BASE_TRAIN,3,0,LG-N1-8d018bdd8dd474cf7178988e,21,0.39176832197146977,uncalibrated_class1_probability,,93d3892b158c35eccfadc27c879754db69ea5293782492ee5d4ff01a33bff983
S0,W2-bd542df192914f32cd4e2210,BASE_TRAIN,3,1,LG-N1-41b4a719f059dc0bb5aa3cda,7,0.051478196133671425,uncalibrated_class1_probability,,93d3892b158c35eccfadc27c879754db69ea5293782492ee5d4ff01a33bff983
S0,W2-bd8b7c0f6ae3643e060ecadf,BASE_TRAIN,1,0,LG-N1-10e1a0dadf59686803d790e8,14,0.20699279323766206,uncalibrated_class1_probability,,93d3892b158c35eccfadc27c879754db69ea5293782492ee5d4ff01a33bff983
S0,W2-bdb1df91ef1ff2ad075c57a0,BASE_TRAIN,2,0,LG-N1-2618e5e5584a7add192f6cc7,26,0.8057098302075119,uncalibrated_class1_probability,,93d3892b158c35eccfadc27c879754db69ea5293782492ee5d4ff01a33bff983
S0,W2-bdc0e00d9f734dacdfdd0520,BASE_TRAIN,1,0,LG-N1-7ad813dc227825110f3e4752,12,0.09642853834136535,uncalibrated_class1_probability,,93d3892b158c35eccfadc27c879754db69ea5293782492ee5d4ff01a33bff983
S0,W2-be546d64d2cc98329632041d,BASE_TRAIN,1,0,LG-N1-4ae40ba9ea839f135209b1d6,29,0.7437430572977739,uncalibrated_class1_probability,,93d3892b158c35eccfadc27c879754db69ea5293782492ee5d4ff01a33bff983
S0,W2-be6e8d3f2d94d1a19c775128,BASE_TRAIN,4,0,LG-N1-cdf9b320d1b14902d6fcde38,32,0.5336008712957505,uncalibrated_class1_probability,,93d3892b158c35eccfadc27c879754db69ea5293782492ee5d4ff01a33bff983
S0,W2-beb8cc5ccf9a944ee76aaca8,BASE_TRAIN,1,0,LG-N1-ab3e4178937044f66cceac05,16,0.2128239879363269,uncalibrated_class1_probability,,93d3892b158c35eccfadc27c879754db69ea5293782492ee5d4ff01a33bff983
S0,W2-bec763ff03e6e3e90e1b4b09,BASE_TRAIN,3,0,LG-N1-30a2dfdb1fa1bbb618150d60,12,0.050163594649245934,uncalibrated_class1_probability,,93d3892b158c35eccfadc27c879754db69ea5293782492ee5d4ff01a33bff983
S0,W2-becbe778065e62fa1482f00f,BASE_TRAIN,1,0,LG-N1-949c23124c41442e1a48710e,10,0.11691136232919525,uncalibrated_class1_probability,,93d3892b158c35eccfadc27c879754db69ea5293782492ee5d4ff01a33bff983
S0,W2-bf131892e82adbd15df52734,BASE_TRAIN,1,0,LG-N1-09f27a63df5faaf810a62757,8,0.006321391548347172,uncalibrated_class1_probability,,93d3892b158c35eccfadc27c879754db69ea5293782492ee5d4ff01a33bff983
S0,W2-bf1c1a65dac70557a4efeb40,BASE_TRAIN,2,1,LG-N1-f26326a69f45646d60f1eaa2,12,0.36485758950791825,uncalibrated_class1_probability,,93d3892b158c35eccfadc27c879754db69ea5293782492ee5d4ff01a33bff983
S0,W2-bf3b6f608355f2c7ab786c83,BASE_TRAIN,1,0,LG-N1-e551d7c7f3afc9785dff5df6,20,0.6895538313273782,uncalibrated_class1_probability,,93d3892b158c35eccfadc27c879754db69ea5293782492ee5d4ff01a33bff983
S0,W2-bf4599cd842c0992197ce5e8,BASE_TRAIN,2,0,LG-N1-0d79f87ab6ae3eafdcd6bbbc,8,0.02107878401829515,uncalibrated_class1_probability,,93d3892b158c35eccfadc27c879754db69ea5293782492ee5d4ff01a33bff983
S0,W2-bf56e7ae4e63555413676c04,BASE_TRAIN,1,0,LG-N1-802e2aa213bac1edd6304fae,15,0.2618079884273033,uncalibrated_class1_probability,,93d3892b158c35eccfadc27c879754db69ea5293782492ee5d4ff01a33bff983
S0,W2-bf783e20bfe3ec5d7a740d10,BASE_TRAIN,0,1,LG-N1-49ce0b689bbb345db751ad2b,17,0.5868753932206918,uncalibrated_class1_probability,,93d3892b158c35eccfadc27c879754db69ea5293782492ee5d4ff01a33bff983
S0,W2-bf8f41f77554f16cf7597a20,BASE_TRAIN,2,0,LG-N1-dbf0a9be8a0e207c868321b0,12,0.12287849321174961,uncalibrated_class1_probability,,93d3892b158c35eccfadc27c879754db69ea5293782492ee5d4ff01a33bff983
S0,W2-bfab4508c5b87f6f3a7f2d50,BASE_TRAIN,4,0,LG-N1-439e1c6eda4a1e58d9d24a4b,8,0.07158175574802131,uncalibrated_class1_probability,,93d3892b158c35eccfadc27c879754db69ea5293782492ee5d4ff01a33bff983
S0,W2-bfdb02df0a9816990d4c95a7,BASE_TRAIN,3,0,LG-N1-80e0a2081e9e564111b2fa41,15,0.17845569719176918,uncalibrated_class1_probability,,93d3892b158c35eccfadc27c879754db69ea5293782492ee5d4ff01a33bff983
S0,W2-bfdf3565125021790a2d55a8,BASE_TRAIN,3,0,LG-N1-17f765ae33fc6922d7b5f017,9,0.030967898983477765,uncalibrated_class1_probability,,93d3892b158c35eccfadc27c879754db69ea5293782492ee5d4ff01a33bff983
S0,W2-bfe70b7782c5afdebb979b10,BASE_TRAIN,2,0,LG-N1-52e9cb5c16c6ddea3264b3b5,8,0.1369269109482635,uncalibrated_class1_probability,,93d3892b158c35eccfadc27c879754db69ea5293782492ee5d4ff01a33bff983
S0,W2-bfe8fbfcad57a1b3a6d85286,BASE_TRAIN,0,0,LG-N1-67023059a8d17d5e282647ff,8,0.025317954344954978,uncalibrated_class1_probability,,93d3892b158c35eccfadc27c879754db69ea5293782492ee5d4ff01a33bff983
S0,W2-c0371f1e7497a29171cc7f37,BASE_TRAIN,2,1,LG-N1-8ee1da125d70d18dc9500eaa,21,0.6600489203340996,uncalibrated_class1_probability,,93d3892b158c35eccfadc27c879754db69ea5293782492ee5d4ff01a33bff983
S0,W2-c04dc8a20f0a008a72132ada,BASE_TRAIN,0,0,LG-N1-a72014becd709ba10ca5aad8,11,0.13768872721372025,uncalibrated_class1_probability,,93d3892b158c35eccfadc27c879754db69ea5293782492ee5d4ff01a33bff983
S0,W2-c06d2068ed179846051820d2,BASE_TRAIN,3,0,LG-N1-b864eb7992ffb26b2265f605,6,0.018356638120608896,uncalibrated_class1_probability,,93d3892b158c35eccfadc27c879754db69ea5293782492ee5d4ff01a33bff983
S0,W2-c0af6a67c31950b192713e85,BASE_TRAIN,2,1,LG-N1-b0cb098f9974ce85d01af0d9,35,0.9755591286267693,uncalibrated_class1_probability,,93d3892b158c35eccfadc27c879754db69ea5293782492ee5d4ff01a33bff983
S0,W2-c0f47ca6a09d3cd6bc67bd63,BASE_TRAIN,3,0,LG-N1-cdcdd798f1f85c49faf83097,9,0.13706993397292477,uncalibrated_class1_probability,,93d3892b158c35eccfadc27c879754db69ea5293782492ee5d4ff01a33bff983
S0,W2-c10cc20517b69fd5c0111660,BASE_TRAIN,0,0,LG-N1-2c79b909732b088c985b8830,23,0.5191286318576741,uncalibrated_class1_probability,,93d3892b158c35eccfadc27c879754db69ea5293782492ee5d4ff01a33bff983
S0,W2-c10ce114bde95eced64bb4a4,BASE_TRAIN,2,0,LG-N1-01606b959d0e73058ae5fd4c,6,0.008229856116405233,uncalibrated_class1_probability,,93d3892b158c35eccfadc27c879754db69ea5293782492ee5d4ff01a33bff983
S0,W2-c13cedcc7c48a872963e940b,BASE_TRAIN,0,0,LG-N1-4f56e14b8fa0d37293920a32,12,0.573087124965552,uncalibrated_class1_probability,,93d3892b158c35eccfadc27c879754db69ea5293782492ee5d4ff01a33bff983
S0,W2-c17673995a8fafdef42659cf,BASE_TRAIN,0,0,LG-N1-a42311fc3eed85a1768588df,9,0.049639407280540566,uncalibrated_class1_probability,,93d3892b158c35eccfadc27c879754db69ea5293782492ee5d4ff01a33bff983
S0,W2-c1c7fe0cd2d95bed8b2b3c8c,BASE_TRAIN,0,0,LG-N1-dba36ed3296a08f771334607,17,0.262698609113376,uncalibrated_class1_probability,,93d3892b158c35eccfadc27c879754db69ea5293782492ee5d4ff01a33bff983
S0,W2-c2ec3b8241af86c62c5d757c,BASE_TRAIN,4,0,LG-N1-c6ceb36cc3e328b5d56f1a3d,38,0.08173114815505511,uncalibrated_class1_probability,,93d3892b158c35eccfadc27c879754db69ea5293782492ee5d4ff01a33bff983
S0,W2-c333d6dbbd545a6940b805d3,BASE_TRAIN,4,1,LG-N1-c3f18141f2ea0a519169a66e,24,0.784023369186312,uncalibrated_class1_probability,,93d3892b158c35eccfadc27c879754db69ea5293782492ee5d4ff01a33bff983
S0,W2-c36e1e4772102c031eb93acb,BASE_TRAIN,0,0,LG-N1-6d95ecc501fc673396e0ecdb,10,0.17345297721606034,uncalibrated_class1_probability,,93d3892b158c35eccfadc27c879754db69ea5293782492ee5d4ff01a33bff983
S0,W2-c3bba484d5a5b84f2b0989ef,BASE_TRAIN,2,0,LG-N1-fd0a0b62d8f500feec3f46d6,10,0.10645606397185836,uncalibrated_class1_probability,,93d3892b158c35eccfadc27c879754db69ea5293782492ee5d4ff01a33bff983
S0,W2-c402a30636a8bd33040ef42a,BASE_TRAIN,3,0,LG-N1-4258f6069880f6db0a43782c,8,0.03103796067939727,uncalibrated_class1_probability,,93d3892b158c35eccfadc27c879754db69ea5293782492ee5d4ff01a33bff983
S0,W2-c452a6ad975efaca4e263d82,BASE_TRAIN,2,0,LG-N1-0ec02c7cc72e077a11931fcc,16,0.7904452402241755,uncalibrated_class1_probability,,93d3892b158c35eccfadc27c879754db69ea5293782492ee5d4ff01a33bff983
S0,W2-c4852274354245640b82c92b,BASE_TRAIN,3,0,LG-N1-654466a6b7842ee81a469829,14,0.2010075805243608,uncalibrated_class1_probability,,93d3892b158c35eccfadc27c879754db69ea5293782492ee5d4ff01a33bff983
S0,W2-c49a77cdedbc9211ec862740,BASE_TRAIN,4,0,LG-N1-cd6d05891c531fda4ff85d1e,7,0.06566460108904788,uncalibrated_class1_probability,,93d3892b158c35eccfadc27c879754db69ea5293782492ee5d4ff01a33bff983
S0,W2-c4ccdb93d3360272f974f0d7,BASE_TRAIN,0,0,LG-N1-f184f3aa27cd0af31358a43b,8,0.0540660567601584,uncalibrated_class1_probability,,93d3892b158c35eccfadc27c879754db69ea5293782492ee5d4ff01a33bff983
S0,W2-c4dabcea57b1249e9aced0bc,BASE_TRAIN,0,0,LG-N1-055106312c3663bbb7b7da97,11,0.1273490940416569,uncalibrated_class1_probability,,93d3892b158c35eccfadc27c879754db69ea5293782492ee5d4ff01a33bff983
S0,W2-c559e9319fe68f3bcc57da17,BASE_TRAIN,2,0,LG-N1-3d1514356a67bda490a43201,9,0.0588029275154064,uncalibrated_class1_probability,,93d3892b158c35eccfadc27c879754db69ea5293782492ee5d4ff01a33bff983
S0,W2-c564b2e4c56c93c8ad445a53,BASE_TRAIN,0,1,LG-N1-552c3dfc7490df403c07bef8,10,0.24448165742857536,uncalibrated_class1_probability,,93d3892b158c35eccfadc27c879754db69ea5293782492ee5d4ff01a33bff983
S0,W2-c57b889ba812b0a30fe283de,BASE_TRAIN,2,1,LG-N1-c4bc8f1ba34b213c1bd7e567,39,0.9232431179260859,uncalibrated_class1_probability,,93d3892b158c35eccfadc27c879754db69ea5293782492ee5d4ff01a33bff983
S0,W2-c5a124d3023a1f04736fabb2,BASE_TRAIN,3,0,LG-N1-6c9df83698011df7ac2db726,8,0.02488108293442238,uncalibrated_class1_probability,,93d3892b158c35eccfadc27c879754db69ea5293782492ee5d4ff01a33bff983
S0,W2-c5a171dd8caad834f42f14c0,BASE_TRAIN,2,0,LG-N1-df7dc902f2050f30993246ef,11,0.3215650411264363,uncalibrated_class1_probability,,93d3892b158c35eccfadc27c879754db69ea5293782492ee5d4ff01a33bff983
S0,W2-c5ac54c33bf8d3c615709f5b,BASE_TRAIN,4,0,LG-N1-3a2279a6a1f21214b4116f1d,12,0.09970558686132668,uncalibrated_class1_probability,,93d3892b158c35eccfadc27c879754db69ea5293782492ee5d4ff01a33bff983
S0,W2-c65f51cb0b9809a45c0dad95,BASE_TRAIN,0,0,LG-N1-669a295d93c9fc6ffb3a5a96,54,0.8407036400399108,uncalibrated_class1_probability,,93d3892b158c35eccfadc27c879754db69ea5293782492ee5d4ff01a33bff983
S0,W2-c66731cfb78310cccbce8560,BASE_TRAIN,4,0,LG-N1-bdcc63ef920da23976debcea,15,0.2775916226075246,uncalibrated_class1_probability,,93d3892b158c35eccfadc27c879754db69ea5293782492ee5d4ff01a33bff983
S0,W2-c6c9a8919885f6d4ac6f418c,BASE_TRAIN,0,0,LG-N1-91b81e476404bebf115f553b,11,0.3687907118463206,uncalibrated_class1_probability,,93d3892b158c35eccfadc27c879754db69ea5293782492ee5d4ff01a33bff983
S0,W2-c71e2dc95c794318bc9472d0,BASE_TRAIN,2,0,LG-N1-b14b1cfac42691c04fb6fd03,12,0.07252735418749762,uncalibrated_class1_probability,,93d3892b158c35eccfadc27c879754db69ea5293782492ee5d4ff01a33bff983
S0,W2-c74021d065f112bd5ac647f3,BASE_TRAIN,3,0,LG-N1-9d59b8506ca6772a09947e8b,13,0.13400048547589571,uncalibrated_class1_probability,,93d3892b158c35eccfadc27c879754db69ea5293782492ee5d4ff01a33bff983
S0,W2-c74b6c229efafaa2892e438e,BASE_TRAIN,0,0,LG-N1-b811847f5c5b25ac708b50ff,9,0.10044803982842243,uncalibrated_class1_probability,,93d3892b158c35eccfadc27c879754db69ea5293782492ee5d4ff01a33bff983
S0,W2-c7876e3f7bc140c2795da525,BASE_TRAIN,1,0,LG-N1-0a52b9cb81a0c540fd357de0,12,0.107739020704782,uncalibrated_class1_probability,,93d3892b158c35eccfadc27c879754db69ea5293782492ee5d4ff01a33bff983
S0,W2-c7a795e72dec28abd910777d,BASE_TRAIN,4,0,LG-N1-86150cd973b8c2448d49fb14,17,0.4572196020645108,uncalibrated_class1_probability,,93d3892b158c35eccfadc27c879754db69ea5293782492ee5d4ff01a33bff983
S0,W2-c7f2a52204e098f7a36bda15,BASE_TRAIN,1,0,LG-N1-1ef8771451868eab69a2be6e,11,0.15308109556897004,uncalibrated_class1_probability,,93d3892b158c35eccfadc27c879754db69ea5293782492ee5d4ff01a33bff983
S0,W2-c886a5bf47767f0563c8ffe6,BASE_TRAIN,0,1,LG-N1-949798469fd89d80afd84617,131,0.9997374193479349,uncalibrated_class1_probability,,93d3892b158c35eccfadc27c879754db69ea5293782492ee5d4ff01a33bff983
S0,W2-c8aa5609e7072d1e75ed2c0a,BASE_TRAIN,1,0,LG-N1-728b55c931f5baf4ab119ea1,40,0.49273485826087127,uncalibrated_class1_probability,,93d3892b158c35eccfadc27c879754db69ea5293782492ee5d4ff01a33bff983
S0,W2-c8b883f3b4a39ad07a5690b2,BASE_TRAIN,3,0,LG-N1-efc7dd912698875b5552681e,14,0.2219412213965358,uncalibrated_class1_probability,,93d3892b158c35eccfadc27c879754db69ea5293782492ee5d4ff01a33bff983
S0,W2-ca3a1c2afdfc217f11587c76,BASE_TRAIN,1,0,LG-N1-60de7e36707ea1033603c7c4,9,0.06022079869411274,uncalibrated_class1_probability,,93d3892b158c35eccfadc27c879754db69ea5293782492ee5d4ff01a33bff983
S0,W2-ca5c0a88a95194094822d7c2,BASE_TRAIN,4,0,LG-N1-720c3b346417f52b2a1acc97,12,0.2932385190479569,uncalibrated_class1_probability,,93d3892b158c35eccfadc27c879754db69ea5293782492ee5d4ff01a33bff983
S0,W2-caa915e76b307a9aefc5e1fa,BASE_TRAIN,4,0,LG-N1-a6dc879e3942ed461f9e1172,8,0.09113638775627585,uncalibrated_class1_probability,,93d3892b158c35eccfadc27c879754db69ea5293782492ee5d4ff01a33bff983
S0,W2-cabb66a3cc1e01f6f3d0e3cd,BASE_TRAIN,4,0,LG-N1-10b58e46b681f3757a8e63e4,74,0.940785488018456,uncalibrated_class1_probability,,93d3892b158c35eccfadc27c879754db69ea5293782492ee5d4ff01a33bff983
S0,W2-cad4141cdd6cb429a190bf3b,BASE_TRAIN,0,0,LG-N1-0fb9faf16fec202bceba3087,15,0.18442974613707594,uncalibrated_class1_probability,,93d3892b158c35eccfadc27c879754db69ea5293782492ee5d4ff01a33bff983
S0,W2-cae97a3554ad4f6cbbedd9d0,BASE_TRAIN,3,0,LG-N1-0ac4967b9e9ec677efc9d1ed,7,0.062311052847087954,uncalibrated_class1_probability,,93d3892b158c35eccfadc27c879754db69ea5293782492ee5d4ff01a33bff983
S0,W2-cb3ec85a5f5de07cf72d6aca,BASE_TRAIN,2,0,LG-N1-4411b322d9840c1ac03c796f,27,0.3390175642340629,uncalibrated_class1_probability,,93d3892b158c35eccfadc27c879754db69ea5293782492ee5d4ff01a33bff983
S0,W2-cb4d2a387173b48627d02b73,BASE_TRAIN,3,0,LG-N1-c7b4a2749195d898c0c677ed,14,0.3428179012858788,uncalibrated_class1_probability,,93d3892b158c35eccfadc27c879754db69ea5293782492ee5d4ff01a33bff983
S0,W2-cb5c3b98341a51d182570504,BASE_TRAIN,1,0,LG-N1-4749c5d06af08700324bac61,15,0.29603894957262883,uncalibrated_class1_probability,,93d3892b158c35eccfadc27c879754db69ea5293782492ee5d4ff01a33bff983
S0,W2-cbf29b240bc75132e866bd1b,BASE_TRAIN,0,0,LG-N1-cf2052183dffa7f1a925b105,14,0.12556947008195538,uncalibrated_class1_probability,,93d3892b158c35eccfadc27c879754db69ea5293782492ee5d4ff01a33bff983
S0,W2-cca7699c0c940415633b24f8,BASE_TRAIN,2,0,LG-N1-f42b1a3cedbdd506c906e496,19,0.34814688231275376,uncalibrated_class1_probability,,93d3892b158c35eccfadc27c879754db69ea5293782492ee5d4ff01a33bff983
S0,W2-ccfb6884a2bd3c0e0cfa697a,BASE_TRAIN,3,0,LG-N1-a936d4a65dffb7f47a8ab08e,11,0.3448775124797061,uncalibrated_class1_probability,,93d3892b158c35eccfadc27c879754db69ea5293782492ee5d4ff01a33bff983
S0,W2-cd1f12397c0b6030c92343da,BASE_TRAIN,2,1,LG-N1-916417839736966806a40773,43,0.9097757524621829,uncalibrated_class1_probability,,93d3892b158c35eccfadc27c879754db69ea5293782492ee5d4ff01a33bff983
S0,W2-cd593a22dc240013e0a8b172,BASE_TRAIN,0,0,LG-N1-97060056790f5eeb56390a32,71,0.9393781332414445,uncalibrated_class1_probability,,93d3892b158c35eccfadc27c879754db69ea5293782492ee5d4ff01a33bff983
S0,W2-cd69c0d2b193eb5ff7c60fc6,BASE_TRAIN,0,0,LG-N1-833d96c0ded5618538317dd2,9,0.19986619455808696,uncalibrated_class1_probability,,93d3892b158c35eccfadc27c879754db69ea5293782492ee5d4ff01a33bff983
S0,W2-cde01a5350209bad65048db6,BASE_TRAIN,3,1,LG-N1-5325e920a55c226b2c677b04,308,0.9999947226566962,uncalibrated_class1_probability,,93d3892b158c35eccfadc27c879754db69ea5293782492ee5d4ff01a33bff983
S0,W2-cde307a9d7a69f786db86cec,BASE_TRAIN,0,0,LG-N1-4cdc426467642e606aba0731,61,0.8295681853319038,uncalibrated_class1_probability,,93d3892b158c35eccfadc27c879754db69ea5293782492ee5d4ff01a33bff983
S0,W2-ce0856faceda15e78c1d261a,BASE_TRAIN,1,0,LG-N1-7551c20b4f6bc3dd769a8456,14,0.2575431541386803,uncalibrated_class1_probability,,93d3892b158c35eccfadc27c879754db69ea5293782492ee5d4ff01a33bff983
S0,W2-ce49d3d26ae59eee5bda5de0,BASE_TRAIN,1,0,LG-N1-1db1d52e767f04237b8f98f6,12,0.07137525284205369,uncalibrated_class1_probability,,93d3892b158c35eccfadc27c879754db69ea5293782492ee5d4ff01a33bff983
S0,W2-ce89cb7ea3899790cac3f02e,BASE_TRAIN,4,0,LG-N1-3eb6e34c822371b800b623fa,13,0.18254192529541294,uncalibrated_class1_probability,,93d3892b158c35eccfadc27c879754db69ea5293782492ee5d4ff01a33bff983
S0,W2-cebbabaf1b5fb70240251c15,BASE_TRAIN,3,0,LG-N1-1714fd0f24090944762001ac,9,0.04039809835673192,uncalibrated_class1_probability,,93d3892b158c35eccfadc27c879754db69ea5293782492ee5d4ff01a33bff983
S0,W2-cecd72be0587ea2cd1f4c9d1,BASE_TRAIN,3,0,LG-N1-bacf7f3fc470ee0eafb35e45,18,0.1892206191074041,uncalibrated_class1_probability,,93d3892b158c35eccfadc27c879754db69ea5293782492ee5d4ff01a33bff983
S0,W2-cf02e3d018906b2aab9d1976,BASE_TRAIN,0,0,LG-N1-bd4af60f7a21e8064154baa4,18,0.8752907248184967,uncalibrated_class1_probability,,93d3892b158c35eccfadc27c879754db69ea5293782492ee5d4ff01a33bff983
S0,W2-d0033369779d41ddfbccc0b5,BASE_TRAIN,4,0,LG-N1-76a78b779d9316527071f426,13,0.28047639435007726,uncalibrated_class1_probability,,93d3892b158c35eccfadc27c879754db69ea5293782492ee5d4ff01a33bff983
S0,W2-d0213b14edae85c0b32ae410,BASE_TRAIN,1,1,LG-N1-bf33cc93c6bfc6f252deafa5,24,0.8662091275709718,uncalibrated_class1_probability,,93d3892b158c35eccfadc27c879754db69ea5293782492ee5d4ff01a33bff983
S0,W2-d0ab3a0f6f166634c246ffc0,BASE_TRAIN,3,0,LG-N1-a01f77c872717972df6a8dfe,15,0.4816047806050722,uncalibrated_class1_probability,,93d3892b158c35eccfadc27c879754db69ea5293782492ee5d4ff01a33bff983
S0,W2-d0c65f2d4057a8535d957030,BASE_TRAIN,1,1,LG-N1-42d50f291cf0da5ba2a910cf,9,0.0725905614493481,uncalibrated_class1_probability,,93d3892b158c35eccfadc27c879754db69ea5293782492ee5d4ff01a33bff983
S0,W2-d0c8b359421a6d1762530ab6,BASE_TRAIN,3,0,LG-N1-f2e5bb5af1426f4fad3d3c38,7,0.0017446755369411497,uncalibrated_class1_probability,,93d3892b158c35eccfadc27c879754db69ea5293782492ee5d4ff01a33bff983
S0,W2-d16f72784bd9cb4cb369e50a,BASE_TRAIN,1,0,LG-N1-eff12ab187db4d3ca25151eb,31,0.8015845456024834,uncalibrated_class1_probability,,93d3892b158c35eccfadc27c879754db69ea5293782492ee5d4ff01a33bff983
S0,W2-d2a76bfd43b7ce1a5f97294f,BASE_TRAIN,2,0,LG-N1-a8791039c9d60a0dceef144b,18,0.5422085809002343,uncalibrated_class1_probability,,93d3892b158c35eccfadc27c879754db69ea5293782492ee5d4ff01a33bff983
S0,W2-d2b89963b4129f51ffc35fcc,BASE_TRAIN,3,0,LG-N1-bbf84bebeffa65fd9dbf180e,15,0.15209895645872268,uncalibrated_class1_probability,,93d3892b158c35eccfadc27c879754db69ea5293782492ee5d4ff01a33bff983
S0,W2-d2bf46f49b95467f04458b0a,BASE_TRAIN,2,0,LG-N1-51c78f0a5185a451c6db4d37,8,0.09113002204353023,uncalibrated_class1_probability,,93d3892b158c35eccfadc27c879754db69ea5293782492ee5d4ff01a33bff983
S0,W2-d2e423d997b436d54fc02df0,BASE_TRAIN,2,0,LG-N1-81e81039da149728d74b2581,15,0.05505229966819305,uncalibrated_class1_probability,,93d3892b158c35eccfadc27c879754db69ea5293782492ee5d4ff01a33bff983
S0,W2-d3bba32ecee428d4619ce6f5,BASE_TRAIN,0,0,LG-N1-575db1ca26600d3d08416007,23,0.1632272902798332,uncalibrated_class1_probability,,93d3892b158c35eccfadc27c879754db69ea5293782492ee5d4ff01a33bff983
S0,W2-d3f4a353fd56d1f3537c339b,BASE_TRAIN,2,0,LG-N1-31c129b368bd8818e5d316e8,21,0.20621974203200089,uncalibrated_class1_probability,,93d3892b158c35eccfadc27c879754db69ea5293782492ee5d4ff01a33bff983
S0,W2-d405015e922222643daf86da,BASE_TRAIN,1,0,LG-N1-19bd8bc50ef23879f0ed97aa,12,0.2636494781511813,uncalibrated_class1_probability,,93d3892b158c35eccfadc27c879754db69ea5293782492ee5d4ff01a33bff983
S0,W2-d429fcc7ddf0c3507a4b5b4d,BASE_TRAIN,1,0,LG-N1-11244240b444e65d3dcbd4c1,10,0.0351074970008212,uncalibrated_class1_probability,,93d3892b158c35eccfadc27c879754db69ea5293782492ee5d4ff01a33bff983
S0,W2-d4482ef8a525ce921245fa57,BASE_TRAIN,0,0,LG-N1-cecb93e97bd1373e49e32f3b,11,0.15012251022626308,uncalibrated_class1_probability,,93d3892b158c35eccfadc27c879754db69ea5293782492ee5d4ff01a33bff983
S0,W2-d44a76428f54dc4acdc244b8,BASE_TRAIN,1,1,LG-N1-10fca90e7653b52baf440760,19,0.5837844960749554,uncalibrated_class1_probability,,93d3892b158c35eccfadc27c879754db69ea5293782492ee5d4ff01a33bff983
S0,W2-d4647161e05bf0f671158c32,BASE_TRAIN,1,0,LG-N1-d9f02c02e0a8b0fdb0fadf8e,29,0.7328405869379206,uncalibrated_class1_probability,,93d3892b158c35eccfadc27c879754db69ea5293782492ee5d4ff01a33bff983
S0,W2-d4bad108f8226117757d638b,BASE_TRAIN,0,0,LG-N1-47751cfd5044c881d5d8b83b,15,0.14897788601713213,uncalibrated_class1_probability,,93d3892b158c35eccfadc27c879754db69ea5293782492ee5d4ff01a33bff983
S0,W2-d4cfac1ac9e79424a6ab50b2,BASE_TRAIN,2,0,LG-N1-7252852ca2755c997ad30c41,5,0.07197362356445816,uncalibrated_class1_probability,,93d3892b158c35eccfadc27c879754db69ea5293782492ee5d4ff01a33bff983
S0,W2-d4f6f93bc9ff7abd6afe80a3,BASE_TRAIN,1,0,LG-N1-3e262ff8f2a8c201be3e5932,13,0.3459409733453756,uncalibrated_class1_probability,,93d3892b158c35eccfadc27c879754db69ea5293782492ee5d4ff01a33bff983
S0,W2-d50deddf2e705e1aea22dcf9,BASE_TRAIN,4,0,LG-N1-ac96756ec1692b91a745bf07,7,0.24111545105580925,uncalibrated_class1_probability,,93d3892b158c35eccfadc27c879754db69ea5293782492ee5d4ff01a33bff983
S0,W2-d528c439a572db55e28fa9b1,BASE_TRAIN,2,1,LG-N1-77ff796c46c0aacce97954e8,15,0.0762393961088715,uncalibrated_class1_probability,,93d3892b158c35eccfadc27c879754db69ea5293782492ee5d4ff01a33bff983
S0,W2-d5438fac3be8d41d9df26870,BASE_TRAIN,2,1,LG-N1-870ced7f32212a71fdf0965b,27,0.43183306017581946,uncalibrated_class1_probability,,93d3892b158c35eccfadc27c879754db69ea5293782492ee5d4ff01a33bff983
S0,W2-d5d35e252855b44beb042745,BASE_TRAIN,0,0,LG-N1-cdc1fe60ba83cc191ff85e31,9,0.22234862933168487,uncalibrated_class1_probability,,93d3892b158c35eccfadc27c879754db69ea5293782492ee5d4ff01a33bff983
S0,W2-d610e70cfd8caeb891e05b5b,BASE_TRAIN,1,0,LG-N1-275cfd124c0b2c3c39c8ae1c,51,0.6835547260261121,uncalibrated_class1_probability,,93d3892b158c35eccfadc27c879754db69ea5293782492ee5d4ff01a33bff983
S0,W2-d63f331073e257e22b00113a,BASE_TRAIN,2,0,LG-N1-71ed9d0a2a87dfe6c7a43ac9,10,0.1042471433040696,uncalibrated_class1_probability,,93d3892b158c35eccfadc27c879754db69ea5293782492ee5d4ff01a33bff983
S0,W2-d654ae1d35268b2f159d0037,BASE_TRAIN,4,0,LG-N1-9a1088611a3ca246ad72bc91,13,0.1795388407161084,uncalibrated_class1_probability,,93d3892b158c35eccfadc27c879754db69ea5293782492ee5d4ff01a33bff983
S0,W2-d6b5b0e3388db1e71d3d2758,BASE_TRAIN,2,0,LG-N1-6c40f4d780ccbc60a6816ec9,15,0.4555658062950291,uncalibrated_class1_probability,,93d3892b158c35eccfadc27c879754db69ea5293782492ee5d4ff01a33bff983
S0,W2-d6b75f880474860b66b31704,BASE_TRAIN,1,0,LG-N1-264830c42d0a12e49d3fd720,13,0.40573815602308627,uncalibrated_class1_probability,,93d3892b158c35eccfadc27c879754db69ea5293782492ee5d4ff01a33bff983
S0,W2-d6f09856301d85e5dedadab2,BASE_TRAIN,3,0,LG-N1-ef52bcd3827a1277f01e63c2,40,0.9395775533512881,uncalibrated_class1_probability,,93d3892b158c35eccfadc27c879754db69ea5293782492ee5d4ff01a33bff983
S0,W2-d70118e14fd83000fd73f84c,BASE_TRAIN,2,0,LG-N1-d181caf9667cf7f3dce84c7a,49,0.8542237255300782,uncalibrated_class1_probability,,93d3892b158c35eccfadc27c879754db69ea5293782492ee5d4ff01a33bff983
S0,W2-d73de42847c6786f5a66b220,BASE_TRAIN,4,0,LG-N1-dc0d571abfc607c2739144cb,13,0.163468564479523,uncalibrated_class1_probability,,93d3892b158c35eccfadc27c879754db69ea5293782492ee5d4ff01a33bff983
S0,W2-d75b14dca8e10f2c02acdddd,BASE_TRAIN,3,0,LG-N1-898fc104c869f4ef52823e3d,23,0.3902708690068805,uncalibrated_class1_probability,,93d3892b158c35eccfadc27c879754db69ea5293782492ee5d4ff01a33bff983
S0,W2-d76d7662e893bcb183ee7648,BASE_TRAIN,1,0,LG-N1-0cf60d2be165d8e5c9ec4b3a,13,0.3277123257969035,uncalibrated_class1_probability,,93d3892b158c35eccfadc27c879754db69ea5293782492ee5d4ff01a33bff983
S0,W2-d7a9dff616bfd5c9bf9b036b,BASE_TRAIN,2,0,LG-N1-8c7b7eb3a5fb72dcb3da556a,9,0.11315522645928479,uncalibrated_class1_probability,,93d3892b158c35eccfadc27c879754db69ea5293782492ee5d4ff01a33bff983
S0,W2-d7be2aee6a7a4043e359ec38,BASE_TRAIN,3,1,LG-N1-23bd13bcb39915e16dd6a278,14,0.13536476757583518,uncalibrated_class1_probability,,93d3892b158c35eccfadc27c879754db69ea5293782492ee5d4ff01a33bff983
S0,W2-d7f31702f79ae2c2560be481,BASE_TRAIN,1,1,LG-N1-6595c64d76b4a1ea8d2927a4,99,0.9617112223123906,uncalibrated_class1_probability,,93d3892b158c35eccfadc27c879754db69ea5293782492ee5d4ff01a33bff983
S0,W2-d8026a986a9a3163c7dcb0e8,BASE_TRAIN,3,0,LG-N1-a3934b46079869f2efd0c161,12,0.08776117890283591,uncalibrated_class1_probability,,93d3892b158c35eccfadc27c879754db69ea5293782492ee5d4ff01a33bff983
S0,W2-d80a90ff3f787fe79fa5167c,BASE_TRAIN,2,0,LG-N1-5e7f6e4d930a185498192d49,38,0.8704517674549509,uncalibrated_class1_probability,,93d3892b158c35eccfadc27c879754db69ea5293782492ee5d4ff01a33bff983
S0,W2-d81e3a89adc7661ec01a1a4c,BASE_TRAIN,1,1,LG-N1-fcdfc3c21d5f5540d5b371d8,39,0.9956473581164856,uncalibrated_class1_probability,,93d3892b158c35eccfadc27c879754db69ea5293782492ee5d4ff01a33bff983
S0,W2-d8325f4a954aec56e703847f,BASE_TRAIN,0,1,LG-N1-69888a8dfe8fe7aac2fb8138,87,0.9538895464302126,uncalibrated_class1_probability,,93d3892b158c35eccfadc27c879754db69ea5293782492ee5d4ff01a33bff983
S0,W2-d88c0e2869f0007229518616,BASE_TRAIN,3,0,LG-N1-34544f90f37e1c3a59841609,17,0.37339747306086996,uncalibrated_class1_probability,,93d3892b158c35eccfadc27c879754db69ea5293782492ee5d4ff01a33bff983
S0,W2-d8b9cdc3b8606278eb63f387,BASE_TRAIN,2,0,LG-N1-76575fc26700b5e816290543,12,0.12308652602557398,uncalibrated_class1_probability,,93d3892b158c35eccfadc27c879754db69ea5293782492ee5d4ff01a33bff983
S0,W2-d8e69ad880a8eab96770ca48,BASE_TRAIN,2,1,LG-N1-90c66648ae5842492e7e9584,29,0.8322733115247094,uncalibrated_class1_probability,,93d3892b158c35eccfadc27c879754db69ea5293782492ee5d4ff01a33bff983
S0,W2-d9224504b682f7c8dcad57c8,BASE_TRAIN,4,0,LG-N1-0d3266ebec0ea4789f0153f1,29,0.7984758309072105,uncalibrated_class1_probability,,93d3892b158c35eccfadc27c879754db69ea5293782492ee5d4ff01a33bff983
S0,W2-d9483912e331cc9ed8f295e0,BASE_TRAIN,2,0,LG-N1-df41ab98e8762aa2739e1847,20,0.6248540766238362,uncalibrated_class1_probability,,93d3892b158c35eccfadc27c879754db69ea5293782492ee5d4ff01a33bff983
S0,W2-d9c63357d8d6e72463bc0f48,BASE_TRAIN,2,0,LG-N1-d0f34827d2366d55eac12dcc,9,0.0568859042520907,uncalibrated_class1_probability,,93d3892b158c35eccfadc27c879754db69ea5293782492ee5d4ff01a33bff983
S0,W2-da4da95525d90e7d76d1c4b2,BASE_TRAIN,0,0,LG-N1-ae923deb9d5a9c8bb741336a,8,0.061364318063890935,uncalibrated_class1_probability,,93d3892b158c35eccfadc27c879754db69ea5293782492ee5d4ff01a33bff983
S0,W2-da97953abaeb7e00433e4c79,BASE_TRAIN,1,0,LG-N1-4f22d13d57a57de055367889,7,0.03209765084234176,uncalibrated_class1_probability,,93d3892b158c35eccfadc27c879754db69ea5293782492ee5d4ff01a33bff983
S0,W2-dab790d28c3ee725c19a1355,BASE_TRAIN,2,0,LG-N1-aa554c3facf61892c84364e0,116,0.8381952855068349,uncalibrated_class1_probability,,93d3892b158c35eccfadc27c879754db69ea5293782492ee5d4ff01a33bff983
S0,W2-dacafd311486975f701c904f,BASE_TRAIN,4,0,LG-N1-95037e08161cb55e90bf9cc5,12,0.07178194061245902,uncalibrated_class1_probability,,93d3892b158c35eccfadc27c879754db69ea5293782492ee5d4ff01a33bff983
S0,W2-db245195d973f118ca2a53f0,BASE_TRAIN,0,0,LG-N1-ec2fad401449e2957959bb9b,8,0.018617752529131323,uncalibrated_class1_probability,,93d3892b158c35eccfadc27c879754db69ea5293782492ee5d4ff01a33bff983
S0,W2-db94ce106da7608c377a6237,BASE_TRAIN,2,1,LG-N1-f38aee375cacc6ab54ad930c,31,0.5812613206318367,uncalibrated_class1_probability,,93d3892b158c35eccfadc27c879754db69ea5293782492ee5d4ff01a33bff983
S0,W2-dbd7ede8a672a3519898a612,BASE_TRAIN,4,0,LG-N1-f90c19fe3a258c8f4121212c,16,0.5285504449778822,uncalibrated_class1_probability,,93d3892b158c35eccfadc27c879754db69ea5293782492ee5d4ff01a33bff983
S0,W2-dbe45a977a09e59ea2fb8c30,BASE_TRAIN,3,0,LG-N1-be356b60828a2441f139d6b2,9,0.0811009850302438,uncalibrated_class1_probability,,93d3892b158c35eccfadc27c879754db69ea5293782492ee5d4ff01a33bff983
S0,W2-dc2a9ebd8eb80e1d3ac9a31e,BASE_TRAIN,1,0,LG-N1-5cf8594f064d238dfc2b68e0,10,0.18806402063655114,uncalibrated_class1_probability,,93d3892b158c35eccfadc27c879754db69ea5293782492ee5d4ff01a33bff983
S0,W2-dc3d29a859f0a9d809f8bde0,BASE_TRAIN,4,0,LG-N1-ed4e7abbf3741a14b2b848d1,45,0.3724383499142202,uncalibrated_class1_probability,,93d3892b158c35eccfadc27c879754db69ea5293782492ee5d4ff01a33bff983
S0,W2-dc5d316ee7f8d99d9ee4fcfa,BASE_TRAIN,3,0,LG-N1-776f534f478f1d38dae7cf59,11,0.08048138940366047,uncalibrated_class1_probability,,93d3892b158c35eccfadc27c879754db69ea5293782492ee5d4ff01a33bff983
S0,W2-dc6c09e3b403bb6e1aa43cee,BASE_TRAIN,4,0,LG-N1-405f56c265eedbf9744a59cc,19,0.9294401691298618,uncalibrated_class1_probability,,93d3892b158c35eccfadc27c879754db69ea5293782492ee5d4ff01a33bff983
S0,W2-dc73b93f3372f7316cdb2897,BASE_TRAIN,1,1,LG-N1-7d26dd3a57e007e9dab791b5,33,0.9844590448457978,uncalibrated_class1_probability,,93d3892b158c35eccfadc27c879754db69ea5293782492ee5d4ff01a33bff983
S0,W2-dc848bd0f89a34eb00d43bc5,BASE_TRAIN,2,0,LG-N1-23a756136199c8c84cfe64a0,15,0.2325531263684564,uncalibrated_class1_probability,,93d3892b158c35eccfadc27c879754db69ea5293782492ee5d4ff01a33bff983
S0,W2-dc884f61246fbaed94d17643,BASE_TRAIN,2,1,LG-N1-cb28813076de7db4fa92520f,213,0.9995629234236579,uncalibrated_class1_probability,,93d3892b158c35eccfadc27c879754db69ea5293782492ee5d4ff01a33bff983
S0,W2-dca3a6d74a7cddac86dd571e,BASE_TRAIN,0,0,LG-N1-6744ca10ab789987b04a8a41,33,0.7899118955147755,uncalibrated_class1_probability,,93d3892b158c35eccfadc27c879754db69ea5293782492ee5d4ff01a33bff983
S0,W2-dcd2f24363c72c1a5c851556,BASE_TRAIN,3,0,LG-N1-c425347685189c4ec9c9f1d0,7,0.03554446696990827,uncalibrated_class1_probability,,93d3892b158c35eccfadc27c879754db69ea5293782492ee5d4ff01a33bff983
S0,W2-dcf5b4be61e59467321c8680,BASE_TRAIN,4,0,LG-N1-0461e3b08a54d77abbb05ab9,7,0.016074313476860076,uncalibrated_class1_probability,,93d3892b158c35eccfadc27c879754db69ea5293782492ee5d4ff01a33bff983
S0,W2-dd2317a66faaf974b05e945d,BASE_TRAIN,3,1,LG-N1-73bd2b1851b7034127348eff,41,0.8642767877159462,uncalibrated_class1_probability,,93d3892b158c35eccfadc27c879754db69ea5293782492ee5d4ff01a33bff983
S0,W2-dd2465b08b55c99a3c33b3c1,BASE_TRAIN,1,1,LG-N1-14850fdb3363b00db7e0a6ab,22,0.43580025421678054,uncalibrated_class1_probability,,93d3892b158c35eccfadc27c879754db69ea5293782492ee5d4ff01a33bff983
S0,W2-dd3d6cdc1732cce5bf74e3a6,BASE_TRAIN,1,0,LG-N1-c0889bb2e98989a1de6eaf73,12,0.07316382012387587,uncalibrated_class1_probability,,93d3892b158c35eccfadc27c879754db69ea5293782492ee5d4ff01a33bff983
S0,W2-ddad7267f015d678eaf8e3c2,BASE_TRAIN,2,0,LG-N1-dd7135fb73654028640b69f5,13,0.7110210475596954,uncalibrated_class1_probability,,93d3892b158c35eccfadc27c879754db69ea5293782492ee5d4ff01a33bff983
S0,W2-dde84fe181135ba26652de19,BASE_TRAIN,3,0,LG-N1-71037bee38b8d23464e28d64,8,0.027302074772918253,uncalibrated_class1_probability,,93d3892b158c35eccfadc27c879754db69ea5293782492ee5d4ff01a33bff983
S0,W2-ddfa511ec830c242b8eb4e78,BASE_TRAIN,0,0,LG-N1-0b509645f918df0b6dfc78ed,12,0.3425012801394948,uncalibrated_class1_probability,,93d3892b158c35eccfadc27c879754db69ea5293782492ee5d4ff01a33bff983
S0,W2-df27ad2f372741786d5cb64f,BASE_TRAIN,0,0,LG-N1-16a69dbbb9cb9b14076ee3c3,17,0.27201311066726586,uncalibrated_class1_probability,,93d3892b158c35eccfadc27c879754db69ea5293782492ee5d4ff01a33bff983
S0,W2-df3219e843476cff83e3565f,BASE_TRAIN,0,0,LG-N1-a4732b58ae1f68960ed64a04,15,0.25658544760132923,uncalibrated_class1_probability,,93d3892b158c35eccfadc27c879754db69ea5293782492ee5d4ff01a33bff983
S0,W2-df86d49b156801235ddf93fc,BASE_TRAIN,2,0,LG-N1-61ca42041b5327ae963e6345,10,0.07143054956071106,uncalibrated_class1_probability,,93d3892b158c35eccfadc27c879754db69ea5293782492ee5d4ff01a33bff983
S0,W2-dfefb1605612144aa94e9eaa,BASE_TRAIN,0,0,LG-N1-cbe247849eaabb3dba36bc8c,98,0.7111138709063783,uncalibrated_class1_probability,,93d3892b158c35eccfadc27c879754db69ea5293782492ee5d4ff01a33bff983
S0,W2-e00a227648419ebcc0f36388,BASE_TRAIN,4,0,LG-N1-105861f917d8457da16a91d0,17,0.3606470606987159,uncalibrated_class1_probability,,93d3892b158c35eccfadc27c879754db69ea5293782492ee5d4ff01a33bff983
S0,W2-e00d80cb014a705fd80f3b5a,BASE_TRAIN,2,0,LG-N1-ebb3eb9dd0acf84b4f03ef20,6,0.017639605494282982,uncalibrated_class1_probability,,93d3892b158c35eccfadc27c879754db69ea5293782492ee5d4ff01a33bff983
S0,W2-e066b1ed140a1ee93bdf68e8,BASE_TRAIN,3,0,LG-N1-ce50dd6043c849980cce8b22,5,0.04526721608416188,uncalibrated_class1_probability,,93d3892b158c35eccfadc27c879754db69ea5293782492ee5d4ff01a33bff983
S0,W2-e07b1aef955b7fb8fd07771f,BASE_TRAIN,3,0,LG-N1-e688a0a404c3340169e0d179,8,0.03450652906050983,uncalibrated_class1_probability,,93d3892b158c35eccfadc27c879754db69ea5293782492ee5d4ff01a33bff983
S0,W2-e0c6b9530a24d16706eb01b7,BASE_TRAIN,0,0,LG-N1-e8e4127ff205e15f3da404fe,10,0.48007463073339646,uncalibrated_class1_probability,,93d3892b158c35eccfadc27c879754db69ea5293782492ee5d4ff01a33bff983
S0,W2-e0ce991b0ce026d4835b8545,BASE_TRAIN,1,0,LG-N1-9cecd74a8df53e67400b0ab4,19,0.8404914297371702,uncalibrated_class1_probability,,93d3892b158c35eccfadc27c879754db69ea5293782492ee5d4ff01a33bff983
S0,W2-e1259ed4c5bd6f24ab092fdb,BASE_TRAIN,3,0,LG-N1-95a2a6c6619e73f2b60942cd,13,0.16332779556933572,uncalibrated_class1_probability,,93d3892b158c35eccfadc27c879754db69ea5293782492ee5d4ff01a33bff983
S0,W2-e12ff02b5d885a0193e1ed03,BASE_TRAIN,2,0,LG-N1-8d205d5b6ba515a7194232ac,15,0.38154439104635307,uncalibrated_class1_probability,,93d3892b158c35eccfadc27c879754db69ea5293782492ee5d4ff01a33bff983
S0,W2-e1dab2ef528cb08229849bc0,BASE_TRAIN,0,0,LG-N1-37b5b5e62bc4d7474187a3a3,14,0.26729137231780986,uncalibrated_class1_probability,,93d3892b158c35eccfadc27c879754db69ea5293782492ee5d4ff01a33bff983
S0,W2-e1fe3b81692ee8fcb5b22746,BASE_TRAIN,3,0,LG-N1-f9aba516d58a1437a086b0a4,5,0.0011435111598881342,uncalibrated_class1_probability,,93d3892b158c35eccfadc27c879754db69ea5293782492ee5d4ff01a33bff983
S0,W2-e2041b683c682d7a6ad6a001,BASE_TRAIN,2,1,LG-N1-d185b3fbc75bd8690baceb13,23,0.8693596468536715,uncalibrated_class1_probability,,93d3892b158c35eccfadc27c879754db69ea5293782492ee5d4ff01a33bff983
S0,W2-e26749002e8f1dbc1a6c2af8,BASE_TRAIN,2,0,LG-N1-e0d93f03b6483d38c64330a5,10,0.08175818411997825,uncalibrated_class1_probability,,93d3892b158c35eccfadc27c879754db69ea5293782492ee5d4ff01a33bff983
S0,W2-e298c137965d9d3c2449443b,BASE_TRAIN,2,0,LG-N1-d3fa478fb01bddecf04cf339,10,0.25789885186274203,uncalibrated_class1_probability,,93d3892b158c35eccfadc27c879754db69ea5293782492ee5d4ff01a33bff983
S0,W2-e2c849490677a628f53bfdeb,BASE_TRAIN,4,1,LG-N1-5a26c55e7381be0903ceb263,16,0.37166494393887406,uncalibrated_class1_probability,,93d3892b158c35eccfadc27c879754db69ea5293782492ee5d4ff01a33bff983
S0,W2-e2f83cc27e331efa83f1ad40,BASE_TRAIN,0,0,LG-N1-a5aac66529bb5fb09dc4a6da,19,0.8848817119509351,uncalibrated_class1_probability,,93d3892b158c35eccfadc27c879754db69ea5293782492ee5d4ff01a33bff983
S0,W2-e325717cb777a9a051f0cea5,BASE_TRAIN,0,0,LG-N1-98f321a8983ae8b199997d1d,6,0.013316524390679695,uncalibrated_class1_probability,,93d3892b158c35eccfadc27c879754db69ea5293782492ee5d4ff01a33bff983
S0,W2-e3707a0d4aa1329f22bf4a40,BASE_TRAIN,3,1,LG-N1-adda2cf7038bcc52a9c64b66,15,0.3169900318807556,uncalibrated_class1_probability,,93d3892b158c35eccfadc27c879754db69ea5293782492ee5d4ff01a33bff983
S0,W2-e3a7c2f6e6b1a9d4c1d325bd,BASE_TRAIN,4,0,LG-N1-ac62f6c9c87e72ec49c58fcd,9,0.1702958409167791,uncalibrated_class1_probability,,93d3892b158c35eccfadc27c879754db69ea5293782492ee5d4ff01a33bff983
S0,W2-e42e29928f695344b8731751,BASE_TRAIN,0,0,LG-N1-5b325bb5aefe7a4afb75c369,13,0.18406821689741076,uncalibrated_class1_probability,,93d3892b158c35eccfadc27c879754db69ea5293782492ee5d4ff01a33bff983
S0,W2-e42f958efc4dbcdabf1d7c73,BASE_TRAIN,1,0,LG-N1-ff5c0e9a3f8ed452747ade2a,8,0.027972576498600046,uncalibrated_class1_probability,,93d3892b158c35eccfadc27c879754db69ea5293782492ee5d4ff01a33bff983
S0,W2-e4830510e10b96a775ef189c,BASE_TRAIN,3,0,LG-N1-dc4a24eb642e50c245be9e39,6,0.0040645668290944835,uncalibrated_class1_probability,,93d3892b158c35eccfadc27c879754db69ea5293782492ee5d4ff01a33bff983
S0,W2-e484c179d298904a8df6cb77,BASE_TRAIN,3,1,LG-N1-9658762523cc4b76d8116181,8,0.030637730499865425,uncalibrated_class1_probability,,93d3892b158c35eccfadc27c879754db69ea5293782492ee5d4ff01a33bff983
S0,W2-e495b7dcf13cbf09532b307a,BASE_TRAIN,1,0,LG-N1-4e6c88bd10b81811a8cb132e,8,0.025032008899456955,uncalibrated_class1_probability,,93d3892b158c35eccfadc27c879754db69ea5293782492ee5d4ff01a33bff983
S0,W2-e4ad26a545d817093092ac89,BASE_TRAIN,2,1,LG-N1-8556e18cbf5f283543c79165,55,0.9554672127751908,uncalibrated_class1_probability,,93d3892b158c35eccfadc27c879754db69ea5293782492ee5d4ff01a33bff983
S0,W2-e4dd0bdddea17d9438c1a807,BASE_TRAIN,4,0,LG-N1-65ec9328c99d992b895e6d45,22,0.2329340008114075,uncalibrated_class1_probability,,93d3892b158c35eccfadc27c879754db69ea5293782492ee5d4ff01a33bff983
S0,W2-e51bfb3ae216a3c9ca73ecc5,BASE_TRAIN,4,0,LG-N1-31ff25a05b96486a1b8e5cf9,75,0.8322170770975187,uncalibrated_class1_probability,,93d3892b158c35eccfadc27c879754db69ea5293782492ee5d4ff01a33bff983
S0,W2-e52ae7c42a13f36f1f4022c3,BASE_TRAIN,1,1,LG-N1-b711756d589b26c21de331d7,25,0.8686135645685764,uncalibrated_class1_probability,,93d3892b158c35eccfadc27c879754db69ea5293782492ee5d4ff01a33bff983
S0,W2-e56b2b2cf68cf88f085cd28b,BASE_TRAIN,3,0,LG-N1-ee0f4ed6dc7372612bb5595d,17,0.44623254153899217,uncalibrated_class1_probability,,93d3892b158c35eccfadc27c879754db69ea5293782492ee5d4ff01a33bff983
S0,W2-e56b68c38af0eaa099948592,BASE_TRAIN,2,0,LG-N1-d27f274ef95200c0b260fdb6,14,0.14133295612214558,uncalibrated_class1_probability,,93d3892b158c35eccfadc27c879754db69ea5293782492ee5d4ff01a33bff983
S0,W2-e618d99318d8e546733c499b,BASE_TRAIN,3,0,LG-N1-a35dbfd9ff21b36c98b65122,6,0.00988173342886807,uncalibrated_class1_probability,,93d3892b158c35eccfadc27c879754db69ea5293782492ee5d4ff01a33bff983
S0,W2-e67d1c51d1a9a17d5e84c2be,BASE_TRAIN,1,0,LG-N1-b347f510e97d90a699484770,14,0.4023137777493304,uncalibrated_class1_probability,,93d3892b158c35eccfadc27c879754db69ea5293782492ee5d4ff01a33bff983
S0,W2-e6a82606693d08d9276b9e91,BASE_TRAIN,0,0,LG-N1-f18f3dfd872c96dc5c79d93c,13,0.16235707255821127,uncalibrated_class1_probability,,93d3892b158c35eccfadc27c879754db69ea5293782492ee5d4ff01a33bff983
S0,W2-e6fdb126f818b34116048b3b,BASE_TRAIN,1,0,LG-N1-5d311f78891f0463b7eb10c2,7,0.0017602185232793665,uncalibrated_class1_probability,,93d3892b158c35eccfadc27c879754db69ea5293782492ee5d4ff01a33bff983
S0,W2-e7255527027c7d6e019497dd,BASE_TRAIN,3,0,LG-N1-f31f515ad131fb7b20abcca6,8,0.04018838052889664,uncalibrated_class1_probability,,93d3892b158c35eccfadc27c879754db69ea5293782492ee5d4ff01a33bff983
S0,W2-e762a251f4e1d3339a3e51a4,BASE_TRAIN,3,0,LG-N1-66655a814e752d04baa8fe00,28,0.6822221006015129,uncalibrated_class1_probability,,93d3892b158c35eccfadc27c879754db69ea5293782492ee5d4ff01a33bff983
S0,W2-e7c5c3df7e5d8249abcafa21,BASE_TRAIN,4,0,LG-N1-5a07d5246679f72044848e33,17,0.8308775198391147,uncalibrated_class1_probability,,93d3892b158c35eccfadc27c879754db69ea5293782492ee5d4ff01a33bff983
S0,W2-e7d4d95012a9581c8a2ff0c1,BASE_TRAIN,0,0,LG-N1-dd51a68a70b9d7f9a46c59dc,7,0.0627824081727689,uncalibrated_class1_probability,,93d3892b158c35eccfadc27c879754db69ea5293782492ee5d4ff01a33bff983
S0,W2-e7eb7ee929865a0ef1082d09,BASE_TRAIN,1,0,LG-N1-4c8fe890f9a3138bd4cfdb90,13,0.06421706000187494,uncalibrated_class1_probability,,93d3892b158c35eccfadc27c879754db69ea5293782492ee5d4ff01a33bff983
S0,W2-e8a4379bb6583221eec1286f,BASE_TRAIN,3,0,LG-N1-ccc328ea55b8a195453181a8,8,0.3420518694183296,uncalibrated_class1_probability,,93d3892b158c35eccfadc27c879754db69ea5293782492ee5d4ff01a33bff983
S0,W2-e8c11ace95c2b2b376b7ee62,BASE_TRAIN,2,0,LG-N1-d304c50a525b2d33354e9f4c,10,0.05445372115963361,uncalibrated_class1_probability,,93d3892b158c35eccfadc27c879754db69ea5293782492ee5d4ff01a33bff983
S0,W2-e8e2153055b74c218661f7d3,BASE_TRAIN,2,1,LG-N1-fbf0f933879a2ed4aa2a6834,23,0.6839675507647682,uncalibrated_class1_probability,,93d3892b158c35eccfadc27c879754db69ea5293782492ee5d4ff01a33bff983
S0,W2-e92569bc4c06f38bff603c5d,BASE_TRAIN,4,1,LG-N1-830b4ce01a969ffbd55a6ce0,110,0.9288094558670694,uncalibrated_class1_probability,,93d3892b158c35eccfadc27c879754db69ea5293782492ee5d4ff01a33bff983
S0,W2-e93e791e12cccbffa5ade83b,BASE_TRAIN,3,0,LG-N1-5c2f6c7911a0b58f6986bf5d,12,0.13953260131131706,uncalibrated_class1_probability,,93d3892b158c35eccfadc27c879754db69ea5293782492ee5d4ff01a33bff983
S0,W2-e9d19165a2f9cb50376183aa,BASE_TRAIN,3,0,LG-N1-29e6eb093fb8b9a6c4db736f,13,0.2758358399482565,uncalibrated_class1_probability,,93d3892b158c35eccfadc27c879754db69ea5293782492ee5d4ff01a33bff983
S0,W2-e9d895ef225f65b534d2ff6f,BASE_TRAIN,1,0,LG-N1-e25ff6725054fff1573d8215,12,0.308245388847062,uncalibrated_class1_probability,,93d3892b158c35eccfadc27c879754db69ea5293782492ee5d4ff01a33bff983
S0,W2-e9e6d1223268b99b4c3ec855,BASE_TRAIN,0,1,LG-N1-bdd7b6a4dc184d8ae3039974,41,0.8477764295364011,uncalibrated_class1_probability,,93d3892b158c35eccfadc27c879754db69ea5293782492ee5d4ff01a33bff983
S0,W2-ea04386d86d36a8648150077,BASE_TRAIN,2,0,LG-N1-562e84c562e4e5adb364be20,11,0.4998552662637266,uncalibrated_class1_probability,,93d3892b158c35eccfadc27c879754db69ea5293782492ee5d4ff01a33bff983
S0,W2-ea415f76bf74f4e5fc2dba03,BASE_TRAIN,0,1,LG-N1-dec275fe334cc9136130a5e8,25,0.7914028529271455,uncalibrated_class1_probability,,93d3892b158c35eccfadc27c879754db69ea5293782492ee5d4ff01a33bff983
S0,W2-ea5679908860f124464f471d,BASE_TRAIN,4,0,LG-N1-e76b00b253a23896c0d36aab,12,0.15384243072253143,uncalibrated_class1_probability,,93d3892b158c35eccfadc27c879754db69ea5293782492ee5d4ff01a33bff983
S0,W2-ea6673ede63fd1ba764f288f,BASE_TRAIN,2,0,LG-N1-71bc7de9ee2e14079e4a6d55,7,0.10765134646382268,uncalibrated_class1_probability,,93d3892b158c35eccfadc27c879754db69ea5293782492ee5d4ff01a33bff983
S0,W2-ea732f6b0fb33bf1aa304d36,BASE_TRAIN,1,0,LG-N1-d504dd7baf3792a42f62f55d,7,0.030719716659606655,uncalibrated_class1_probability,,93d3892b158c35eccfadc27c879754db69ea5293782492ee5d4ff01a33bff983
S0,W2-ea8a6cc0602cdb6dd81b006b,BASE_TRAIN,3,1,LG-N1-e6afd6831b22830b4b18b682,47,0.9842353185852333,uncalibrated_class1_probability,,93d3892b158c35eccfadc27c879754db69ea5293782492ee5d4ff01a33bff983
S0,W2-eaabb1eca88e88e3fd467101,BASE_TRAIN,2,0,LG-N1-9037fbbceb33aae991bc6e54,13,0.21322978668596348,uncalibrated_class1_probability,,93d3892b158c35eccfadc27c879754db69ea5293782492ee5d4ff01a33bff983
S0,W2-eac71d0825bc1f59bae603b5,BASE_TRAIN,0,0,LG-N1-cfd92833d08731c2820a9ff1,8,0.0014650779516676479,uncalibrated_class1_probability,,93d3892b158c35eccfadc27c879754db69ea5293782492ee5d4ff01a33bff983
S0,W2-eae07c644dbad872465053d7,BASE_TRAIN,2,0,LG-N1-b3c68f6984980f725069af79,40,0.5508941944995526,uncalibrated_class1_probability,,93d3892b158c35eccfadc27c879754db69ea5293782492ee5d4ff01a33bff983
S0,W2-eb6ff5598b280613d2678b01,BASE_TRAIN,0,0,LG-N1-99a5e69cf42d16bf1b7495f8,11,0.24526313917575263,uncalibrated_class1_probability,,93d3892b158c35eccfadc27c879754db69ea5293782492ee5d4ff01a33bff983
S0,W2-ebad2696d52347b9331d5715,BASE_TRAIN,0,0,LG-N1-cebfd1bb4f648388e9dc1dc6,11,0.375189253835102,uncalibrated_class1_probability,,93d3892b158c35eccfadc27c879754db69ea5293782492ee5d4ff01a33bff983
S0,W2-ec5ce97e0afd617cf4a60c61,BASE_TRAIN,2,0,LG-N1-e399ebbca5951e988fe58e97,10,0.4220661831246713,uncalibrated_class1_probability,,93d3892b158c35eccfadc27c879754db69ea5293782492ee5d4ff01a33bff983
S0,W2-ec6e6ace960c6e66f172fd23,BASE_TRAIN,4,0,LG-N1-16fdce000124c885437bb7fe,10,0.449347738873114,uncalibrated_class1_probability,,93d3892b158c35eccfadc27c879754db69ea5293782492ee5d4ff01a33bff983
S0,W2-ec6f4b2229b6da57ae351e28,BASE_TRAIN,3,0,LG-N1-033f77b11193cbd755ba0870,15,0.0941040490883957,uncalibrated_class1_probability,,93d3892b158c35eccfadc27c879754db69ea5293782492ee5d4ff01a33bff983
S0,W2-ec7de30be186ce1caa1ef2df,BASE_TRAIN,2,0,LG-N1-2a0807957a63819fe3a731d5,13,0.13224385662783755,uncalibrated_class1_probability,,93d3892b158c35eccfadc27c879754db69ea5293782492ee5d4ff01a33bff983
S0,W2-ecb67a4cf2cf20d02af44cd6,BASE_TRAIN,3,0,LG-N1-fccbfbbd2e972fcbc72f7a1c,7,0.019943439782936695,uncalibrated_class1_probability,,93d3892b158c35eccfadc27c879754db69ea5293782492ee5d4ff01a33bff983
S0,W2-ece460ca853eea0f44e5f037,BASE_TRAIN,0,0,LG-N1-1896625a96364a63f8ff2466,12,0.02309835219038587,uncalibrated_class1_probability,,93d3892b158c35eccfadc27c879754db69ea5293782492ee5d4ff01a33bff983
S0,W2-ecf30f3933b53710b881d13c,BASE_TRAIN,1,0,LG-N1-17add71f14e8bc1bf07936b2,12,0.4669692593457322,uncalibrated_class1_probability,,93d3892b158c35eccfadc27c879754db69ea5293782492ee5d4ff01a33bff983
S0,W2-ed307c5ec753864ff4e08a35,BASE_TRAIN,4,0,LG-N1-120ba9265ca8530ebe1b5fd1,5,0.02332785213283691,uncalibrated_class1_probability,,93d3892b158c35eccfadc27c879754db69ea5293782492ee5d4ff01a33bff983
S0,W2-ed395a139fa17bfe3a0373be,BASE_TRAIN,3,0,LG-N1-6be1c69e0da5a0950b2bdeb7,23,0.750591674841143,uncalibrated_class1_probability,,93d3892b158c35eccfadc27c879754db69ea5293782492ee5d4ff01a33bff983
S0,W2-ed768bb3eb0af76471a58569,BASE_TRAIN,4,0,LG-N1-905daecdbe4ed5c0daeb413e,13,0.2970382228292157,uncalibrated_class1_probability,,93d3892b158c35eccfadc27c879754db69ea5293782492ee5d4ff01a33bff983
S0,W2-ed95d0f0a4fd0662db2f2be3,BASE_TRAIN,3,0,LG-N1-59eba740f3eda8fb011ab13e,36,0.8321062620582125,uncalibrated_class1_probability,,93d3892b158c35eccfadc27c879754db69ea5293782492ee5d4ff01a33bff983
S0,W2-eda04b345bcaa60fec31edbe,BASE_TRAIN,0,1,LG-N1-5149dfb26d9b8ddcddf3d288,19,0.7373796039928656,uncalibrated_class1_probability,,93d3892b158c35eccfadc27c879754db69ea5293782492ee5d4ff01a33bff983
S0,W2-eddda48450c8b2e6da0e90d1,BASE_TRAIN,1,0,LG-N1-31adf3e245f99d7bfdceed22,6,0.03657783364682309,uncalibrated_class1_probability,,93d3892b158c35eccfadc27c879754db69ea5293782492ee5d4ff01a33bff983
S0,W2-ee133ff4134051eb07d3e31d,BASE_TRAIN,4,0,LG-N1-e14b51dafdbd94d5ec371d76,18,0.6862449845573749,uncalibrated_class1_probability,,93d3892b158c35eccfadc27c879754db69ea5293782492ee5d4ff01a33bff983
S0,W2-ee30bcefdb7dc27bfcedd95b,BASE_TRAIN,2,0,LG-N1-9977e36307c724b2147e1a06,11,0.05262632213188581,uncalibrated_class1_probability,,93d3892b158c35eccfadc27c879754db69ea5293782492ee5d4ff01a33bff983
S0,W2-ee336948b45885021908f0f0,BASE_TRAIN,0,0,LG-N1-e24a2998646a232e3fa6f875,91,0.8071602168664943,uncalibrated_class1_probability,,93d3892b158c35eccfadc27c879754db69ea5293782492ee5d4ff01a33bff983
S0,W2-ef4a056aa2dfe7a2cf539d49,BASE_TRAIN,0,0,LG-N1-8e8ef8a1c9fbdfcb64abf511,13,0.10435074018207086,uncalibrated_class1_probability,,93d3892b158c35eccfadc27c879754db69ea5293782492ee5d4ff01a33bff983
S0,W2-ef9fa6fbb9dc78e74453b1c3,BASE_TRAIN,3,0,LG-N1-6a5a5f59714fb9d0b4d5f7e6,18,0.3157952726426601,uncalibrated_class1_probability,,93d3892b158c35eccfadc27c879754db69ea5293782492ee5d4ff01a33bff983
S0,W2-efc31a2fa7e615bdbd03ad7c,BASE_TRAIN,4,0,LG-N1-088c9995570764d514e07109,15,0.1447752459931088,uncalibrated_class1_probability,,93d3892b158c35eccfadc27c879754db69ea5293782492ee5d4ff01a33bff983
S0,W2-f03a58c9f49871e1ad229e6e,BASE_TRAIN,4,0,LG-N1-8828cda5701c43b816f65097,13,0.29766007263995115,uncalibrated_class1_probability,,93d3892b158c35eccfadc27c879754db69ea5293782492ee5d4ff01a33bff983
S0,W2-f0c0c0ff607cc47f91291e33,BASE_TRAIN,2,0,LG-N1-db8ee4f2c35d84965a63c2ca,8,0.13713251859375447,uncalibrated_class1_probability,,93d3892b158c35eccfadc27c879754db69ea5293782492ee5d4ff01a33bff983
S0,W2-f0cab71fe86ccc6587ea1f23,BASE_TRAIN,3,0,LG-N1-bc915dd4c0da63fb9fea5655,15,0.08904041895664995,uncalibrated_class1_probability,,93d3892b158c35eccfadc27c879754db69ea5293782492ee5d4ff01a33bff983
S0,W2-f215b7083203c7c82b046a2f,BASE_TRAIN,3,1,LG-N1-00c7b87099e7018c57b9f826,69,0.8387309310675733,uncalibrated_class1_probability,,93d3892b158c35eccfadc27c879754db69ea5293782492ee5d4ff01a33bff983
S0,W2-f26b4d23abf80d546422ec07,BASE_TRAIN,3,0,LG-N1-a517ddd30678655614e6032e,14,0.08122133589250187,uncalibrated_class1_probability,,93d3892b158c35eccfadc27c879754db69ea5293782492ee5d4ff01a33bff983
S0,W2-f2883952f7dde64d00035199,BASE_TRAIN,4,1,LG-N1-098d61b93c3fbff6a68a50c3,29,0.9381868752953124,uncalibrated_class1_probability,,93d3892b158c35eccfadc27c879754db69ea5293782492ee5d4ff01a33bff983
S0,W2-f2bb2cd00b7bb5344148ced6,BASE_TRAIN,2,0,LG-N1-b4d7330d25580d52babc2d7d,10,0.11257799045806782,uncalibrated_class1_probability,,93d3892b158c35eccfadc27c879754db69ea5293782492ee5d4ff01a33bff983
S0,W2-f32a4ce2cfede478d57cbb38,BASE_TRAIN,2,1,LG-N1-9f54c6e3065287dbb3bfdcd6,24,0.5171341064732002,uncalibrated_class1_probability,,93d3892b158c35eccfadc27c879754db69ea5293782492ee5d4ff01a33bff983
S0,W2-f35ccf698c59627cfc7b06cf,BASE_TRAIN,3,0,LG-N1-92b9ff74b205b256a970c321,10,0.17791001133453227,uncalibrated_class1_probability,,93d3892b158c35eccfadc27c879754db69ea5293782492ee5d4ff01a33bff983
S0,W2-f3d84e8f3d819ed42bedf45e,BASE_TRAIN,3,0,LG-N1-5c9dc9d2deae3e8fda7797c8,9,0.2191233304881118,uncalibrated_class1_probability,,93d3892b158c35eccfadc27c879754db69ea5293782492ee5d4ff01a33bff983
S0,W2-f3ea64b47f47fabecee8f389,BASE_TRAIN,2,0,LG-N1-fcffaf123f486647745f58a4,19,0.38598248747907365,uncalibrated_class1_probability,,93d3892b158c35eccfadc27c879754db69ea5293782492ee5d4ff01a33bff983
S0,W2-f41c1a7859d161b0f401d17b,BASE_TRAIN,4,0,LG-N1-bb341b13d3caedb0da5d7979,12,0.1748920683763711,uncalibrated_class1_probability,,93d3892b158c35eccfadc27c879754db69ea5293782492ee5d4ff01a33bff983
S0,W2-f44c490bd48fbff448d9fc86,BASE_TRAIN,2,0,LG-N1-db6cd39bd2d90fb0a8504154,9,0.04729810757988822,uncalibrated_class1_probability,,93d3892b158c35eccfadc27c879754db69ea5293782492ee5d4ff01a33bff983
S0,W2-f44e973cc004fd6569aca81d,BASE_TRAIN,1,0,LG-N1-7bb7a80eacafcc93728fe5ea,18,0.29104559690020976,uncalibrated_class1_probability,,93d3892b158c35eccfadc27c879754db69ea5293782492ee5d4ff01a33bff983
S0,W2-f481854be9bfa0ca980d9265,BASE_TRAIN,0,0,LG-N1-3f46bb40418a30c547f2588a,10,0.06814551573422609,uncalibrated_class1_probability,,93d3892b158c35eccfadc27c879754db69ea5293782492ee5d4ff01a33bff983
S0,W2-f4922dfb0d42b926846e92f5,BASE_TRAIN,1,1,LG-N1-4ff15b0ea4316ac96470862c,18,0.8284875161601354,uncalibrated_class1_probability,,93d3892b158c35eccfadc27c879754db69ea5293782492ee5d4ff01a33bff983
S0,W2-f4ca614df019dcba201d93fe,BASE_TRAIN,0,0,LG-N1-49eea28606ea71f216bbb344,7,0.01668161672347612,uncalibrated_class1_probability,,93d3892b158c35eccfadc27c879754db69ea5293782492ee5d4ff01a33bff983
S0,W2-f4fef64703e7ebbb359773f0,BASE_TRAIN,2,0,LG-N1-0d482d30afff1bfed9f1ac82,8,0.10265612768959852,uncalibrated_class1_probability,,93d3892b158c35eccfadc27c879754db69ea5293782492ee5d4ff01a33bff983
S0,W2-f5694074b636ee3970d25db7,BASE_TRAIN,4,0,LG-N1-6a6a3a3484cb4757b816f2d7,12,0.08593182115009586,uncalibrated_class1_probability,,93d3892b158c35eccfadc27c879754db69ea5293782492ee5d4ff01a33bff983
S0,W2-f584785b9b2567dd786afb6e,BASE_TRAIN,2,0,LG-N1-5fba7d6d0481eeacb9218564,11,0.10861899303249885,uncalibrated_class1_probability,,93d3892b158c35eccfadc27c879754db69ea5293782492ee5d4ff01a33bff983
S0,W2-f5970254129facb306eb1ed9,BASE_TRAIN,0,0,LG-N1-9d53c68c3b30d6e6226035b2,11,0.05635823496335509,uncalibrated_class1_probability,,93d3892b158c35eccfadc27c879754db69ea5293782492ee5d4ff01a33bff983
S0,W2-f598f0c1db2e79460c3032d1,BASE_TRAIN,3,0,LG-N1-071de3fd5bcd8483440002e2,8,0.04248670424876204,uncalibrated_class1_probability,,93d3892b158c35eccfadc27c879754db69ea5293782492ee5d4ff01a33bff983
S0,W2-f59a55ee15a445fc7ee6dd3e,BASE_TRAIN,1,1,LG-N1-83d977703415929489894f44,14,0.2418097768726733,uncalibrated_class1_probability,,93d3892b158c35eccfadc27c879754db69ea5293782492ee5d4ff01a33bff983
S0,W2-f5a7df8b08c64bbbd1b70ff9,BASE_TRAIN,2,0,LG-N1-8be946154ee9ee730c27ee0c,32,0.7349952740521426,uncalibrated_class1_probability,,93d3892b158c35eccfadc27c879754db69ea5293782492ee5d4ff01a33bff983
S0,W2-f5e4fa40e011a8beff941142,BASE_TRAIN,4,0,LG-N1-ee9daebd73f9fc2369098879,14,0.10262929141927477,uncalibrated_class1_probability,,93d3892b158c35eccfadc27c879754db69ea5293782492ee5d4ff01a33bff983
S0,W2-f6041d8b0d414bfb5f94d579,BASE_TRAIN,0,1,LG-N1-490fef14446c20b2ea8d1b52,196,0.9999967882484725,uncalibrated_class1_probability,,93d3892b158c35eccfadc27c879754db69ea5293782492ee5d4ff01a33bff983
S0,W2-f63012f47bcf20587bf73e5f,BASE_TRAIN,2,0,LG-N1-b148a6ab00902ff062c46bc1,8,0.07632057423595134,uncalibrated_class1_probability,,93d3892b158c35eccfadc27c879754db69ea5293782492ee5d4ff01a33bff983
S0,W2-f6499d4a9d126fcabac3ce46,BASE_TRAIN,3,0,LG-N1-1809a4ccfc53fc90efbd9612,15,0.2071040296492617,uncalibrated_class1_probability,,93d3892b158c35eccfadc27c879754db69ea5293782492ee5d4ff01a33bff983
S0,W2-f675d5868a2f79a121ab5ba7,BASE_TRAIN,1,1,LG-N1-d1c74cd14ecdc924089d9965,11,0.02714273401802201,uncalibrated_class1_probability,,93d3892b158c35eccfadc27c879754db69ea5293782492ee5d4ff01a33bff983
S0,W2-f6b1593b2c4f837ef8818ae0,BASE_TRAIN,0,0,LG-N1-f1930678947c4ba6d3a4810b,8,0.05667173133335177,uncalibrated_class1_probability,,93d3892b158c35eccfadc27c879754db69ea5293782492ee5d4ff01a33bff983
S0,W2-f6f0bce308248c5adeac12dd,BASE_TRAIN,1,0,LG-N1-cbe607cb9c39d056ce0396ec,18,0.30974223487508207,uncalibrated_class1_probability,,93d3892b158c35eccfadc27c879754db69ea5293782492ee5d4ff01a33bff983
S0,W2-f6ffa032331c48904aed6a53,BASE_TRAIN,1,0,LG-N1-6cb617a0f0b94e67387385a9,11,0.24002775141779473,uncalibrated_class1_probability,,93d3892b158c35eccfadc27c879754db69ea5293782492ee5d4ff01a33bff983
S0,W2-f7be7ed55b79777c5d31ef51,BASE_TRAIN,2,1,LG-N1-3dae8c07c11c9e0b5b6143f8,22,0.5748684760699658,uncalibrated_class1_probability,,93d3892b158c35eccfadc27c879754db69ea5293782492ee5d4ff01a33bff983
S0,W2-f7e3d2b01cedcc241f92e72c,BASE_TRAIN,1,0,LG-N1-9e66db69a024a654aca3da0e,33,0.884441945376934,uncalibrated_class1_probability,,93d3892b158c35eccfadc27c879754db69ea5293782492ee5d4ff01a33bff983
S0,W2-f7e852f4b665aa55b3a983d6,BASE_TRAIN,1,0,LG-N1-880d206d549a665c11236627,9,0.0019320858124001322,uncalibrated_class1_probability,,93d3892b158c35eccfadc27c879754db69ea5293782492ee5d4ff01a33bff983
S0,W2-f8136c2b3d22f12f29243d4e,BASE_TRAIN,2,0,LG-N1-0461988f2a4861b24911aa56,10,0.06297433833597173,uncalibrated_class1_probability,,93d3892b158c35eccfadc27c879754db69ea5293782492ee5d4ff01a33bff983
S0,W2-f838172f3c8efe3f7651bac9,BASE_TRAIN,1,0,LG-N1-1be0ca57f8745770a9016e8f,25,0.5096319771211991,uncalibrated_class1_probability,,93d3892b158c35eccfadc27c879754db69ea5293782492ee5d4ff01a33bff983
S0,W2-f874fc167b4926d94c5b78a9,BASE_TRAIN,4,0,LG-N1-463772397730b04cf2f7dabb,9,0.37174628975674423,uncalibrated_class1_probability,,93d3892b158c35eccfadc27c879754db69ea5293782492ee5d4ff01a33bff983
S0,W2-f8877fee62fa53a9f0b2e4e7,BASE_TRAIN,4,0,LG-N1-21fc2e11f684502e99cd7a4f,14,0.20552870709201287,uncalibrated_class1_probability,,93d3892b158c35eccfadc27c879754db69ea5293782492ee5d4ff01a33bff983
S0,W2-f89164635fab171fd439fd37,BASE_TRAIN,1,0,LG-N1-2291ef1f2bdd4d3dbfa716d9,10,0.06486296083902854,uncalibrated_class1_probability,,93d3892b158c35eccfadc27c879754db69ea5293782492ee5d4ff01a33bff983
S0,W2-f94cd491932ce8fc95230773,BASE_TRAIN,3,0,LG-N1-43d02629fc8fcc9d00825b0f,11,0.08848706143985215,uncalibrated_class1_probability,,93d3892b158c35eccfadc27c879754db69ea5293782492ee5d4ff01a33bff983
S0,W2-f96652c9385f9ade764c5459,BASE_TRAIN,2,0,LG-N1-cdbbd1e9e1a9f6f98dcb286a,27,0.5709225572679317,uncalibrated_class1_probability,,93d3892b158c35eccfadc27c879754db69ea5293782492ee5d4ff01a33bff983
S0,W2-f9c3309b16986075bcc3021d,BASE_TRAIN,0,0,LG-N1-48e7d96b241347b121a20805,10,0.08308449032912195,uncalibrated_class1_probability,,93d3892b158c35eccfadc27c879754db69ea5293782492ee5d4ff01a33bff983
S0,W2-f9c929ff7d7fbe34151e07a3,BASE_TRAIN,4,0,LG-N1-ef1b3c3eea1530314db47042,13,0.10175821343330635,uncalibrated_class1_probability,,93d3892b158c35eccfadc27c879754db69ea5293782492ee5d4ff01a33bff983
S0,W2-f9d8eaf1da58dc670e3276b5,BASE_TRAIN,1,1,LG-N1-4a7555432c1a52f3f9993924,24,0.679301976332543,uncalibrated_class1_probability,,93d3892b158c35eccfadc27c879754db69ea5293782492ee5d4ff01a33bff983
S0,W2-fa271346860ead1e5b15f495,BASE_TRAIN,1,0,LG-N1-fae4318e8cc2e3878893a02b,17,0.21218020399730372,uncalibrated_class1_probability,,93d3892b158c35eccfadc27c879754db69ea5293782492ee5d4ff01a33bff983
S0,W2-fac791fe67f8aad3ea6deffe,BASE_TRAIN,0,0,LG-N1-50ad14563543afd8d91f9747,92,0.7552102652958499,uncalibrated_class1_probability,,93d3892b158c35eccfadc27c879754db69ea5293782492ee5d4ff01a33bff983
S0,W2-fb23aadb6d9b9ea952093af4,BASE_TRAIN,0,0,LG-N1-e4f21e80ce9f6480958eec33,8,0.03157985708788896,uncalibrated_class1_probability,,93d3892b158c35eccfadc27c879754db69ea5293782492ee5d4ff01a33bff983
S0,W2-fb2f6e4cee865d25fcc5385d,BASE_TRAIN,2,0,LG-N1-e43c3a47564268077d6153ba,9,0.04376172972645879,uncalibrated_class1_probability,,93d3892b158c35eccfadc27c879754db69ea5293782492ee5d4ff01a33bff983
S0,W2-fbbc42de0167dc5191c4db32,BASE_TRAIN,3,0,LG-N1-f2515b0ee9484c6617dadbbc,14,0.20679550497562818,uncalibrated_class1_probability,,93d3892b158c35eccfadc27c879754db69ea5293782492ee5d4ff01a33bff983
S0,W2-fc3b8e7f263548a6d536d797,BASE_TRAIN,4,0,LG-N1-4e9e8acb552239e506436470,10,0.07443718775189549,uncalibrated_class1_probability,,93d3892b158c35eccfadc27c879754db69ea5293782492ee5d4ff01a33bff983
S0,W2-fc6f1ce23316a4c8317dc8d1,BASE_TRAIN,1,1,LG-N1-be1696e5a575940cb2e455cc,151,0.999998590802503,uncalibrated_class1_probability,,93d3892b158c35eccfadc27c879754db69ea5293782492ee5d4ff01a33bff983
S0,W2-fcba0858eabadca92a7fcf9c,BASE_TRAIN,4,0,LG-N1-2d14d73fe319167a6e092aa7,15,0.1817315626070078,uncalibrated_class1_probability,,93d3892b158c35eccfadc27c879754db69ea5293782492ee5d4ff01a33bff983
S0,W2-fcd753c2dba2599787355bbc,BASE_TRAIN,4,0,LG-N1-be4816b9274e1eac31d671a9,17,0.2652817664506598,uncalibrated_class1_probability,,93d3892b158c35eccfadc27c879754db69ea5293782492ee5d4ff01a33bff983
S0,W2-fcfa6d6f06540fd30d82809f,BASE_TRAIN,3,0,LG-N1-6d5f6ffc6b2f22862e6ad64c,16,0.49103670295931323,uncalibrated_class1_probability,,93d3892b158c35eccfadc27c879754db69ea5293782492ee5d4ff01a33bff983
S0,W2-fd0c9728e48ec4c63230079c,BASE_TRAIN,2,0,LG-N1-fe4d4b2c21538eccc74151a2,19,0.30567783186060576,uncalibrated_class1_probability,,93d3892b158c35eccfadc27c879754db69ea5293782492ee5d4ff01a33bff983
S0,W2-fd0edce69035eabf95ff582d,BASE_TRAIN,0,0,LG-N1-dd3083187d9a6ed97f570f72,12,0.10811877301557767,uncalibrated_class1_probability,,93d3892b158c35eccfadc27c879754db69ea5293782492ee5d4ff01a33bff983
S0,W2-fd2da2d4f62daf8381381a51,BASE_TRAIN,1,0,LG-N1-f73f32fdf9ea8961d14c9efa,11,0.12544645274645658,uncalibrated_class1_probability,,93d3892b158c35eccfadc27c879754db69ea5293782492ee5d4ff01a33bff983
S0,W2-fd4b74534c7d5fdc08f219b9,BASE_TRAIN,4,0,LG-N1-c37a262424f3424a3f485321,10,0.12213348637236206,uncalibrated_class1_probability,,93d3892b158c35eccfadc27c879754db69ea5293782492ee5d4ff01a33bff983
S0,W2-fd5dd46497684d9a56fab844,BASE_TRAIN,0,0,LG-N1-4817a00d747138b8ac2da8a3,16,0.6496472387720205,uncalibrated_class1_probability,,93d3892b158c35eccfadc27c879754db69ea5293782492ee5d4ff01a33bff983
S0,W2-fd79cfea53e8e96a27639125,BASE_TRAIN,0,0,LG-N1-3281a5609e89f5e838c05161,13,0.12122049528626258,uncalibrated_class1_probability,,93d3892b158c35eccfadc27c879754db69ea5293782492ee5d4ff01a33bff983
S0,W2-fdb4ed0ebc8259ae01b78c89,BASE_TRAIN,1,0,LG-N1-ebee97bd998d5d3f48698278,9,0.20445906976768,uncalibrated_class1_probability,,93d3892b158c35eccfadc27c879754db69ea5293782492ee5d4ff01a33bff983
S0,W2-fe5926af8cc17ab27745a8d9,BASE_TRAIN,1,0,LG-N1-a1270188112c115fe4d663f2,10,0.14186628635716164,uncalibrated_class1_probability,,93d3892b158c35eccfadc27c879754db69ea5293782492ee5d4ff01a33bff983
S0,W2-fe5b371682ac35d722cea9fd,BASE_TRAIN,0,0,LG-N1-3df63c8844f751d1212f5b75,13,0.3267221124083381,uncalibrated_class1_probability,,93d3892b158c35eccfadc27c879754db69ea5293782492ee5d4ff01a33bff983
S0,W2-ff293bb113f429b5513c4cdb,BASE_TRAIN,3,0,LG-N1-ab1a2aa6217f2b9b1ed4c8bf,16,0.6852966028685047,uncalibrated_class1_probability,,93d3892b158c35eccfadc27c879754db69ea5293782492ee5d4ff01a33bff983
S0,W2-ff9806964a43980fab7d7390,BASE_TRAIN,2,1,LG-N1-c8af7527d6f4dbf798fec5cf,77,0.9076806948252685,uncalibrated_class1_probability,,93d3892b158c35eccfadc27c879754db69ea5293782492ee5d4ff01a33bff983
S0,W2-ffa0da4db7e8613cedc9e88e,BASE_TRAIN,2,0,LG-N1-2714878b02a998df374b9f90,13,0.11355447268096956,uncalibrated_class1_probability,,93d3892b158c35eccfadc27c879754db69ea5293782492ee5d4ff01a33bff983
S0,W2-ffed1310cf426b22ecc551e4,BASE_TRAIN,0,1,LG-N1-ba129ec809e214a775679e6a,29,0.5742404563779191,uncalibrated_class1_probability,,93d3892b158c35eccfadc27c879754db69ea5293782492ee5d4ff01a33bff983
S1,W2-00c4e1c4dbf58fdced5050c4,BASE_TRAIN,1,0,LG-N1-6cbe4c8d502047796a80df94,8,-0.6869814860941266,decision_function,,93d3892b158c35eccfadc27c879754db69ea5293782492ee5d4ff01a33bff983
S1,W2-00e505c00d56b9adbb47f37f,BASE_TRAIN,4,0,LG-N1-ee266f41152c2d4585362923,10,-1.2564220598513294,decision_function,,93d3892b158c35eccfadc27c879754db69ea5293782492ee5d4ff01a33bff983
S1,W2-011f663bc77b41e6a5cbe3f0,BASE_TRAIN,0,0,LG-N1-41dda7fb75e1cb181f8023c9,7,-1.8373449533616968,decision_function,,93d3892b158c35eccfadc27c879754db69ea5293782492ee5d4ff01a33bff983
S1,W2-016aa5cc3e8174bc5b98974c,BASE_TRAIN,3,0,LG-N1-7731032d0d87c4c97c8a67a6,15,-0.6162616852132248,decision_function,,93d3892b158c35eccfadc27c879754db69ea5293782492ee5d4ff01a33bff983
S1,W2-01791b221ed41bdf47e3382e,BASE_TRAIN,2,1,LG-N1-db9fcd4154104576c84e2ffb,38,1.6512045471969428,decision_function,,93d3892b158c35eccfadc27c879754db69ea5293782492ee5d4ff01a33bff983
S1,W2-018f51e65b664e0e0cac1846,BASE_TRAIN,0,0,LG-N1-f6d032eb0930467f2696cc29,13,-1.331583091552951,decision_function,,93d3892b158c35eccfadc27c879754db69ea5293782492ee5d4ff01a33bff983
S1,W2-01bce328ca138725a464af41,BASE_TRAIN,0,0,LG-N1-e0477b2f7bf8c03c795dc69a,15,-1.3173097399537839,decision_function,,93d3892b158c35eccfadc27c879754db69ea5293782492ee5d4ff01a33bff983
S1,W2-01e575d9ee1251e8fdeac9cc,BASE_TRAIN,3,1,LG-N1-beb5daaf25aaa1b811e657d4,97,1.3106708277869918,decision_function,,93d3892b158c35eccfadc27c879754db69ea5293782492ee5d4ff01a33bff983
S1,W2-01edc725d4d55d68488ef00a,BASE_TRAIN,0,0,LG-N1-36fe6323a16e3539d9ff76a4,10,-0.8923196247515326,decision_function,,93d3892b158c35eccfadc27c879754db69ea5293782492ee5d4ff01a33bff983
S1,W2-026608a5fe3ba90b791e7775,BASE_TRAIN,2,0,LG-N1-9f48da08a79d595db445159e,7,-1.3939673105221462,decision_function,,93d3892b158c35eccfadc27c879754db69ea5293782492ee5d4ff01a33bff983
S1,W2-026aa2ba5313fea4a96e84a2,BASE_TRAIN,4,0,LG-N1-3b350ea815a2f9d87c97f151,25,0.5052804589798802,decision_function,,93d3892b158c35eccfadc27c879754db69ea5293782492ee5d4ff01a33bff983
S1,W2-028e75133c29035d9ac2526e,BASE_TRAIN,3,0,LG-N1-28f9b2735c3c97a74b4c4fc8,11,-1.097639721391919,decision_function,,93d3892b158c35eccfadc27c879754db69ea5293782492ee5d4ff01a33bff983
S1,W2-02cc083fe0b5dd1c1d2aa37b,BASE_TRAIN,4,0,LG-N1-2fbbb3db83254d1bc7690b77,7,-1.010478788195054,decision_function,,93d3892b158c35eccfadc27c879754db69ea5293782492ee5d4ff01a33bff983
S1,W2-03049aab35894a958057c539,BASE_TRAIN,0,0,LG-N1-d81113a5e4ca2b64b848f998,19,0.04252510606463772,decision_function,,93d3892b158c35eccfadc27c879754db69ea5293782492ee5d4ff01a33bff983
S1,W2-03173a0fb2e8427d290b6741,BASE_TRAIN,1,1,LG-N1-cc24dc0bdbb2bbe8747fb886,8,-1.1245817403704566,decision_function,,93d3892b158c35eccfadc27c879754db69ea5293782492ee5d4ff01a33bff983
S1,W2-033a306e296a0ff8e39cb504,BASE_TRAIN,2,0,LG-N1-c83d24c2a217f101ec82377d,6,-1.463740265245603,decision_function,,93d3892b158c35eccfadc27c879754db69ea5293782492ee5d4ff01a33bff983
S1,W2-0342ca5af1cd3b0b051afbee,BASE_TRAIN,0,0,LG-N1-b83dac1d23c1c57a670bddd7,16,-0.4255395292095136,decision_function,,93d3892b158c35eccfadc27c879754db69ea5293782492ee5d4ff01a33bff983
S1,W2-0347ab951fe55e5dc0f4e0f8,BASE_TRAIN,4,0,LG-N1-f3e37cfe076760598cd574fb,11,-1.5004419879702375,decision_function,,93d3892b158c35eccfadc27c879754db69ea5293782492ee5d4ff01a33bff983
S1,W2-0363c397e38a57338f15ebf8,BASE_TRAIN,1,0,LG-N1-9cf6470853279698734769c8,9,-1.1222135621284992,decision_function,,93d3892b158c35eccfadc27c879754db69ea5293782492ee5d4ff01a33bff983
S1,W2-038c730abefc8f7933187a82,BASE_TRAIN,3,1,LG-N1-f141c2a506c6c30666afcab8,433,1.0292430185695471,decision_function,,93d3892b158c35eccfadc27c879754db69ea5293782492ee5d4ff01a33bff983
S1,W2-04252da2cc6da60672f9e52d,BASE_TRAIN,4,0,LG-N1-ee78875423fc77327a40b050,7,-1.1069555458077454,decision_function,,93d3892b158c35eccfadc27c879754db69ea5293782492ee5d4ff01a33bff983
S1,W2-04540c494b7858e9cc5230ce,BASE_TRAIN,4,0,LG-N1-dd5443080610d3cd29a64be6,6,-0.8327677204966336,decision_function,,93d3892b158c35eccfadc27c879754db69ea5293782492ee5d4ff01a33bff983
S1,W2-050e0901e322b560f8749b7d,BASE_TRAIN,2,1,LG-N1-84d39302f704c242d8d16e4b,302,0.3956111411460378,decision_function,,93d3892b158c35eccfadc27c879754db69ea5293782492ee5d4ff01a33bff983
S1,W2-051e08c0f8a5d2586bad3e6e,BASE_TRAIN,2,1,LG-N1-70ca1e5d53b3e11feb80b1f2,65,1.4725416219717815,decision_function,,93d3892b158c35eccfadc27c879754db69ea5293782492ee5d4ff01a33bff983
S1,W2-053aa29a2bde68235a43aa67,BASE_TRAIN,4,0,LG-N1-647862e5401fc8027b6c3636,14,-1.13794330432725,decision_function,,93d3892b158c35eccfadc27c879754db69ea5293782492ee5d4ff01a33bff983
S1,W2-053bff90b0fb3eb7f7497f4a,BASE_TRAIN,2,0,LG-N1-f53b20f62a6fcbc2431bc61e,11,-1.2160669700381779,decision_function,,93d3892b158c35eccfadc27c879754db69ea5293782492ee5d4ff01a33bff983
S1,W2-0565f4d0634f3025b76e538d,BASE_TRAIN,4,0,LG-N1-97860b91a8c14fdea984b83d,14,-1.1384470514235971,decision_function,,93d3892b158c35eccfadc27c879754db69ea5293782492ee5d4ff01a33bff983
S1,W2-05c635fbca01441833a74933,BASE_TRAIN,4,0,LG-N1-61e57eb6bb002d5f54d94789,15,-1.2669415731593112,decision_function,,93d3892b158c35eccfadc27c879754db69ea5293782492ee5d4ff01a33bff983
S1,W2-0661ee949ff4da481f30f398,BASE_TRAIN,4,0,LG-N1-2baaa692336e04034a99b4b3,29,0.732099187388137,decision_function,,93d3892b158c35eccfadc27c879754db69ea5293782492ee5d4ff01a33bff983
S1,W2-066e344a62ebc4797595d49d,BASE_TRAIN,1,0,LG-N1-e4e2601bf8ad2631b2c16d07,8,-1.0141448605494332,decision_function,,93d3892b158c35eccfadc27c879754db69ea5293782492ee5d4ff01a33bff983
S1,W2-068d943d72e9983618519e91,BASE_TRAIN,4,0,LG-N1-143dd39e2e3c325db80ed1a2,14,-0.9019918206337082,decision_function,,93d3892b158c35eccfadc27c879754db69ea5293782492ee5d4ff01a33bff983
S1,W2-06e5c28c57ddaa934979bbc5,BASE_TRAIN,3,0,LG-N1-8ef55ec3f77479db18782940,9,-1.0826434813650765,decision_function,,93d3892b158c35eccfadc27c879754db69ea5293782492ee5d4ff01a33bff983
S1,W2-0714b392858e3423878af49e,BASE_TRAIN,1,0,LG-N1-6c23efa3db85ee7cf608701d,9,-0.7634755595521238,decision_function,,93d3892b158c35eccfadc27c879754db69ea5293782492ee5d4ff01a33bff983
S1,W2-0744c8b983126a8ed02c0608,BASE_TRAIN,0,0,LG-N1-6c27a33f7c0ee72ff8adc243,11,-1.072656288666781,decision_function,,93d3892b158c35eccfadc27c879754db69ea5293782492ee5d4ff01a33bff983
S1,W2-0780549bd32f59a97adb3967,BASE_TRAIN,3,0,LG-N1-ee5c9a7ada25d64ab7eff1e3,22,-0.15589478837682574,decision_function,,93d3892b158c35eccfadc27c879754db69ea5293782492ee5d4ff01a33bff983
S1,W2-07c873894f38ef87284bb971,BASE_TRAIN,4,0,LG-N1-10016ff903c442ce2f878518,8,-1.1962641363840913,decision_function,,93d3892b158c35eccfadc27c879754db69ea5293782492ee5d4ff01a33bff983
S1,W2-07dbb93653f44db520ef7eff,BASE_TRAIN,3,0,LG-N1-1ae0f515f3608c6bd04d8099,11,-1.091281503635149,decision_function,,93d3892b158c35eccfadc27c879754db69ea5293782492ee5d4ff01a33bff983
S1,W2-07e5e560ee9934a5dfe47f74,BASE_TRAIN,4,0,LG-N1-8a2d592a323557d6a654866a,9,-1.2718848365036102,decision_function,,93d3892b158c35eccfadc27c879754db69ea5293782492ee5d4ff01a33bff983
S1,W2-0815f81746c523f563f5e977,BASE_TRAIN,3,0,LG-N1-4af8e665b2eb3c1a6fd05e77,11,-1.047259746762652,decision_function,,93d3892b158c35eccfadc27c879754db69ea5293782492ee5d4ff01a33bff983
S1,W2-085199c6f7863b09ca9b7c56,BASE_TRAIN,4,0,LG-N1-652c1277daef72cb2908bd1f,10,-1.2053430616943681,decision_function,,93d3892b158c35eccfadc27c879754db69ea5293782492ee5d4ff01a33bff983
S1,W2-08bbfbc0de09c85024bb229f,BASE_TRAIN,0,0,LG-N1-45f50774be9895d83290579f,11,-0.6738838512054974,decision_function,,93d3892b158c35eccfadc27c879754db69ea5293782492ee5d4ff01a33bff983
S1,W2-090cbc3dd8e14febd4b3a9cd,BASE_TRAIN,2,0,LG-N1-af4304430ad93f2819ee0825,15,-0.9025307097877482,decision_function,,93d3892b158c35eccfadc27c879754db69ea5293782492ee5d4ff01a33bff983
S1,W2-097aa7b97f5b39a0b061bc87,BASE_TRAIN,0,0,LG-N1-8469ed9eae49976138875d33,11,-1.2345569955621676,decision_function,,93d3892b158c35eccfadc27c879754db69ea5293782492ee5d4ff01a33bff983
S1,W2-09aca32b72653dcefc6309ca,BASE_TRAIN,3,0,LG-N1-6a196f0ab2fb77da2f746f5f,13,-0.7184722050578514,decision_function,,93d3892b158c35eccfadc27c879754db69ea5293782492ee5d4ff01a33bff983
S1,W2-0a41786cb0de7c264e8af787,BASE_TRAIN,4,1,LG-N1-5ec1268c0eb2a56dedefcfb4,77,0.7169596370619532,decision_function,,93d3892b158c35eccfadc27c879754db69ea5293782492ee5d4ff01a33bff983
S1,W2-0a55cd36375fdf2d5cbc27ba,BASE_TRAIN,2,0,LG-N1-acc9af86f5a8e18ecf3f9fac,14,-0.20465745335852015,decision_function,,93d3892b158c35eccfadc27c879754db69ea5293782492ee5d4ff01a33bff983
S1,W2-0aa9ab25756e014ad20831e4,BASE_TRAIN,0,0,LG-N1-77f4be19da6698c7243c167d,21,-0.6523427596333247,decision_function,,93d3892b158c35eccfadc27c879754db69ea5293782492ee5d4ff01a33bff983
S1,W2-0b0e214a9c99a6c2986178b4,BASE_TRAIN,3,1,LG-N1-82ce45b876e78558aa9848b8,19,-0.06231619058505461,decision_function,,93d3892b158c35eccfadc27c879754db69ea5293782492ee5d4ff01a33bff983
S1,W2-0bbfaccc6c56835926821b31,BASE_TRAIN,0,0,LG-N1-47e2da34a117eae0d1294b9c,6,-1.453677311969664,decision_function,,93d3892b158c35eccfadc27c879754db69ea5293782492ee5d4ff01a33bff983
S1,W2-0bd4eb25a50e16a0bec82fe5,BASE_TRAIN,1,0,LG-N1-00733abeb5511a609c4a9c4c,11,-1.079005176658161,decision_function,,93d3892b158c35eccfadc27c879754db69ea5293782492ee5d4ff01a33bff983
S1,W2-0c3a2f30a14df774f28c035e,BASE_TRAIN,0,0,LG-N1-10805e051d111fd90afd3dea,8,-1.6718725125310745,decision_function,,93d3892b158c35eccfadc27c879754db69ea5293782492ee5d4ff01a33bff983
S1,W2-0ca44674b2d451c7fcda0f39,BASE_TRAIN,0,0,LG-N1-9746f85cf04cedbe10336c41,78,1.2479516669334036,decision_function,,93d3892b158c35eccfadc27c879754db69ea5293782492ee5d4ff01a33bff983
S1,W2-0cb8439ce9385dc2498c4180,BASE_TRAIN,4,1,LG-N1-01717fde76e267940a9f4846,30,0.8890934872841841,decision_function,,93d3892b158c35eccfadc27c879754db69ea5293782492ee5d4ff01a33bff983
S1,W2-0cbae84614b9603491fb1cae,BASE_TRAIN,2,0,LG-N1-bda915dbdb3851337e765f47,13,-1.3648491546203112,decision_function,,93d3892b158c35eccfadc27c879754db69ea5293782492ee5d4ff01a33bff983
S1,W2-0ccec568b3084e4b9c707551,BASE_TRAIN,1,0,LG-N1-3425b23330f7c9ac9a1e5cb3,12,-1.2515874866646128,decision_function,,93d3892b158c35eccfadc27c879754db69ea5293782492ee5d4ff01a33bff983
S1,W2-0ce0c85aa9bd7f34281836e7,BASE_TRAIN,1,0,LG-N1-50f85f5ad511d5953edfa957,29,0.6968000300198846,decision_function,,93d3892b158c35eccfadc27c879754db69ea5293782492ee5d4ff01a33bff983
S1,W2-0ce207c45b0d1ab175edbb61,BASE_TRAIN,4,1,LG-N1-c99e7c2907facb5ee87fd207,15,-1.136807545416195,decision_function,,93d3892b158c35eccfadc27c879754db69ea5293782492ee5d4ff01a33bff983
S1,W2-0cead47cb4a020c01c06951c,BASE_TRAIN,4,0,LG-N1-bc85090d3166afa830dd2f29,12,-0.11702500984205547,decision_function,,93d3892b158c35eccfadc27c879754db69ea5293782492ee5d4ff01a33bff983
S1,W2-0cff063bfacb9f506f6d9238,BASE_TRAIN,1,0,LG-N1-60de7e36707ea1033603c7c4,9,-1.1772907548366636,decision_function,,93d3892b158c35eccfadc27c879754db69ea5293782492ee5d4ff01a33bff983
S1,W2-0d0c3f0d247435f0ad73f444,BASE_TRAIN,1,0,LG-N1-b45519f9430b39953bbb59b1,26,0.2788558610763946,decision_function,,93d3892b158c35eccfadc27c879754db69ea5293782492ee5d4ff01a33bff983
S1,W2-0d99436088714b5703d75b75,BASE_TRAIN,2,0,LG-N1-57c743fb41822e513c42daf9,58,1.4321399813279454,decision_function,,93d3892b158c35eccfadc27c879754db69ea5293782492ee5d4ff01a33bff983
S1,W2-0e009a74b43a570f7e265b43,BASE_TRAIN,4,1,LG-N1-d83f1922752ebaa19be74e9c,92,1.1363377967012225,decision_function,,93d3892b158c35eccfadc27c879754db69ea5293782492ee5d4ff01a33bff983
S1,W2-0e09f841c0a6daaf6cf4cfe3,BASE_TRAIN,1,0,LG-N1-ad4a1332a1719051bcb4359c,9,-1.0274841304397935,decision_function,,93d3892b158c35eccfadc27c879754db69ea5293782492ee5d4ff01a33bff983
S1,W2-0e0a3fcda4ec1fa43a655e91,BASE_TRAIN,2,0,LG-N1-394f146ecfb89ab34186c558,16,0.9466657833761221,decision_function,,93d3892b158c35eccfadc27c879754db69ea5293782492ee5d4ff01a33bff983
S1,W2-0e38d5f9af592cd3621aa565,BASE_TRAIN,4,0,LG-N1-0e65bfea042a32c5b89c2f4d,11,-1.2901487188760896,decision_function,,93d3892b158c35eccfadc27c879754db69ea5293782492ee5d4ff01a33bff983
S1,W2-0e512e56f64a8f882e2ff0f6,BASE_TRAIN,3,0,LG-N1-6da8e8b69d60c6896ca16971,27,-0.2850794254667865,decision_function,,93d3892b158c35eccfadc27c879754db69ea5293782492ee5d4ff01a33bff983
S1,W2-0e61ca32c27654112d3bc3ca,BASE_TRAIN,2,1,LG-N1-45bce5ba2ba8559374ca6590,18,1.5462620099326407,decision_function,,93d3892b158c35eccfadc27c879754db69ea5293782492ee5d4ff01a33bff983
S1,W2-0ee28e5821c10a52f23e1a53,BASE_TRAIN,0,1,LG-N1-c567bed2b3194d3f44e31878,46,1.503086118688195,decision_function,,93d3892b158c35eccfadc27c879754db69ea5293782492ee5d4ff01a33bff983
S1,W2-0ee6327b08a0323321ae34e9,BASE_TRAIN,0,0,LG-N1-56d926e9b4553baaca93d5a5,9,-0.7597071484525972,decision_function,,93d3892b158c35eccfadc27c879754db69ea5293782492ee5d4ff01a33bff983
S1,W2-0f317fcd82b27eff7b0fd631,BASE_TRAIN,4,0,LG-N1-ec45acbebe45c9dfcbe78622,10,-1.0665505293451003,decision_function,,93d3892b158c35eccfadc27c879754db69ea5293782492ee5d4ff01a33bff983
S1,W2-0f497157f8d205abfd53756e,BASE_TRAIN,0,0,LG-N1-134b1565b3e26fda2b867660,13,-0.4989564025300242,decision_function,,93d3892b158c35eccfadc27c879754db69ea5293782492ee5d4ff01a33bff983
S1,W2-0f65e57c9e18c213e51461bf,BASE_TRAIN,1,0,LG-N1-059d09081a2738b1865c42ad,14,-0.785816800519804,decision_function,,93d3892b158c35eccfadc27c879754db69ea5293782492ee5d4ff01a33bff983
S1,W2-0f7c90f64de5473d994a337f,BASE_TRAIN,3,0,LG-N1-7ca3dca21f047a56256a4a12,76,1.5044801134498829,decision_function,,93d3892b158c35eccfadc27c879754db69ea5293782492ee5d4ff01a33bff983
S1,W2-0f7da4b36ee883bb63f971b9,BASE_TRAIN,4,0,LG-N1-1f3683722c2d38c58400226b,15,-1.128926420847447,decision_function,,93d3892b158c35eccfadc27c879754db69ea5293782492ee5d4ff01a33bff983
S1,W2-0fa75cf60b21feb983e27290,BASE_TRAIN,4,1,LG-N1-ea06b86e3959e8368d8b3b7e,116,1.172423995531405,decision_function,,93d3892b158c35eccfadc27c879754db69ea5293782492ee5d4ff01a33bff983
S1,W2-0fbd7369b4979b4f21a5bec6,BASE_TRAIN,0,0,LG-N1-8cfb7217f32d9cda0cca294c,7,-1.5688660757805113,decision_function,,93d3892b158c35eccfadc27c879754db69ea5293782492ee5d4ff01a33bff983
S1,W2-0fef2b72eb6fac69adc3686f,BASE_TRAIN,0,0,LG-N1-de4a4140f575a2a6fad27933,19,-0.29812641008109514,decision_function,,93d3892b158c35eccfadc27c879754db69ea5293782492ee5d4ff01a33bff983
S1,W2-0ff5214eb96414ba0789dcef,BASE_TRAIN,2,0,LG-N1-885e5a4254a1840b0cc19fc8,6,-1.4489535628128247,decision_function,,93d3892b158c35eccfadc27c879754db69ea5293782492ee5d4ff01a33bff983
S1,W2-101cc426ceec827b9691e391,BASE_TRAIN,3,1,LG-N1-df414948c2678283bfb2e1bc,40,0.9952560546390876,decision_function,,93d3892b158c35eccfadc27c879754db69ea5293782492ee5d4ff01a33bff983
S1,W2-108fbab613fc8caed3f8fab4,BASE_TRAIN,1,0,LG-N1-beb61d14acf42f78bac83cc8,18,-1.1477598602619827,decision_function,,93d3892b158c35eccfadc27c879754db69ea5293782492ee5d4ff01a33bff983
S1,W2-10950ba78fc46fd9428114d2,BASE_TRAIN,4,1,LG-N1-6d89789f3c40dfada104ca03,30,1.1483394565531133,decision_function,,93d3892b158c35eccfadc27c879754db69ea5293782492ee5d4ff01a33bff983
S1,W2-114f092c82d9dd24cea1386f,BASE_TRAIN,4,0,LG-N1-957629a49d22c8ebf8ee3100,12,-1.380444237489167,decision_function,,93d3892b158c35eccfadc27c879754db69ea5293782492ee5d4ff01a33bff983
S1,W2-117540e2304b353a364a0a15,BASE_TRAIN,2,0,LG-N1-d96298249e105ccb65663d6e,37,1.1926979290975388,decision_function,,93d3892b158c35eccfadc27c879754db69ea5293782492ee5d4ff01a33bff983
S1,W2-119907116c9ccfd32f5434db,BASE_TRAIN,1,0,LG-N1-4351c027402ed578282760a9,10,-1.045083075541212,decision_function,,93d3892b158c35eccfadc27c879754db69ea5293782492ee5d4ff01a33bff983
S1,W2-11d5f7faad9a82520cada11c,BASE_TRAIN,0,1,LG-N1-33a3c89194a7dfbf5fdaa0a5,38,1.5545099470974602,decision_function,,93d3892b158c35eccfadc27c879754db69ea5293782492ee5d4ff01a33bff983
S1,W2-11dd637e258cda3dd929901d,BASE_TRAIN,4,0,LG-N1-10ba9916e239b3eb031bec6c,13,-1.2067373556881877,decision_function,,93d3892b158c35eccfadc27c879754db69ea5293782492ee5d4ff01a33bff983
S1,W2-11e88f8505cb529d5d58d877,BASE_TRAIN,1,0,LG-N1-8f0ce9a6730a53f3b998b00d,17,-0.9188632231147217,decision_function,,93d3892b158c35eccfadc27c879754db69ea5293782492ee5d4ff01a33bff983
S1,W2-1257b66e503afb372e48512b,BASE_TRAIN,4,0,LG-N1-2015c32d6c9c9cfc1dc4bc22,10,-0.5075392489769079,decision_function,,93d3892b158c35eccfadc27c879754db69ea5293782492ee5d4ff01a33bff983
S1,W2-127d8c766251a80de743dff6,BASE_TRAIN,3,0,LG-N1-8aff0fca7317b1ab9e4c4453,12,-1.3417614757580887,decision_function,,93d3892b158c35eccfadc27c879754db69ea5293782492ee5d4ff01a33bff983
S1,W2-129172d06511a6a0b98af867,BASE_TRAIN,4,0,LG-N1-09ea3274ebc38bb25714927a,8,-1.4948230080245852,decision_function,,93d3892b158c35eccfadc27c879754db69ea5293782492ee5d4ff01a33bff983
S1,W2-133070455b2ce7da2b70ed55,BASE_TRAIN,1,0,LG-N1-bb5b0a35345f968405c8b77d,9,-1.553260998061794,decision_function,,93d3892b158c35eccfadc27c879754db69ea5293782492ee5d4ff01a33bff983
S1,W2-133810ceb1ecc72a14c691a6,BASE_TRAIN,4,0,LG-N1-99e3b9cce0e687b2d3ba093f,9,-1.286052455941464,decision_function,,93d3892b158c35eccfadc27c879754db69ea5293782492ee5d4ff01a33bff983
S1,W2-1358a68c4f6c0912666fa2a5,BASE_TRAIN,4,0,LG-N1-59e4e230f8161abf03f85fe4,7,-1.6311289924699688,decision_function,,93d3892b158c35eccfadc27c879754db69ea5293782492ee5d4ff01a33bff983
S1,W2-13b1bee601795417a63ca67c,BASE_TRAIN,2,0,LG-N1-ac1f9d53d978c04aca01ea49,11,-1.1891773554286234,decision_function,,93d3892b158c35eccfadc27c879754db69ea5293782492ee5d4ff01a33bff983
S1,W2-13b7e7189ba67eedaad03002,BASE_TRAIN,0,0,LG-N1-aeb0a8519ad014cd56df6996,12,-0.8987880135830277,decision_function,,93d3892b158c35eccfadc27c879754db69ea5293782492ee5d4ff01a33bff983
S1,W2-14aba838e2ba35ee55ccd61c,BASE_TRAIN,2,0,LG-N1-b3d1e8bd42229bd9221a8bda,7,-1.9221899753628529,decision_function,,93d3892b158c35eccfadc27c879754db69ea5293782492ee5d4ff01a33bff983
S1,W2-15b741cb7bbc292d445c5b58,BASE_TRAIN,0,0,LG-N1-89d00440d72a5ec9c0be2a90,7,-1.3513687807885673,decision_function,,93d3892b158c35eccfadc27c879754db69ea5293782492ee5d4ff01a33bff983
S1,W2-16197f75786399a54c410834,BASE_TRAIN,1,0,LG-N1-9a540678c0648c0094ded781,23,-1.1831677253007449,decision_function,,93d3892b158c35eccfadc27c879754db69ea5293782492ee5d4ff01a33bff983
S1,W2-166ea1cc3f56cc974935b0e8,BASE_TRAIN,4,0,LG-N1-9864fbbf2d9b1b744716f951,12,-1.1649663722359216,decision_function,,93d3892b158c35eccfadc27c879754db69ea5293782492ee5d4ff01a33bff983
S1,W2-171337486482cb901c28e78d,BASE_TRAIN,2,0,LG-N1-2be8b3ab55de0111cf1d6042,9,-1.2509095247681103,decision_function,,93d3892b158c35eccfadc27c879754db69ea5293782492ee5d4ff01a33bff983
S1,W2-17524b305b0b9d78a7666484,BASE_TRAIN,2,1,LG-N1-a16e559267996fcfd0c3aea0,19,0.22991787550702683,decision_function,,93d3892b158c35eccfadc27c879754db69ea5293782492ee5d4ff01a33bff983
S1,W2-177a11867b41f7aca8167790,BASE_TRAIN,4,0,LG-N1-9245f18f6a059214309834ee,5,-1.0115249360930292,decision_function,,93d3892b158c35eccfadc27c879754db69ea5293782492ee5d4ff01a33bff983
S1,W2-17a1c65bac93fcff654499ca,BASE_TRAIN,1,0,LG-N1-3e233ca0da20ec41626a08c1,9,-1.0091311199496507,decision_function,,93d3892b158c35eccfadc27c879754db69ea5293782492ee5d4ff01a33bff983
S1,W2-17c45256dfcdaf90e294b55a,BASE_TRAIN,1,0,LG-N1-189ece3a5073071b1018db13,11,-1.118021759372069,decision_function,,93d3892b158c35eccfadc27c879754db69ea5293782492ee5d4ff01a33bff983
S1,W2-1812badc812ec8ef03517846,BASE_TRAIN,0,0,LG-N1-9c6dbf031b6e307dfcdae928,6,-0.8680484898217842,decision_function,,93d3892b158c35eccfadc27c879754db69ea5293782492ee5d4ff01a33bff983
S1,W2-182292c9cb6cc2cd856ad040,BASE_TRAIN,3,0,LG-N1-b6084b208c114c7593b94386,13,-0.5504589253743606,decision_function,,93d3892b158c35eccfadc27c879754db69ea5293782492ee5d4ff01a33bff983
S1,W2-18a48eeb90a83291b3f8ea6e,BASE_TRAIN,0,0,LG-N1-1b7f4ede4a7731ea51f04489,9,-1.0843914126813994,decision_function,,93d3892b158c35eccfadc27c879754db69ea5293782492ee5d4ff01a33bff983
S1,W2-18d8cb9b9d5246c424553af9,BASE_TRAIN,4,0,LG-N1-6cab45c49f6961ae8930b04c,7,-1.1904406591070849,decision_function,,93d3892b158c35eccfadc27c879754db69ea5293782492ee5d4ff01a33bff983
S1,W2-1927fa3a1aba63e44e5ad9b4,BASE_TRAIN,3,0,LG-N1-0e92547c0467662f57999fb6,8,-1.2101437651398816,decision_function,,93d3892b158c35eccfadc27c879754db69ea5293782492ee5d4ff01a33bff983
S1,W2-19d010cf25be35dbc8e97667,BASE_TRAIN,0,0,LG-N1-e14eeca9d2e2e49f9c650f75,11,-0.8306752180678283,decision_function,,93d3892b158c35eccfadc27c879754db69ea5293782492ee5d4ff01a33bff983
S1,W2-19ec970d00164104be2be29d,BASE_TRAIN,0,1,LG-N1-d328a5277b954feb2bd593da,15,-1.0311038613041734,decision_function,,93d3892b158c35eccfadc27c879754db69ea5293782492ee5d4ff01a33bff983
S1,W2-19f7bac8593c14e5928498c9,BASE_TRAIN,3,0,LG-N1-9cef6a14ceaf692a285dd0d3,9,-1.0742790908025723,decision_function,,93d3892b158c35eccfadc27c879754db69ea5293782492ee5d4ff01a33bff983
S1,W2-1a4ac34660c40878c5d81eab,BASE_TRAIN,4,0,LG-N1-5932e7a6915a7e683b27ac64,12,-0.8515541148382456,decision_function,,93d3892b158c35eccfadc27c879754db69ea5293782492ee5d4ff01a33bff983
S1,W2-1a672f7761531b7fe13cf40d,BASE_TRAIN,3,0,LG-N1-de1d02db3ba2767634b52b3a,14,-1.1507531280652474,decision_function,,93d3892b158c35eccfadc27c879754db69ea5293782492ee5d4ff01a33bff983
S1,W2-1a9b1ec54abed4a2e135cc16,BASE_TRAIN,1,0,LG-N1-abebd482e30c4e61eb5b153b,13,-1.135656287898434,decision_function,,93d3892b158c35eccfadc27c879754db69ea5293782492ee5d4ff01a33bff983
S1,W2-1abc4e84595c92b6c82e61bf,BASE_TRAIN,0,0,LG-N1-1e9eadc1323b4862050b5ee5,10,-0.9441444279007176,decision_function,,93d3892b158c35eccfadc27c879754db69ea5293782492ee5d4ff01a33bff983
S1,W2-1b2ea964ae75b516affae1d4,BASE_TRAIN,4,0,LG-N1-e2490a1fd724476ad8112a23,15,-0.9153928896656373,decision_function,,93d3892b158c35eccfadc27c879754db69ea5293782492ee5d4ff01a33bff983
S1,W2-1b4b3759773876b3c3cf9fd8,BASE_TRAIN,0,0,LG-N1-7750d2a34b0eb68d85593127,6,-1.7670228815888072,decision_function,,93d3892b158c35eccfadc27c879754db69ea5293782492ee5d4ff01a33bff983
S1,W2-1b5b99ba64bd349f7fbd882d,BASE_TRAIN,3,0,LG-N1-c9076e76f74f890ae6d58549,11,-1.24850520232364,decision_function,,93d3892b158c35eccfadc27c879754db69ea5293782492ee5d4ff01a33bff983
S1,W2-1c04a70084e09a9fda9ea969,BASE_TRAIN,1,0,LG-N1-0ef38fc66ed35d541bd918ee,8,-1.0895720144991066,decision_function,,93d3892b158c35eccfadc27c879754db69ea5293782492ee5d4ff01a33bff983
S1,W2-1c5f4bea38afd7b8101404c8,BASE_TRAIN,4,0,LG-N1-cf688e21599b9077128e3cdb,13,-0.70619853222227,decision_function,,93d3892b158c35eccfadc27c879754db69ea5293782492ee5d4ff01a33bff983
S1,W2-1c75b8e44c3a26c961f974be,BASE_TRAIN,1,1,LG-N1-0f553d6379975a5b5dafcb57,169,0.8857121364615624,decision_function,,93d3892b158c35eccfadc27c879754db69ea5293782492ee5d4ff01a33bff983
S1,W2-1cd8b29792672649c6871424,BASE_TRAIN,4,0,LG-N1-af21955a44aca6fad3345928,8,-1.3370313649117045,decision_function,,93d3892b158c35eccfadc27c879754db69ea5293782492ee5d4ff01a33bff983
S1,W2-1cfbf1159f11d654670ebacd,BASE_TRAIN,2,1,LG-N1-c16e6318e8e94fec8a3591d9,15,-1.2358842898386975,decision_function,,93d3892b158c35eccfadc27c879754db69ea5293782492ee5d4ff01a33bff983
S1,W2-1d94bee2b247d08f0de61317,BASE_TRAIN,4,0,LG-N1-10830c92b957b3ebab99f51e,10,-1.2002302794499695,decision_function,,93d3892b158c35eccfadc27c879754db69ea5293782492ee5d4ff01a33bff983
S1,W2-1e0bc284d65d1fc7edeea0ec,BASE_TRAIN,2,0,LG-N1-a9a93bc5449db348471551fc,12,-1.2187021100531124,decision_function,,93d3892b158c35eccfadc27c879754db69ea5293782492ee5d4ff01a33bff983
S1,W2-1e68e094980a0ecd9f6211a2,BASE_TRAIN,4,0,LG-N1-6890eb7b276f1371a234353a,10,-1.2816877585344155,decision_function,,93d3892b158c35eccfadc27c879754db69ea5293782492ee5d4ff01a33bff983
S1,W2-1e6e30e1b50e8b2e79a895de,BASE_TRAIN,3,0,LG-N1-ebb682229c84d223a2c75144,10,-1.0270018663518035,decision_function,,93d3892b158c35eccfadc27c879754db69ea5293782492ee5d4ff01a33bff983
S1,W2-1eb47d517a94c494edf398aa,BASE_TRAIN,2,1,LG-N1-38ac9bfd06974e37f7313791,26,0.9458382684997695,decision_function,,93d3892b158c35eccfadc27c879754db69ea5293782492ee5d4ff01a33bff983
S1,W2-1edb5d8184ebeffd70e13f83,BASE_TRAIN,3,0,LG-N1-da8134c6dd34cd531cd8b1a8,11,-1.1210795217201979,decision_function,,93d3892b158c35eccfadc27c879754db69ea5293782492ee5d4ff01a33bff983
S1,W2-1ee79c5d5687b9392d7b9837,BASE_TRAIN,2,0,LG-N1-dcb4c5114069b25da6aa822a,31,-0.35286209045925565,decision_function,,93d3892b158c35eccfadc27c879754db69ea5293782492ee5d4ff01a33bff983
S1,W2-1f19690753305e65867cf10e,BASE_TRAIN,2,0,LG-N1-729c085975fdea568144a5aa,33,-0.4772363393790875,decision_function,,93d3892b158c35eccfadc27c879754db69ea5293782492ee5d4ff01a33bff983
S1,W2-1f43cad704446bea5260274c,BASE_TRAIN,2,0,LG-N1-9e00e068f913cf8dbdd8184c,9,-1.1718154976077513,decision_function,,93d3892b158c35eccfadc27c879754db69ea5293782492ee5d4ff01a33bff983
S1,W2-1f78d5155aaf6e2490c4e687,BASE_TRAIN,3,0,LG-N1-a95398710f2970dba5aebbbc,15,-1.0351134026890783,decision_function,,93d3892b158c35eccfadc27c879754db69ea5293782492ee5d4ff01a33bff983
S1,W2-1fa1ce5a80e079560b3b2cdf,BASE_TRAIN,1,0,LG-N1-db79ad7adf852d06a4d73a5e,10,-1.2195952722477217,decision_function,,93d3892b158c35eccfadc27c879754db69ea5293782492ee5d4ff01a33bff983
S1,W2-2080fb9b7dddf0335ff0d330,BASE_TRAIN,0,0,LG-N1-de4563966de0eb1a0e4356e1,16,0.2851879355065792,decision_function,,93d3892b158c35eccfadc27c879754db69ea5293782492ee5d4ff01a33bff983
S1,W2-20abc6f9821595fddc79fff4,BASE_TRAIN,4,0,LG-N1-b1626ea270ded1ad06a77ded,7,-1.3121533181679754,decision_function,,93d3892b158c35eccfadc27c879754db69ea5293782492ee5d4ff01a33bff983
S1,W2-20e13a9095fb8e96c32f47c2,BASE_TRAIN,4,0,LG-N1-d6b4a4046e5750cf1d568c1b,12,-1.1608734567617671,decision_function,,93d3892b158c35eccfadc27c879754db69ea5293782492ee5d4ff01a33bff983
S1,W2-2123c9957dbf14e286b2ed88,BASE_TRAIN,2,0,LG-N1-e066668f9eacb2948b72d5f9,9,-1.4405542578578463,decision_function,,93d3892b158c35eccfadc27c879754db69ea5293782492ee5d4ff01a33bff983
S1,W2-21603d9678b197ba16b28f9d,BASE_TRAIN,3,0,LG-N1-86d8e480394f5c34b158abef,15,-1.0210876517741811,decision_function,,93d3892b158c35eccfadc27c879754db69ea5293782492ee5d4ff01a33bff983
S1,W2-21b463942ccd449bdbead614,BASE_TRAIN,4,0,LG-N1-b283451000ea5695bfddbe32,5,-1.6276131255870434,decision_function,,93d3892b158c35eccfadc27c879754db69ea5293782492ee5d4ff01a33bff983
S1,W2-21e29a5f0c55994269d1f4b8,BASE_TRAIN,2,0,LG-N1-0f7367788f7366a7c70a49b6,16,0.9389587289867412,decision_function,,93d3892b158c35eccfadc27c879754db69ea5293782492ee5d4ff01a33bff983
S1,W2-21ff1580e9595a0d5cb0b3a6,BASE_TRAIN,3,1,LG-N1-4a7c634bd35c4592a2d23a5a,22,-0.5809800222259349,decision_function,,93d3892b158c35eccfadc27c879754db69ea5293782492ee5d4ff01a33bff983
S1,W2-223afedc4fea975882eb3115,BASE_TRAIN,2,0,LG-N1-07290f0c773436b2f8b08d46,9,-1.1517895216796619,decision_function,,93d3892b158c35eccfadc27c879754db69ea5293782492ee5d4ff01a33bff983
S1,W2-2255901bbe71a5b844fcfd0a,BASE_TRAIN,4,0,LG-N1-e7e744d6a54747a2403b8bc5,21,0.3350674799515819,decision_function,,93d3892b158c35eccfadc27c879754db69ea5293782492ee5d4ff01a33bff983
S1,W2-22822bd94e18271be83e5e5f,BASE_TRAIN,0,0,LG-N1-ce66a635c8eb355954e4942e,18,0.4975281689460334,decision_function,,93d3892b158c35eccfadc27c879754db69ea5293782492ee5d4ff01a33bff983
S1,W2-228917928f2d16d4f5af3d2a,BASE_TRAIN,0,0,LG-N1-a3fad77b657662b9bff3112f,9,-1.1415644487291674,decision_function,,93d3892b158c35eccfadc27c879754db69ea5293782492ee5d4ff01a33bff983
S1,W2-235209123d94135466034bc6,BASE_TRAIN,2,0,LG-N1-702de813ddc2eccb32385160,25,-0.15058345003014392,decision_function,,93d3892b158c35eccfadc27c879754db69ea5293782492ee5d4ff01a33bff983
S1,W2-235a62b40fb0676cb8442b45,BASE_TRAIN,3,0,LG-N1-ea0f16adffcaf79466b50566,21,0.7039121756669406,decision_function,,93d3892b158c35eccfadc27c879754db69ea5293782492ee5d4ff01a33bff983
S1,W2-23cd212fd22304ac522af9d0,BASE_TRAIN,1,1,LG-N1-b549b1b082d58983a1ea264a,219,1.1089076064596481,decision_function,,93d3892b158c35eccfadc27c879754db69ea5293782492ee5d4ff01a33bff983
S1,W2-23f0732f84c09ff6a632e7a9,BASE_TRAIN,3,1,LG-N1-82a79674d8660fdeefb5e43e,40,1.3441185335114578,decision_function,,93d3892b158c35eccfadc27c879754db69ea5293782492ee5d4ff01a33bff983
S1,W2-2404cc135c5effd5af8e15d6,BASE_TRAIN,0,0,LG-N1-cd0deac0901ca60745bb78d2,6,-1.156276210190234,decision_function,,93d3892b158c35eccfadc27c879754db69ea5293782492ee5d4ff01a33bff983
S1,W2-240cd73ed32a94d7c91603b5,BASE_TRAIN,4,1,LG-N1-c3b932bb4a3b14e4ddbc9fa2,64,-0.27235885266940374,decision_function,,93d3892b158c35eccfadc27c879754db69ea5293782492ee5d4ff01a33bff983
S1,W2-246ccb50ed6e165ccbca80e9,BASE_TRAIN,0,0,LG-N1-def2a744475e93089d45804c,7,-1.3727205187213871,decision_function,,93d3892b158c35eccfadc27c879754db69ea5293782492ee5d4ff01a33bff983
S1,W2-2569f0e759bb7508133b8fdb,BASE_TRAIN,1,0,LG-N1-9c06b570ad3473e00aab3786,105,1.1337629542028207,decision_function,,93d3892b158c35eccfadc27c879754db69ea5293782492ee5d4ff01a33bff983
S1,W2-25de5b468cc7652d0685cf5d,BASE_TRAIN,1,0,LG-N1-6ecc8a5d6fa59af5253e88af,32,-0.7748543486147855,decision_function,,93d3892b158c35eccfadc27c879754db69ea5293782492ee5d4ff01a33bff983
S1,W2-260e80427f3715018aca3df9,BASE_TRAIN,0,0,LG-N1-473e3f417ab391c6a03a6f50,69,1.9444581637095846,decision_function,,93d3892b158c35eccfadc27c879754db69ea5293782492ee5d4ff01a33bff983
S1,W2-2638f6d5c6208f09ce1c68ab,BASE_TRAIN,2,0,LG-N1-17a4c595df1175a511971f2f,8,-1.3196959634085834,decision_function,,93d3892b158c35eccfadc27c879754db69ea5293782492ee5d4ff01a33bff983
S1,W2-263f40b78486c33cb331795e,BASE_TRAIN,4,1,LG-N1-1fac31bac3d1290055863fb0,19,-1.0962665459436876,decision_function,,93d3892b158c35eccfadc27c879754db69ea5293782492ee5d4ff01a33bff983
S1,W2-266cf0f31125f12d26fe73e7,BASE_TRAIN,2,0,LG-N1-88200277ae8d6063dcb039b7,13,-1.0953094072778236,decision_function,,93d3892b158c35eccfadc27c879754db69ea5293782492ee5d4ff01a33bff983
S1,W2-26919a6538e4c252f9f01ddb,BASE_TRAIN,2,0,LG-N1-656aab06712b3db24d1bbf40,6,-1.388880918692832,decision_function,,93d3892b158c35eccfadc27c879754db69ea5293782492ee5d4ff01a33bff983
S1,W2-26e156db8415906f3420acd3,BASE_TRAIN,2,1,LG-N1-a7415299e5b480b583718625,136,0.9414031228597572,decision_function,,93d3892b158c35eccfadc27c879754db69ea5293782492ee5d4ff01a33bff983
S1,W2-27e91f792106ea3417d09d71,BASE_TRAIN,2,0,LG-N1-bc3dc49604f7295e30e99221,9,-1.1767399419711375,decision_function,,93d3892b158c35eccfadc27c879754db69ea5293782492ee5d4ff01a33bff983
S1,W2-27f9c834b619707dc104541f,BASE_TRAIN,1,0,LG-N1-753ea1a66aa113ddb4924aa5,13,-1.1276678355457066,decision_function,,93d3892b158c35eccfadc27c879754db69ea5293782492ee5d4ff01a33bff983
S1,W2-284d1b72cf2bfa2a1c9e3484,BASE_TRAIN,0,0,LG-N1-e948cb6752e04df110fcdb50,7,-1.2639647848472464,decision_function,,93d3892b158c35eccfadc27c879754db69ea5293782492ee5d4ff01a33bff983
S1,W2-28987c22bcaa415b5e7246c7,BASE_TRAIN,2,0,LG-N1-1ccb4f12bb3822ff1f831fa1,13,-1.0372801375931138,decision_function,,93d3892b158c35eccfadc27c879754db69ea5293782492ee5d4ff01a33bff983
S1,W2-289e69ec347686dc149919b1,BASE_TRAIN,2,0,LG-N1-f113a02347d7a75a0960344d,16,0.11459421958073948,decision_function,,93d3892b158c35eccfadc27c879754db69ea5293782492ee5d4ff01a33bff983
S1,W2-29751c95ba43353064a8c8f1,BASE_TRAIN,3,0,LG-N1-c03777b68d91228e60531ae4,7,-1.276677914727262,decision_function,,93d3892b158c35eccfadc27c879754db69ea5293782492ee5d4ff01a33bff983
S1,W2-29870cbb16f79586a291e7cd,BASE_TRAIN,1,0,LG-N1-0780a6bdcc713db0386607da,9,-1.2093574386656814,decision_function,,93d3892b158c35eccfadc27c879754db69ea5293782492ee5d4ff01a33bff983
S1,W2-29c552288cff3c23a41ffb88,BASE_TRAIN,3,0,LG-N1-1fd8e1caa5274eb447a88fb7,10,-1.5689796426189295,decision_function,,93d3892b158c35eccfadc27c879754db69ea5293782492ee5d4ff01a33bff983
S1,W2-29e3cab3e3a5f69302f642fe,BASE_TRAIN,1,1,LG-N1-ce98e4bd33cca0720b5c38f6,18,1.0728415106704325,decision_function,,93d3892b158c35eccfadc27c879754db69ea5293782492ee5d4ff01a33bff983
S1,W2-29e7dc32d6f8d1234b5cb4db,BASE_TRAIN,3,0,LG-N1-650fac2a92e075b321a0435d,11,-0.9087834015524934,decision_function,,93d3892b158c35eccfadc27c879754db69ea5293782492ee5d4ff01a33bff983
S1,W2-2a4d2ba3f8705e9e3d202ab6,BASE_TRAIN,2,0,LG-N1-5c06d01849075b014b46f172,13,-1.1472780766448722,decision_function,,93d3892b158c35eccfadc27c879754db69ea5293782492ee5d4ff01a33bff983
S1,W2-2ad1d1769b8c4f91cfa39d67,BASE_TRAIN,4,1,LG-N1-5bdd16d95caa5ed3287137fb,29,0.5775354268949499,decision_function,,93d3892b158c35eccfadc27c879754db69ea5293782492ee5d4ff01a33bff983
S1,W2-2ae69cab23f1fd0de8dc6123,BASE_TRAIN,2,0,LG-N1-58a355e03f9f1d33d955fc03,13,-0.9922508631065532,decision_function,,93d3892b158c35eccfadc27c879754db69ea5293782492ee5d4ff01a33bff983
S1,W2-2b2b2e89ea98b89a4f8e8fcf,BASE_TRAIN,3,0,LG-N1-2526f7da6dc16e8c70625dc7,12,-0.840505696374914,decision_function,,93d3892b158c35eccfadc27c879754db69ea5293782492ee5d4ff01a33bff983
S1,W2-2b645695cc180fc8c30695cb,BASE_TRAIN,4,0,LG-N1-0e5cba5c83d0b3ed2649188a,15,-0.7770002114342568,decision_function,,93d3892b158c35eccfadc27c879754db69ea5293782492ee5d4ff01a33bff983
S1,W2-2c6407c2418ec4fc806e4253,BASE_TRAIN,0,1,LG-N1-7e69d49fbb6e7f23992b7a75,53,1.5421908225546896,decision_function,,93d3892b158c35eccfadc27c879754db69ea5293782492ee5d4ff01a33bff983
S1,W2-2c822b2092b96810d0dc7d26,BASE_TRAIN,3,0,LG-N1-2f1f8683b9529f5a1eee693a,11,-0.9677895573981239,decision_function,,93d3892b158c35eccfadc27c879754db69ea5293782492ee5d4ff01a33bff983
S1,W2-2c9d35f763df3ed76bed4602,BASE_TRAIN,1,0,LG-N1-68253eb030d23e5ce8c3f86d,16,0.6903339447537805,decision_function,,93d3892b158c35eccfadc27c879754db69ea5293782492ee5d4ff01a33bff983
S1,W2-2d1ee7d735aa498caa348978,BASE_TRAIN,3,0,LG-N1-0755230fdb4cc792cc043253,13,-1.1154039426126932,decision_function,,93d3892b158c35eccfadc27c879754db69ea5293782492ee5d4ff01a33bff983
S1,W2-2d60975c8dcdf216bc822f8a,BASE_TRAIN,3,1,LG-N1-f5ef3052ef580f7972e12324,8,-1.006899473925368,decision_function,,93d3892b158c35eccfadc27c879754db69ea5293782492ee5d4ff01a33bff983
S1,W2-2da53150347dd43de8d59a2b,BASE_TRAIN,0,0,LG-N1-85853856008b72a5c444097e,12,-1.2177875743709794,decision_function,,93d3892b158c35eccfadc27c879754db69ea5293782492ee5d4ff01a33bff983
S1,W2-2dc5b6a206eac1ac7a169d55,BASE_TRAIN,0,0,LG-N1-1cd1370f49ce61a7db5e2ef3,10,-1.107686115438719,decision_function,,93d3892b158c35eccfadc27c879754db69ea5293782492ee5d4ff01a33bff983
S1,W2-2e5268f9644a615fbba1fb0a,BASE_TRAIN,4,0,LG-N1-3970bdbb207d3d99e4a990de,12,-1.0358616721581795,decision_function,,93d3892b158c35eccfadc27c879754db69ea5293782492ee5d4ff01a33bff983
S1,W2-2e5c0b7b868cdf69b5d982aa,BASE_TRAIN,4,1,LG-N1-9cd5921fab7c695c055609de,17,0.53470619201912,decision_function,,93d3892b158c35eccfadc27c879754db69ea5293782492ee5d4ff01a33bff983
S1,W2-2e7d16e54bbdf7cf690fb4d4,BASE_TRAIN,0,0,LG-N1-07873429a87a3ef646f16c04,9,-0.5609310307729101,decision_function,,93d3892b158c35eccfadc27c879754db69ea5293782492ee5d4ff01a33bff983
S1,W2-2ed0f5f420e8459fecdf3214,BASE_TRAIN,0,1,LG-N1-56f62becd5c81af438298464,9,-1.0789245241460512,decision_function,,93d3892b158c35eccfadc27c879754db69ea5293782492ee5d4ff01a33bff983
S1,W2-2fdbde42de04407c1c8849e3,BASE_TRAIN,4,0,LG-N1-1c427d174db12b0c1b210db9,7,-1.2700091647506377,decision_function,,93d3892b158c35eccfadc27c879754db69ea5293782492ee5d4ff01a33bff983
S1,W2-303f4b2a371e72661137710d,BASE_TRAIN,1,1,LG-N1-e83623e5dea40f001257a7bb,9,-1.3689383819782308,decision_function,,93d3892b158c35eccfadc27c879754db69ea5293782492ee5d4ff01a33bff983
S1,W2-30aaaefa95fd4730cb9e9273,BASE_TRAIN,1,0,LG-N1-8853f7833e29f0cecfe82370,8,-1.0017570155878757,decision_function,,93d3892b158c35eccfadc27c879754db69ea5293782492ee5d4ff01a33bff983
S1,W2-312d3338c819a5f28800bcfe,BASE_TRAIN,0,0,LG-N1-05521d9d6c5f01ef0806526b,14,-0.9487775940233902,decision_function,,93d3892b158c35eccfadc27c879754db69ea5293782492ee5d4ff01a33bff983
S1,W2-316cf61c1d723b39715e0f43,BASE_TRAIN,4,0,LG-N1-2b770b49c04f9414eb036684,13,-0.8846596641523896,decision_function,,93d3892b158c35eccfadc27c879754db69ea5293782492ee5d4ff01a33bff983
S1,W2-316da585a86ff8018df920d9,BASE_TRAIN,2,0,LG-N1-9544d45a36b6728faefd8373,9,-1.0428293319749138,decision_function,,93d3892b158c35eccfadc27c879754db69ea5293782492ee5d4ff01a33bff983
S1,W2-31b8d983c738cd813b243a7f,BASE_TRAIN,0,0,LG-N1-1bf07d7dee28a3fb32fd3903,13,-1.1403698423331323,decision_function,,93d3892b158c35eccfadc27c879754db69ea5293782492ee5d4ff01a33bff983
S1,W2-31da0ebe950f575f2487cac9,BASE_TRAIN,3,0,LG-N1-87fbf6b75fd3b472a0662494,15,-1.2385900320297278,decision_function,,93d3892b158c35eccfadc27c879754db69ea5293782492ee5d4ff01a33bff983
S1,W2-31eaa7123d324d6d8456a37d,BASE_TRAIN,2,0,LG-N1-054c28a6f395143d1a1d18ad,11,-1.249864791923284,decision_function,,93d3892b158c35eccfadc27c879754db69ea5293782492ee5d4ff01a33bff983
S1,W2-31f73481d477c9cfea1e8091,BASE_TRAIN,0,0,LG-N1-160a5c591a3b444dbb47d62c,8,-1.3087474451144692,decision_function,,93d3892b158c35eccfadc27c879754db69ea5293782492ee5d4ff01a33bff983
S1,W2-3224646da703e491e015baa8,BASE_TRAIN,2,0,LG-N1-a07646ecf3be10dc67597ffd,12,-1.0560712337964266,decision_function,,93d3892b158c35eccfadc27c879754db69ea5293782492ee5d4ff01a33bff983
S1,W2-323452cea15af819361fa021,BASE_TRAIN,2,0,LG-N1-1365c0d70666e73e37c5c725,10,-1.1471795591718337,decision_function,,93d3892b158c35eccfadc27c879754db69ea5293782492ee5d4ff01a33bff983
S1,W2-3262136785bd83bdc3eda7f7,BASE_TRAIN,2,0,LG-N1-98b317cbf4669ebf4a46fc64,13,-0.6749200952589192,decision_function,,93d3892b158c35eccfadc27c879754db69ea5293782492ee5d4ff01a33bff983
S1,W2-32c01abc147e5707edd573aa,BASE_TRAIN,3,1,LG-N1-1ddb66de2b6ccb70652011c8,17,0.11629808344473386,decision_function,,93d3892b158c35eccfadc27c879754db69ea5293782492ee5d4ff01a33bff983
S1,W2-3316b4a505df994985129f0f,BASE_TRAIN,1,1,LG-N1-935fe8fe3ce8c4f16e873ee2,31,1.0227247680050167,decision_function,,93d3892b158c35eccfadc27c879754db69ea5293782492ee5d4ff01a33bff983
S1,W2-3338f47a47286b8e733c1312,BASE_TRAIN,0,1,LG-N1-e2711bde2fba842f23f97be3,19,0.9840543549784777,decision_function,,93d3892b158c35eccfadc27c879754db69ea5293782492ee5d4ff01a33bff983
S1,W2-3357aad342c418b4e8d48c5d,BASE_TRAIN,4,1,LG-N1-2fa4410b58cac493f18c8df6,70,0.35718030335181794,decision_function,,93d3892b158c35eccfadc27c879754db69ea5293782492ee5d4ff01a33bff983
S1,W2-337b4512208b717625fdc3d7,BASE_TRAIN,2,0,LG-N1-f46b9a6f97bb584d9f975b5e,6,-1.3329476818312707,decision_function,,93d3892b158c35eccfadc27c879754db69ea5293782492ee5d4ff01a33bff983
S1,W2-348be904545fc67f0cf9da9f,BASE_TRAIN,0,0,LG-N1-50106044eaf38d15169a8789,12,-1.1346244738764666,decision_function,,93d3892b158c35eccfadc27c879754db69ea5293782492ee5d4ff01a33bff983
S1,W2-3500791b067f2ff6b7d10c3b,BASE_TRAIN,0,0,LG-N1-719db5751e5e6d981d8455d8,12,-0.6309570743122834,decision_function,,93d3892b158c35eccfadc27c879754db69ea5293782492ee5d4ff01a33bff983
S1,W2-3516b6590258e0cec95eff08,BASE_TRAIN,0,1,LG-N1-e56d2636a8b917aafe359c2a,34,0.052231428700804605,decision_function,,93d3892b158c35eccfadc27c879754db69ea5293782492ee5d4ff01a33bff983
S1,W2-351e8f6a85aaee27a0b493a1,BASE_TRAIN,1,0,LG-N1-1adf6024f42c10da8c0d5913,9,-1.3334850921721197,decision_function,,93d3892b158c35eccfadc27c879754db69ea5293782492ee5d4ff01a33bff983
S1,W2-354537df37f55badae7a30c6,BASE_TRAIN,4,0,LG-N1-9a25942a160da819d3210402,12,-0.9696138029298383,decision_function,,93d3892b158c35eccfadc27c879754db69ea5293782492ee5d4ff01a33bff983
S1,W2-35d75f00ad21b9084a518802,BASE_TRAIN,1,0,LG-N1-2de21d1083495def31e59643,14,-1.016692677258047,decision_function,,93d3892b158c35eccfadc27c879754db69ea5293782492ee5d4ff01a33bff983
S1,W2-3632be8b8de437281078fae8,BASE_TRAIN,3,0,LG-N1-478b8af7cabdcc643da43166,12,-1.026699721538758,decision_function,,93d3892b158c35eccfadc27c879754db69ea5293782492ee5d4ff01a33bff983
S1,W2-36774097e708f141ce5f5e76,BASE_TRAIN,4,0,LG-N1-a8e425f82a8886f02cdd53b7,16,0.7448995118216354,decision_function,,93d3892b158c35eccfadc27c879754db69ea5293782492ee5d4ff01a33bff983
S1,W2-3697ecac0088ac0298a8f6a3,BASE_TRAIN,2,0,LG-N1-f659450e739e0c45114cb4c6,87,0.9156525624126299,decision_function,,93d3892b158c35eccfadc27c879754db69ea5293782492ee5d4ff01a33bff983
S1,W2-36c5934d6596cd117c2a5c5c,BASE_TRAIN,3,0,LG-N1-cdd70bd2f03ff7654999516b,4,-0.512860702564368,decision_function,,93d3892b158c35eccfadc27c879754db69ea5293782492ee5d4ff01a33bff983
S1,W2-36c771897217bc76004ffb83,BASE_TRAIN,3,0,LG-N1-f2d650dd8ed7627c73545d18,16,0.017726764510237303,decision_function,,93d3892b158c35eccfadc27c879754db69ea5293782492ee5d4ff01a33bff983
S1,W2-36d08d90e8c79fa2f558c4c7,BASE_TRAIN,2,0,LG-N1-10d9dcce46cb629819209fd6,17,0.37050370414845857,decision_function,,93d3892b158c35eccfadc27c879754db69ea5293782492ee5d4ff01a33bff983
S1,W2-3701596b53ad7fab261e2454,BASE_TRAIN,4,0,LG-N1-ddeaac4812a535030c0e06dc,11,-1.1241919198934922,decision_function,,93d3892b158c35eccfadc27c879754db69ea5293782492ee5d4ff01a33bff983
S1,W2-3762ec19d723959b3c4da801,BASE_TRAIN,1,0,LG-N1-3f8fc5d202d3ba5012f075c1,17,-0.09078251685183225,decision_function,,93d3892b158c35eccfadc27c879754db69ea5293782492ee5d4ff01a33bff983
S1,W2-3763f9076834a3f9fcf99806,BASE_TRAIN,3,0,LG-N1-d050bd249ca442ac1350b43e,17,-1.0561180697604275,decision_function,,93d3892b158c35eccfadc27c879754db69ea5293782492ee5d4ff01a33bff983
S1,W2-378b29562a68a9eb6bd0660d,BASE_TRAIN,1,0,LG-N1-5ef309dc59abf1fb20ee44d9,10,-0.7236023869662981,decision_function,,93d3892b158c35eccfadc27c879754db69ea5293782492ee5d4ff01a33bff983
S1,W2-378c9c49d03bef58a01e2e44,BASE_TRAIN,1,0,LG-N1-232655db463d8fd0d8ad7ce8,10,-1.161284864049572,decision_function,,93d3892b158c35eccfadc27c879754db69ea5293782492ee5d4ff01a33bff983
S1,W2-37c8ee81416c71f65751d37c,BASE_TRAIN,1,0,LG-N1-9fd5885790294433dfc0ed9a,17,-0.1636089915530003,decision_function,,93d3892b158c35eccfadc27c879754db69ea5293782492ee5d4ff01a33bff983
S1,W2-3818e07c253019ab00c02269,BASE_TRAIN,2,0,LG-N1-859e8654f4d6bf33805ba164,15,-1.1913604442722763,decision_function,,93d3892b158c35eccfadc27c879754db69ea5293782492ee5d4ff01a33bff983
S1,W2-383674ea64091b6f022179c0,BASE_TRAIN,0,0,LG-N1-d080d9d94cc099f3336cfde6,11,-1.175511913456348,decision_function,,93d3892b158c35eccfadc27c879754db69ea5293782492ee5d4ff01a33bff983
S1,W2-385ffdcf65e7a4277d80be06,BASE_TRAIN,0,0,LG-N1-792b75e847bd71a6cf97972d,15,-1.1340095078125603,decision_function,,93d3892b158c35eccfadc27c879754db69ea5293782492ee5d4ff01a33bff983
S1,W2-387255769f9e7fe2b20a7c00,BASE_TRAIN,3,0,LG-N1-6da606faae72f11b36f513db,7,-1.188278336370048,decision_function,,93d3892b158c35eccfadc27c879754db69ea5293782492ee5d4ff01a33bff983
S1,W2-387736d401c8449aa3a09035,BASE_TRAIN,4,1,LG-N1-e3504b23ffe26bfca61b894a,7,-0.233411223399846,decision_function,,93d3892b158c35eccfadc27c879754db69ea5293782492ee5d4ff01a33bff983
S1,W2-38a024307c4c2d5ac89611ef,BASE_TRAIN,4,0,LG-N1-aedb0f0ee160e8c261ff71b6,15,-0.9289082451920286,decision_function,,93d3892b158c35eccfadc27c879754db69ea5293782492ee5d4ff01a33bff983
S1,W2-38d00ef51a154c100280a0ed,BASE_TRAIN,3,0,LG-N1-ab2be04832c6378c49e65136,6,-1.5272227430784855,decision_function,,93d3892b158c35eccfadc27c879754db69ea5293782492ee5d4ff01a33bff983
S1,W2-38d71cd23ce34ede64da4c5c,BASE_TRAIN,4,0,LG-N1-477af9ddc108ca4a55d0c7b8,14,-1.0691135379154417,decision_function,,93d3892b158c35eccfadc27c879754db69ea5293782492ee5d4ff01a33bff983
S1,W2-38ef342d1eb17088b9a9e738,BASE_TRAIN,3,0,LG-N1-243a8443f04f6b78abd8fa8f,11,-1.1315495080784184,decision_function,,93d3892b158c35eccfadc27c879754db69ea5293782492ee5d4ff01a33bff983
S1,W2-39070bc2b83e6fdcade4f483,BASE_TRAIN,0,0,LG-N1-ab065582d5e3fd5ff4719fa6,13,-0.9394543771474042,decision_function,,93d3892b158c35eccfadc27c879754db69ea5293782492ee5d4ff01a33bff983
S1,W2-39166be3816cc6b85549bed6,BASE_TRAIN,2,0,LG-N1-fbe9bc65a91188acc2e0261d,15,-0.6469649598048708,decision_function,,93d3892b158c35eccfadc27c879754db69ea5293782492ee5d4ff01a33bff983
S1,W2-3934dbc180e89391191e1293,BASE_TRAIN,2,0,LG-N1-0920e72061fbfa8f3e8ac14c,8,-1.663411077438056,decision_function,,93d3892b158c35eccfadc27c879754db69ea5293782492ee5d4ff01a33bff983
S1,W2-394f2e39d1193c63fe69b3cd,BASE_TRAIN,0,0,LG-N1-661ddef2c90583e452e9d588,10,-1.3769181624060496,decision_function,,93d3892b158c35eccfadc27c879754db69ea5293782492ee5d4ff01a33bff983
S1,W2-396f4df2c11ebb1539d957ed,BASE_TRAIN,1,0,LG-N1-25b350ec45c1b8cc99c7e614,18,0.06923768078146458,decision_function,,93d3892b158c35eccfadc27c879754db69ea5293782492ee5d4ff01a33bff983
S1,W2-397c1652d9ce3cd47f47c734,BASE_TRAIN,4,0,LG-N1-ab23889b064310996498223a,14,-1.0978036029689435,decision_function,,93d3892b158c35eccfadc27c879754db69ea5293782492ee5d4ff01a33bff983
S1,W2-397da796e450459084eadee5,BASE_TRAIN,1,0,LG-N1-22954358097911ef24e160b5,25,0.9005487297637648,decision_function,,93d3892b158c35eccfadc27c879754db69ea5293782492ee5d4ff01a33bff983
S1,W2-3996bf571a873a9a1141fbf5,BASE_TRAIN,4,0,LG-N1-391d7a83d0c1f9078c0c93af,12,-0.8712037971000679,decision_function,,93d3892b158c35eccfadc27c879754db69ea5293782492ee5d4ff01a33bff983
S1,W2-3a273a1e3a038bc7c8eace0d,BASE_TRAIN,0,1,LG-N1-3ef3c795f71e3a598b3553fe,42,1.348363277680428,decision_function,,93d3892b158c35eccfadc27c879754db69ea5293782492ee5d4ff01a33bff983
S1,W2-3a3c308c17df903acb2c31fe,BASE_TRAIN,4,0,LG-N1-f3ae372b7783814faa0093df,68,0.9603576427479884,decision_function,,93d3892b158c35eccfadc27c879754db69ea5293782492ee5d4ff01a33bff983
S1,W2-3a49bfeadb180770fe0da23a,BASE_TRAIN,1,0,LG-N1-2e00117dffc0b8931732fcdf,11,-1.2613009540607503,decision_function,,93d3892b158c35eccfadc27c879754db69ea5293782492ee5d4ff01a33bff983
S1,W2-3af27f5bee00160a63dd5014,BASE_TRAIN,0,0,LG-N1-9334f0b27af9e014c86a2395,13,-0.958193782732089,decision_function,,93d3892b158c35eccfadc27c879754db69ea5293782492ee5d4ff01a33bff983
S1,W2-3b1196748ebf2e72ab8dff25,BASE_TRAIN,4,0,LG-N1-f6ac75e79663bdad2eaed386,10,-0.9485501126170378,decision_function,,93d3892b158c35eccfadc27c879754db69ea5293782492ee5d4ff01a33bff983
S1,W2-3b21399bb14c96b20ff45082,BASE_TRAIN,3,0,LG-N1-4d9c2b866d64dba9f2ccb3c0,7,-1.3764306718972763,decision_function,,93d3892b158c35eccfadc27c879754db69ea5293782492ee5d4ff01a33bff983
S1,W2-3b3700954f59845d7dae65a4,BASE_TRAIN,2,0,LG-N1-b05d14503041760a08dd1806,10,0.1797936331596975,decision_function,,93d3892b158c35eccfadc27c879754db69ea5293782492ee5d4ff01a33bff983
S1,W2-3b69e736d979c931c332b60e,BASE_TRAIN,3,0,LG-N1-476311bd17985f5f21c1a595,14,-0.9404267893861238,decision_function,,93d3892b158c35eccfadc27c879754db69ea5293782492ee5d4ff01a33bff983
S1,W2-3c1834dbd3f9696bc5f39b5c,BASE_TRAIN,4,0,LG-N1-7708a107acd9b85e7a53f12f,15,-1.1814831443926634,decision_function,,93d3892b158c35eccfadc27c879754db69ea5293782492ee5d4ff01a33bff983
S1,W2-3c39f4b27e22877298cdb8f3,BASE_TRAIN,2,0,LG-N1-d320302aab615593df94c234,11,-0.9564173354973089,decision_function,,93d3892b158c35eccfadc27c879754db69ea5293782492ee5d4ff01a33bff983
S1,W2-3c55f35cfb822348ea28f81f,BASE_TRAIN,4,0,LG-N1-279142101d669ded243f02ce,11,-1.3299365663773024,decision_function,,93d3892b158c35eccfadc27c879754db69ea5293782492ee5d4ff01a33bff983
S1,W2-3c70cf8cb518ea237309e896,BASE_TRAIN,2,0,LG-N1-87e834aaa561dc3d8dcc19a0,19,0.7327429502574545,decision_function,,93d3892b158c35eccfadc27c879754db69ea5293782492ee5d4ff01a33bff983
S1,W2-3c774fc7e7cea0e536842504,BASE_TRAIN,2,0,LG-N1-31c93696f5cca0bcc01d4377,12,-1.2906232614983004,decision_function,,93d3892b158c35eccfadc27c879754db69ea5293782492ee5d4ff01a33bff983
S1,W2-3cc0e4a42a9ef53166e20c05,BASE_TRAIN,3,0,LG-N1-b2f27f8e3b2aa080cd4a22e5,10,-1.4434859401027447,decision_function,,93d3892b158c35eccfadc27c879754db69ea5293782492ee5d4ff01a33bff983
S1,W2-3df12f3466b8930786cfca28,BASE_TRAIN,3,0,LG-N1-954b8d7f64ea19c602bd541a,7,-1.4693035260188563,decision_function,,93d3892b158c35eccfadc27c879754db69ea5293782492ee5d4ff01a33bff983
S1,W2-3e4f5a750f03f14190697515,BASE_TRAIN,3,1,LG-N1-4deb92a7f359c64a37eaae51,42,0.651004503001527,decision_function,,93d3892b158c35eccfadc27c879754db69ea5293782492ee5d4ff01a33bff983
S1,W2-3e89e08229e5e7bd4734f892,BASE_TRAIN,4,1,LG-N1-22e10bf6fa3a468d39a7e793,11,-1.421529940385057,decision_function,,93d3892b158c35eccfadc27c879754db69ea5293782492ee5d4ff01a33bff983
S1,W2-3e8e6ac4a78592c53046c0d3,BASE_TRAIN,4,0,LG-N1-a3d50a3f99c9eabe4f1ff598,29,0.092008259753903,decision_function,,93d3892b158c35eccfadc27c879754db69ea5293782492ee5d4ff01a33bff983
S1,W2-3f0944657edccd8f3d60d506,BASE_TRAIN,2,1,LG-N1-9691170ad4a8a6bbc4078ea2,135,1.3593031334512395,decision_function,,93d3892b158c35eccfadc27c879754db69ea5293782492ee5d4ff01a33bff983
S1,W2-3f1cc89107b926c466d65acf,BASE_TRAIN,1,0,LG-N1-a388b2894a8d0ac56fef747d,6,-1.0228400118489271,decision_function,,93d3892b158c35eccfadc27c879754db69ea5293782492ee5d4ff01a33bff983
S1,W2-3f72c5a156b02d6d0bda69b0,BASE_TRAIN,2,0,LG-N1-100ac6ae9948248ed4479fdf,6,-1.167276406257424,decision_function,,93d3892b158c35eccfadc27c879754db69ea5293782492ee5d4ff01a33bff983
S1,W2-3f8b215888b909b4e0641e5b,BASE_TRAIN,3,0,LG-N1-b6c1cb9e95874cc872578823,16,-1.0992659589138523,decision_function,,93d3892b158c35eccfadc27c879754db69ea5293782492ee5d4ff01a33bff983
S1,W2-3f90d51ecfe30bdfef3b2b96,BASE_TRAIN,1,0,LG-N1-cf10fcdae427ef62c74055e9,14,-1.0410012141257141,decision_function,,93d3892b158c35eccfadc27c879754db69ea5293782492ee5d4ff01a33bff983
S1,W2-40409c0f82465f8efe807ca0,BASE_TRAIN,2,0,LG-N1-d407ea115c748bf8d8df33db,27,-0.24211060197299558,decision_function,,93d3892b158c35eccfadc27c879754db69ea5293782492ee5d4ff01a33bff983
S1,W2-40888203fdceb846c450c80b,BASE_TRAIN,3,0,LG-N1-f5b5c28b2588f311729e49cc,23,0.5335163834159791,decision_function,,93d3892b158c35eccfadc27c879754db69ea5293782492ee5d4ff01a33bff983
S1,W2-40ab5396ee2d806f6c5dd012,BASE_TRAIN,1,0,LG-N1-e289cafaac0282d4ce915a71,13,-1.2126633228835284,decision_function,,93d3892b158c35eccfadc27c879754db69ea5293782492ee5d4ff01a33bff983
S1,W2-40c27e95ba9d1e2070e7293d,BASE_TRAIN,4,0,LG-N1-12e21b47ca1a7d27ea217011,32,0.41609621204357305,decision_function,,93d3892b158c35eccfadc27c879754db69ea5293782492ee5d4ff01a33bff983
S1,W2-41359c7265208f3adc4da8c0,BASE_TRAIN,2,0,LG-N1-11281273c88cd6e2ba474863,62,1.2473859124013573,decision_function,,93d3892b158c35eccfadc27c879754db69ea5293782492ee5d4ff01a33bff983
S1,W2-414a5e1142dd21b915cf1f19,BASE_TRAIN,3,0,LG-N1-811e0804c2bfee0e8fc6ecee,10,-0.992942252926023,decision_function,,93d3892b158c35eccfadc27c879754db69ea5293782492ee5d4ff01a33bff983
S1,W2-419ddb7a668fb5d964bb573c,BASE_TRAIN,2,0,LG-N1-d9f8dce009bbac3f11c6d5b7,13,-0.8161904050463389,decision_function,,93d3892b158c35eccfadc27c879754db69ea5293782492ee5d4ff01a33bff983
S1,W2-424dc5b98bc93fadaf5608f2,BASE_TRAIN,2,0,LG-N1-782c510c28c2e5acd0c64445,5,-1.585915173514392,decision_function,,93d3892b158c35eccfadc27c879754db69ea5293782492ee5d4ff01a33bff983
S1,W2-427404392d70ee08a35328d1,BASE_TRAIN,4,0,LG-N1-2b97be7b81656218ea460698,44,0.022288794168313947,decision_function,,93d3892b158c35eccfadc27c879754db69ea5293782492ee5d4ff01a33bff983
S1,W2-429fac0673af3f09eda9398f,BASE_TRAIN,3,0,LG-N1-21c5057d090e39a17b5d971b,12,-1.0485441023632482,decision_function,,93d3892b158c35eccfadc27c879754db69ea5293782492ee5d4ff01a33bff983
S1,W2-42eb0e3be3e6143340ce6d39,BASE_TRAIN,2,0,LG-N1-48754fb21b319eeebeba91f9,9,-0.9044499139731794,decision_function,,93d3892b158c35eccfadc27c879754db69ea5293782492ee5d4ff01a33bff983
S1,W2-42fbfac01057aebb6ef4fe2c,BASE_TRAIN,2,0,LG-N1-c190e8be241396d6fb934a8e,13,-0.902273018098382,decision_function,,93d3892b158c35eccfadc27c879754db69ea5293782492ee5d4ff01a33bff983
S1,W2-4316f71a27854f4fa898bd76,BASE_TRAIN,3,1,LG-N1-53d5f573f27c925088c16386,47,1.3983295386848582,decision_function,,93d3892b158c35eccfadc27c879754db69ea5293782492ee5d4ff01a33bff983
S1,W2-435e7bb9cf27fb9585c70b9b,BASE_TRAIN,0,0,LG-N1-3005bc98ac516ff3da65f136,12,-1.1215427540842513,decision_function,,93d3892b158c35eccfadc27c879754db69ea5293782492ee5d4ff01a33bff983
S1,W2-435f7821306b4bff29bf4600,BASE_TRAIN,0,0,LG-N1-ce2e8e4d42199db0af1443d4,7,-0.17886514355447988,decision_function,,93d3892b158c35eccfadc27c879754db69ea5293782492ee5d4ff01a33bff983
S1,W2-43ee67bad7e01dc935dba53c,BASE_TRAIN,2,0,LG-N1-e69bc268810b1c192e067ba4,12,-0.9514466551400012,decision_function,,93d3892b158c35eccfadc27c879754db69ea5293782492ee5d4ff01a33bff983
S1,W2-440466243ecafdd6f26aa36a,BASE_TRAIN,0,0,LG-N1-38fbf72963a32bee51b62a3b,8,-1.415312309779972,decision_function,,93d3892b158c35eccfadc27c879754db69ea5293782492ee5d4ff01a33bff983
S1,W2-442b623ea6bec1942c62f398,BASE_TRAIN,0,0,LG-N1-533096d73948b7e52c256bf3,7,-1.0732941296916134,decision_function,,93d3892b158c35eccfadc27c879754db69ea5293782492ee5d4ff01a33bff983
S1,W2-44390a9e52eee7d1940fd218,BASE_TRAIN,1,1,LG-N1-626ad4fa0daf52189b5265d6,33,1.3952571134757865,decision_function,,93d3892b158c35eccfadc27c879754db69ea5293782492ee5d4ff01a33bff983
S1,W2-4470e45ab7547d6307fd8b6b,BASE_TRAIN,4,1,LG-N1-55c112a3ccd47d1a8840b5fd,32,1.0460851901154649,decision_function,,93d3892b158c35eccfadc27c879754db69ea5293782492ee5d4ff01a33bff983
S1,W2-4493440ffd5d7c684fe71759,BASE_TRAIN,0,0,LG-N1-d2a10b50fbe7cf727f0c5b8f,5,-0.9476708902735367,decision_function,,93d3892b158c35eccfadc27c879754db69ea5293782492ee5d4ff01a33bff983
S1,W2-44c9856079adb58624a0e103,BASE_TRAIN,3,0,LG-N1-ee306b00e5780a89315b0281,13,-0.6605176667149573,decision_function,,93d3892b158c35eccfadc27c879754db69ea5293782492ee5d4ff01a33bff983
S1,W2-454d721c43d5540375d8223e,BASE_TRAIN,0,0,LG-N1-df2faad895df6026132d3b3d,5,-1.0678249356012055,decision_function,,93d3892b158c35eccfadc27c879754db69ea5293782492ee5d4ff01a33bff983
S1,W2-45ad723d7d88ced23e2cb927,BASE_TRAIN,1,0,LG-N1-87445eb9cd8ae523fc184530,7,-1.0447230975878812,decision_function,,93d3892b158c35eccfadc27c879754db69ea5293782492ee5d4ff01a33bff983
S1,W2-45cf8fc92889d9ec4d3f506b,BASE_TRAIN,2,0,LG-N1-2716ec53e45e4d323372f07a,8,-1.3119922908014077,decision_function,,93d3892b158c35eccfadc27c879754db69ea5293782492ee5d4ff01a33bff983
S1,W2-45e668b381769163efdca2b6,BASE_TRAIN,3,0,LG-N1-a365ef57aac63372c5fce171,9,-1.0493608799539134,decision_function,,93d3892b158c35eccfadc27c879754db69ea5293782492ee5d4ff01a33bff983
S1,W2-4647a89ff0e9d942f9eef445,BASE_TRAIN,1,0,LG-N1-c1d031579750e82055e48ef3,27,0.23204847195953582,decision_function,,93d3892b158c35eccfadc27c879754db69ea5293782492ee5d4ff01a33bff983
S1,W2-46814d24e2df8348e705e47e,BASE_TRAIN,2,0,LG-N1-008429d315e5c38b6d837fb2,13,-0.8302772579357599,decision_function,,93d3892b158c35eccfadc27c879754db69ea5293782492ee5d4ff01a33bff983
S1,W2-4685ec350a45db4feb88b774,BASE_TRAIN,1,0,LG-N1-f4cfb64bb09c8c3c9e658b24,14,-1.041050788436045,decision_function,,93d3892b158c35eccfadc27c879754db69ea5293782492ee5d4ff01a33bff983
S1,W2-46dc1c282be75c6f8eee4e61,BASE_TRAIN,2,1,LG-N1-3d61cc5490600c1ac4bba4fd,38,1.654214137731126,decision_function,,93d3892b158c35eccfadc27c879754db69ea5293782492ee5d4ff01a33bff983
S1,W2-4703c827057d3994c02383b0,BASE_TRAIN,4,0,LG-N1-7ef19e62281f3faac0b2c855,14,-1.1463824946406735,decision_function,,93d3892b158c35eccfadc27c879754db69ea5293782492ee5d4ff01a33bff983
S1,W2-47089a2fc0d3fd9ab488899b,BASE_TRAIN,1,1,LG-N1-22771f79261b42d6c0cc003b,19,0.9793713096622801,decision_function,,93d3892b158c35eccfadc27c879754db69ea5293782492ee5d4ff01a33bff983
S1,W2-4719dbce07f5c4a6b56ce8ce,BASE_TRAIN,4,0,LG-N1-0a76a28b958cd05b7cbb45f4,83,1.1815371383939195,decision_function,,93d3892b158c35eccfadc27c879754db69ea5293782492ee5d4ff01a33bff983
S1,W2-475f0fd69738567be6e309cd,BASE_TRAIN,1,0,LG-N1-93456894db017212efedffca,20,0.3974055819639505,decision_function,,93d3892b158c35eccfadc27c879754db69ea5293782492ee5d4ff01a33bff983
S1,W2-478a3d413669bd464929ed14,BASE_TRAIN,3,1,LG-N1-44069bb14019a1bf9e1b66be,57,0.9030847116495144,decision_function,,93d3892b158c35eccfadc27c879754db69ea5293782492ee5d4ff01a33bff983
S1,W2-47b5f14a2445ad21ad1055bc,BASE_TRAIN,4,0,LG-N1-ae1c3062c2d023bf7511d3a4,11,-0.9261274183431506,decision_function,,93d3892b158c35eccfadc27c879754db69ea5293782492ee5d4ff01a33bff983
S1,W2-47f2a17839386e57ef52fc16,BASE_TRAIN,0,0,LG-N1-1e4a034b286ab4fc6720a38f,31,1.1678279074738287,decision_function,,93d3892b158c35eccfadc27c879754db69ea5293782492ee5d4ff01a33bff983
S1,W2-482a3f739792ff3007226025,BASE_TRAIN,0,0,LG-N1-7db365cba1a59b2375c5844c,22,-0.0872591201674981,decision_function,,93d3892b158c35eccfadc27c879754db69ea5293782492ee5d4ff01a33bff983
S1,W2-48466d88097c16857d27eb6b,BASE_TRAIN,2,0,LG-N1-3db562d261f136f0aa0f5b6e,26,-0.6375938522447202,decision_function,,93d3892b158c35eccfadc27c879754db69ea5293782492ee5d4ff01a33bff983
S1,W2-48a998bbc23a5177d60f1813,BASE_TRAIN,3,0,LG-N1-51bdb97f8a15f3656ae93bba,11,-1.1496376848218723,decision_function,,93d3892b158c35eccfadc27c879754db69ea5293782492ee5d4ff01a33bff983
S1,W2-492ed671a5833ef8338f49e6,BASE_TRAIN,2,0,LG-N1-98895ee9681ca0401f772df1,7,-1.0202574855985906,decision_function,,93d3892b158c35eccfadc27c879754db69ea5293782492ee5d4ff01a33bff983
S1,W2-4988c77373956aac9252468f,BASE_TRAIN,4,1,LG-N1-9c16fb704840776c16c204e3,38,1.7506912407688846,decision_function,,93d3892b158c35eccfadc27c879754db69ea5293782492ee5d4ff01a33bff983
S1,W2-499c791965f63d94fdfc63ef,BASE_TRAIN,4,0,LG-N1-cbe0e4abe05c8037ce4c8aff,11,-1.411039136904733,decision_function,,93d3892b158c35eccfadc27c879754db69ea5293782492ee5d4ff01a33bff983
S1,W2-49b9cdc579dc7b729e2dc96f,BASE_TRAIN,0,0,LG-N1-7c767e18982a4279a6bb3e84,10,-1.1062599135537712,decision_function,,93d3892b158c35eccfadc27c879754db69ea5293782492ee5d4ff01a33bff983
S1,W2-49d093bf51f596b972c7999c,BASE_TRAIN,2,0,LG-N1-c2e0c6adc3bce2d9cfafb449,10,-1.23534881464238,decision_function,,93d3892b158c35eccfadc27c879754db69ea5293782492ee5d4ff01a33bff983
S1,W2-49dd8e41e6e99c24c874f285,BASE_TRAIN,3,0,LG-N1-06badf44ecdfc4209cbaed0b,9,-1.0454384098998808,decision_function,,93d3892b158c35eccfadc27c879754db69ea5293782492ee5d4ff01a33bff983
S1,W2-4a16f5832ec60eff8daff518,BASE_TRAIN,3,0,LG-N1-83713fe7e0eb5cb98820e91b,12,-1.025172858851666,decision_function,,93d3892b158c35eccfadc27c879754db69ea5293782492ee5d4ff01a33bff983
S1,W2-4a743a31ffbb8adfff1d3bc6,BASE_TRAIN,1,1,LG-N1-2b226c8b780a10528b9209c8,62,1.6304939035230501,decision_function,,93d3892b158c35eccfadc27c879754db69ea5293782492ee5d4ff01a33bff983
S1,W2-4a78e5eca8c57f058da938a4,BASE_TRAIN,0,0,LG-N1-5845d8fd861db22bc4bbf5bb,11,-1.2527817227127436,decision_function,,93d3892b158c35eccfadc27c879754db69ea5293782492ee5d4ff01a33bff983
S1,W2-4a943c913bf4b25be1ae1424,BASE_TRAIN,4,0,LG-N1-b12d5c258e54ea61e0ec9953,15,-1.151027504667315,decision_function,,93d3892b158c35eccfadc27c879754db69ea5293782492ee5d4ff01a33bff983
S1,W2-4abb2dd48ec62f908edf0fa4,BASE_TRAIN,0,1,LG-N1-58694cacd0d2ff62b89cc74d,14,-0.35592864461610646,decision_function,,93d3892b158c35eccfadc27c879754db69ea5293782492ee5d4ff01a33bff983
S1,W2-4ac856b53a718fee46ece55e,BASE_TRAIN,0,0,LG-N1-911c382f3e75d5f321c1deb2,7,-1.3359013042045356,decision_function,,93d3892b158c35eccfadc27c879754db69ea5293782492ee5d4ff01a33bff983
S1,W2-4af49e041612715e6fb179a6,BASE_TRAIN,4,0,LG-N1-f3bc3a8f2cf773d06b3d6203,14,-0.5743589272237289,decision_function,,93d3892b158c35eccfadc27c879754db69ea5293782492ee5d4ff01a33bff983
S1,W2-4af96a8d350747639cea42c0,BASE_TRAIN,1,0,LG-N1-9235081d04690db652bc3ca2,8,-1.5476679217561107,decision_function,,93d3892b158c35eccfadc27c879754db69ea5293782492ee5d4ff01a33bff983
S1,W2-4b1d1f6b25ddb7f92340e9e0,BASE_TRAIN,2,1,LG-N1-66e8d6501a7a537ac468ca16,252,1.1249698071825334,decision_function,,93d3892b158c35eccfadc27c879754db69ea5293782492ee5d4ff01a33bff983
S1,W2-4b25da90c862d04acb922a8b,BASE_TRAIN,1,0,LG-N1-b2c6def33363fd2435bd1d78,10,-1.018411317941251,decision_function,,93d3892b158c35eccfadc27c879754db69ea5293782492ee5d4ff01a33bff983
S1,W2-4b3b543df8ec84c5cbe71574,BASE_TRAIN,2,0,LG-N1-dd2cd5add665e1c57f07a1ee,12,-1.1939088761386345,decision_function,,93d3892b158c35eccfadc27c879754db69ea5293782492ee5d4ff01a33bff983
S1,W2-4b4aa1588ebeb625fde23199,BASE_TRAIN,0,0,LG-N1-60abd55a3d2bde59e3d52ac9,15,-1.0633245742961444,decision_function,,93d3892b158c35eccfadc27c879754db69ea5293782492ee5d4ff01a33bff983
S1,W2-4c0d57a61d2cdbc9b9447635,BASE_TRAIN,4,1,LG-N1-309f0f02da4a6c8a69595f6a,22,0.19292311892881422,decision_function,,93d3892b158c35eccfadc27c879754db69ea5293782492ee5d4ff01a33bff983
S1,W2-4c39360b1888d3fe21b5bb77,BASE_TRAIN,1,0,LG-N1-8b30ab93ef3f65a1d5b27233,7,-1.116108756422847,decision_function,,93d3892b158c35eccfadc27c879754db69ea5293782492ee5d4ff01a33bff983
S1,W2-4caab1d8aeb0ac92fd3613f6,BASE_TRAIN,3,0,LG-N1-2ca642b76f9deb2bc61e9254,37,0.4744285228532941,decision_function,,93d3892b158c35eccfadc27c879754db69ea5293782492ee5d4ff01a33bff983
S1,W2-4cb2756da4a3935b0afecdb1,BASE_TRAIN,4,0,LG-N1-e39499c80dee790eefc86451,11,-1.207565692098552,decision_function,,93d3892b158c35eccfadc27c879754db69ea5293782492ee5d4ff01a33bff983
S1,W2-4cc5b3a365238738294de097,BASE_TRAIN,2,0,LG-N1-a9fd3046fca24b27bc70b41d,13,-0.5499348126867908,decision_function,,93d3892b158c35eccfadc27c879754db69ea5293782492ee5d4ff01a33bff983
S1,W2-4ce753b37f21c76efbcc2674,BASE_TRAIN,4,0,LG-N1-92e90087b2f57d082b5cd222,13,-0.7663332947399092,decision_function,,93d3892b158c35eccfadc27c879754db69ea5293782492ee5d4ff01a33bff983
S1,W2-4d272561f2268e2f3a3c162c,BASE_TRAIN,4,0,LG-N1-cafa5f5169719af851f49f0a,12,-1.281649133171152,decision_function,,93d3892b158c35eccfadc27c879754db69ea5293782492ee5d4ff01a33bff983
S1,W2-4d5916ec7885df06e0164601,BASE_TRAIN,4,0,LG-N1-75ba0ad652e16d6e18376444,43,0.25183890380315355,decision_function,,93d3892b158c35eccfadc27c879754db69ea5293782492ee5d4ff01a33bff983
S1,W2-4d5dbf78be5864342011e2da,BASE_TRAIN,0,0,LG-N1-b2097a697185ff63a4b9a91e,10,-1.463867100898052,decision_function,,93d3892b158c35eccfadc27c879754db69ea5293782492ee5d4ff01a33bff983
S1,W2-4de7f11fce981102698ae72d,BASE_TRAIN,4,0,LG-N1-ab7994cf23d26593e9e11cc3,15,-0.8721491521471715,decision_function,,93d3892b158c35eccfadc27c879754db69ea5293782492ee5d4ff01a33bff983
S1,W2-4e497cec6113b066303e74d0,BASE_TRAIN,3,0,LG-N1-9538dc84dc2ef877943abcea,13,-1.1464830031536548,decision_function,,93d3892b158c35eccfadc27c879754db69ea5293782492ee5d4ff01a33bff983
S1,W2-4e7f240fe89bcce512d231a7,BASE_TRAIN,3,1,LG-N1-5d9bf779c6dbb97fa1d7c103,13,-0.8392442507880009,decision_function,,93d3892b158c35eccfadc27c879754db69ea5293782492ee5d4ff01a33bff983
S1,W2-4ea3a3ca32b97754fdbb58e9,BASE_TRAIN,2,0,LG-N1-973b87f601e4235ff49b8474,7,-1.4031783152032329,decision_function,,93d3892b158c35eccfadc27c879754db69ea5293782492ee5d4ff01a33bff983
S1,W2-4ebf92e7a325d8c653c245c0,BASE_TRAIN,3,0,LG-N1-d6bfa7fa05e667486c90e975,9,-0.9604557691339906,decision_function,,93d3892b158c35eccfadc27c879754db69ea5293782492ee5d4ff01a33bff983
S1,W2-4f151e55b048d14d12f61fa8,BASE_TRAIN,2,0,LG-N1-364cb32cefb6bece30c40991,10,-1.0873308369382213,decision_function,,93d3892b158c35eccfadc27c879754db69ea5293782492ee5d4ff01a33bff983
S1,W2-4f19629d6830eef9a7e2d5db,BASE_TRAIN,1,0,LG-N1-f70f3b843d79e7494f51e88b,8,-1.2232858526305095,decision_function,,93d3892b158c35eccfadc27c879754db69ea5293782492ee5d4ff01a33bff983
S1,W2-4f6de2122e711b28975e9466,BASE_TRAIN,2,1,LG-N1-9bd7646ceadf4e6694def686,58,1.3561902147154266,decision_function,,93d3892b158c35eccfadc27c879754db69ea5293782492ee5d4ff01a33bff983
S1,W2-4faadbfa0eb059121a13baa5,BASE_TRAIN,4,1,LG-N1-9214fc1b18b6a2a76a2575f4,50,0.9613395992888486,decision_function,,93d3892b158c35eccfadc27c879754db69ea5293782492ee5d4ff01a33bff983
S1,W2-4fb41b76bd0f9e4cb78454a7,BASE_TRAIN,2,0,LG-N1-451c20c2e57f065b591f5f1f,13,-1.1320321093068468,decision_function,,93d3892b158c35eccfadc27c879754db69ea5293782492ee5d4ff01a33bff983
S1,W2-4fcbf32d47cc58188d19c5d9,BASE_TRAIN,4,0,LG-N1-29379db48a0a5498a629ad4f,14,-0.9827733254875496,decision_function,,93d3892b158c35eccfadc27c879754db69ea5293782492ee5d4ff01a33bff983
S1,W2-50177e29dfeb9744102ff32a,BASE_TRAIN,0,0,LG-N1-b2da4e676c6784d3c4e5e27d,18,-0.7353415955224583,decision_function,,93d3892b158c35eccfadc27c879754db69ea5293782492ee5d4ff01a33bff983
S1,W2-506afda3b7f9105388f3cf0e,BASE_TRAIN,0,0,LG-N1-9cb50771e375d3cbd45e0924,13,-1.0153612643952254,decision_function,,93d3892b158c35eccfadc27c879754db69ea5293782492ee5d4ff01a33bff983
S1,W2-506afe441773016a2fec7edf,BASE_TRAIN,4,0,LG-N1-6327ea07729462b1a92522b2,6,-1.07702678034413,decision_function,,93d3892b158c35eccfadc27c879754db69ea5293782492ee5d4ff01a33bff983
S1,W2-50f18f5146e07dafec94907e,BASE_TRAIN,1,0,LG-N1-a030458393b8df1a7de95f36,35,-0.2886808975581755,decision_function,,93d3892b158c35eccfadc27c879754db69ea5293782492ee5d4ff01a33bff983
S1,W2-51256b1e2c8df67059db62f6,BASE_TRAIN,1,0,LG-N1-322ab56d093977a2137ad497,16,-0.8569394576766173,decision_function,,93d3892b158c35eccfadc27c879754db69ea5293782492ee5d4ff01a33bff983
S1,W2-5125838b3a5d3af08c02e707,BASE_TRAIN,3,0,LG-N1-3f7377dd871ed28ad0c91478,12,-1.015790988524858,decision_function,,93d3892b158c35eccfadc27c879754db69ea5293782492ee5d4ff01a33bff983
S1,W2-5136aa26324b8c18b273f571,BASE_TRAIN,3,0,LG-N1-240ea4e314efecd5170adcd0,12,-1.23921874460911,decision_function,,93d3892b158c35eccfadc27c879754db69ea5293782492ee5d4ff01a33bff983
S1,W2-513c640c0e300202340b8619,BASE_TRAIN,3,0,LG-N1-93efcd7198041463d04defca,7,-1.1488682170858142,decision_function,,93d3892b158c35eccfadc27c879754db69ea5293782492ee5d4ff01a33bff983
S1,W2-5165550aecb8c2097f5081e4,BASE_TRAIN,2,0,LG-N1-bd278d547695bd090213136b,7,-1.0790266901353893,decision_function,,93d3892b158c35eccfadc27c879754db69ea5293782492ee5d4ff01a33bff983
S1,W2-518a9486657b857519d321ee,BASE_TRAIN,2,1,LG-N1-f450f86a27eec264642e4e19,290,1.0979905983811267,decision_function,,93d3892b158c35eccfadc27c879754db69ea5293782492ee5d4ff01a33bff983
S1,W2-519b4dda6b5c044bf7b80d0a,BASE_TRAIN,0,0,LG-N1-63d38b0ee83f6e34dc338f92,11,-0.760356027389419,decision_function,,93d3892b158c35eccfadc27c879754db69ea5293782492ee5d4ff01a33bff983
S1,W2-51b8cdd30d42365c2afb2e52,BASE_TRAIN,1,0,LG-N1-c6d0635c8307df1ca1a634aa,12,-1.0750123587918332,decision_function,,93d3892b158c35eccfadc27c879754db69ea5293782492ee5d4ff01a33bff983
S1,W2-51bc239abc53c85f127e8ec2,BASE_TRAIN,4,1,LG-N1-71fa1798e3781e980804a225,21,0.36585382423528656,decision_function,,93d3892b158c35eccfadc27c879754db69ea5293782492ee5d4ff01a33bff983
S1,W2-5230b86ab28f40ee05bbbe21,BASE_TRAIN,3,0,LG-N1-da38fabe428415076413b8c4,47,1.1162537157026038,decision_function,,93d3892b158c35eccfadc27c879754db69ea5293782492ee5d4ff01a33bff983
S1,W2-523749f6368e3771b13b7bb2,BASE_TRAIN,2,0,LG-N1-f5b282a33c22a4c34b753478,7,-0.9644024538236475,decision_function,,93d3892b158c35eccfadc27c879754db69ea5293782492ee5d4ff01a33bff983
S1,W2-525b9e99e885c183347fb031,BASE_TRAIN,4,0,LG-N1-71c2387a99cdeeebd579f15e,40,-0.056569088157497754,decision_function,,93d3892b158c35eccfadc27c879754db69ea5293782492ee5d4ff01a33bff983
S1,W2-5269896f929469225f5d9991,BASE_TRAIN,4,0,LG-N1-2c81c4f88ff5bcb7ea05984d,16,-0.3901511210237837,decision_function,,93d3892b158c35eccfadc27c879754db69ea5293782492ee5d4ff01a33bff983
S1,W2-52984860724168e03b51cf2a,BASE_TRAIN,0,0,LG-N1-0cafa93a560f42113cb47114,26,0.7890235747462058,decision_function,,93d3892b158c35eccfadc27c879754db69ea5293782492ee5d4ff01a33bff983
S1,W2-52cf8ee102900a10d6163ea6,BASE_TRAIN,1,0,LG-N1-8e4815971602274c6810b030,16,-0.35238000631562405,decision_function,,93d3892b158c35eccfadc27c879754db69ea5293782492ee5d4ff01a33bff983
S1,W2-52d8e386bf44a61805ca8b13,BASE_TRAIN,2,0,LG-N1-3e35f0acb844cf5a1aac1731,15,-0.5754223142026043,decision_function,,93d3892b158c35eccfadc27c879754db69ea5293782492ee5d4ff01a33bff983
S1,W2-531a66eb06c2ddcf56938b7a,BASE_TRAIN,2,0,LG-N1-94576dc658a417bd0e11922d,13,-0.32541876711048623,decision_function,,93d3892b158c35eccfadc27c879754db69ea5293782492ee5d4ff01a33bff983
S1,W2-532dc948300157b0b4fd880a,BASE_TRAIN,4,0,LG-N1-c228e7c679a393df88959ab3,6,-0.8187006911728135,decision_function,,93d3892b158c35eccfadc27c879754db69ea5293782492ee5d4ff01a33bff983
S1,W2-534c48d4215dfe79461c9c09,BASE_TRAIN,0,0,LG-N1-d577010dea2c028495d49d13,10,-1.2490504605472312,decision_function,,93d3892b158c35eccfadc27c879754db69ea5293782492ee5d4ff01a33bff983
S1,W2-5379858b56ebb867141ce5b8,BASE_TRAIN,3,1,LG-N1-28dbd5c9b277b91f8af5d473,49,0.9190649600516911,decision_function,,93d3892b158c35eccfadc27c879754db69ea5293782492ee5d4ff01a33bff983
S1,W2-53a3b2e2688863f717152da3,BASE_TRAIN,2,0,LG-N1-84e3fd48d745b13cbca78491,13,-1.0091472338056544,decision_function,,93d3892b158c35eccfadc27c879754db69ea5293782492ee5d4ff01a33bff983
S1,W2-53aaddc5fe4ee6f745c1d101,BASE_TRAIN,2,0,LG-N1-4b790d05026b9c1ea16a2b26,6,-1.2710706123126416,decision_function,,93d3892b158c35eccfadc27c879754db69ea5293782492ee5d4ff01a33bff983
S1,W2-540d72c12d669c564cc83770,BASE_TRAIN,1,0,LG-N1-396a8f98f840d2cb826e9635,25,-0.7413388773892565,decision_function,,93d3892b158c35eccfadc27c879754db69ea5293782492ee5d4ff01a33bff983
S1,W2-540f7844f9accc12f0f50ddf,BASE_TRAIN,4,1,LG-N1-0d2908125efb1cac0024a8cf,17,0.9975148085645308,decision_function,,93d3892b158c35eccfadc27c879754db69ea5293782492ee5d4ff01a33bff983
S1,W2-54116cfd138fe7094cc4c9ba,BASE_TRAIN,4,0,LG-N1-8b54f7592913c42de471c6e1,13,-1.1077011999348558,decision_function,,93d3892b158c35eccfadc27c879754db69ea5293782492ee5d4ff01a33bff983
S1,W2-542fe2596fb04940a1466fbb,BASE_TRAIN,3,0,LG-N1-79c14632a71b9e77349d4b37,9,-1.3080855191543292,decision_function,,93d3892b158c35eccfadc27c879754db69ea5293782492ee5d4ff01a33bff983
S1,W2-5452e91908f6a15210b1470e,BASE_TRAIN,3,0,LG-N1-681981a5cd1bdf204212650e,22,-0.16973223390271847,decision_function,,93d3892b158c35eccfadc27c879754db69ea5293782492ee5d4ff01a33bff983
S1,W2-54b17c13ab2ee55c8d9f0b94,BASE_TRAIN,2,0,LG-N1-71729543bd7c1ac1c9e9ecae,53,0.01587690738751249,decision_function,,93d3892b158c35eccfadc27c879754db69ea5293782492ee5d4ff01a33bff983
S1,W2-550ee89dd535f5ea64f7b5c7,BASE_TRAIN,4,0,LG-N1-9ab0a915e35517b7d19a1b7c,6,-1.467764742436712,decision_function,,93d3892b158c35eccfadc27c879754db69ea5293782492ee5d4ff01a33bff983
S1,W2-554974c2313f79293701cddc,BASE_TRAIN,0,0,LG-N1-92c2a99959e93e7bd26d824f,9,-0.9833188725928812,decision_function,,93d3892b158c35eccfadc27c879754db69ea5293782492ee5d4ff01a33bff983
S1,W2-555a05d18e5d21a0350cb1fc,BASE_TRAIN,0,0,LG-N1-86c7b25dd91d5bff80bf3a9b,10,-1.3230965159744321,decision_function,,93d3892b158c35eccfadc27c879754db69ea5293782492ee5d4ff01a33bff983
S1,W2-55ae73f05af0cad78904b24e,BASE_TRAIN,3,0,LG-N1-c0c6b3ebce58b74b902e3ef1,4,-0.8506025054802842,decision_function,,93d3892b158c35eccfadc27c879754db69ea5293782492ee5d4ff01a33bff983
S1,W2-55f8f2aee558d6edb7282c90,BASE_TRAIN,2,0,LG-N1-8b847db42ac552acc9390546,9,-1.4488910093432668,decision_function,,93d3892b158c35eccfadc27c879754db69ea5293782492ee5d4ff01a33bff983
S1,W2-562a88f83df77d1bd87b12ee,BASE_TRAIN,0,0,LG-N1-2102211b290423cb78136fe7,13,-0.965666119178316,decision_function,,93d3892b158c35eccfadc27c879754db69ea5293782492ee5d4ff01a33bff983
S1,W2-5673a84105de19109d297b00,BASE_TRAIN,4,0,LG-N1-b9882ffdd9231ab1e6cf8da6,10,-0.9224645409586684,decision_function,,93d3892b158c35eccfadc27c879754db69ea5293782492ee5d4ff01a33bff983
S1,W2-568d4ef1b9af503cba1b85b9,BASE_TRAIN,3,0,LG-N1-77bd5e09b18cabc14998bd01,33,0.9592962059019394,decision_function,,93d3892b158c35eccfadc27c879754db69ea5293782492ee5d4ff01a33bff983
S1,W2-56b285696351dfe3576ebeea,BASE_TRAIN,4,0,LG-N1-4f94e1eb232d34f89f575fb2,7,-1.660149854185586,decision_function,,93d3892b158c35eccfadc27c879754db69ea5293782492ee5d4ff01a33bff983
S1,W2-56b842e1f07087d36f8ecaef,BASE_TRAIN,2,0,LG-N1-b677fbd20329fc80762711c2,4,-1.1870788847596028,decision_function,,93d3892b158c35eccfadc27c879754db69ea5293782492ee5d4ff01a33bff983
S1,W2-56e021ac7bbc4801fed2dbf1,BASE_TRAIN,4,0,LG-N1-967ebb0dca35c4e5110ccae0,25,-0.9533841860064961,decision_function,,93d3892b158c35eccfadc27c879754db69ea5293782492ee5d4ff01a33bff983
S1,W2-56ef61efd4fc1c023ae243d8,BASE_TRAIN,2,0,LG-N1-fd4608170402c94d66bf3451,14,-0.8763423710677529,decision_function,,93d3892b158c35eccfadc27c879754db69ea5293782492ee5d4ff01a33bff983
S1,W2-56fca264c68dfac09cef1f84,BASE_TRAIN,4,0,LG-N1-e18fb025133d5debb7a599dc,25,-0.3748739578404495,decision_function,,93d3892b158c35eccfadc27c879754db69ea5293782492ee5d4ff01a33bff983
S1,W2-56fcbd2f7eca9c79c8f00418,BASE_TRAIN,0,0,LG-N1-47d1dd6dae891fc5fd1c8a14,15,-0.8234488667179909,decision_function,,93d3892b158c35eccfadc27c879754db69ea5293782492ee5d4ff01a33bff983
S1,W2-5783d5d8c378f3e6015f43c3,BASE_TRAIN,4,0,LG-N1-483bc824e231b03d6b883b08,10,-1.0094941997320388,decision_function,,93d3892b158c35eccfadc27c879754db69ea5293782492ee5d4ff01a33bff983
S1,W2-578897a6e96d42e242712547,BASE_TRAIN,0,0,LG-N1-f0e37f0e1bf425e4ab286601,13,-1.0688952454269987,decision_function,,93d3892b158c35eccfadc27c879754db69ea5293782492ee5d4ff01a33bff983
S1,W2-5803ace3d085bcb47839ce18,BASE_TRAIN,2,0,LG-N1-503110ec0dcacb8867eb644d,8,-1.409306514151819,decision_function,,93d3892b158c35eccfadc27c879754db69ea5293782492ee5d4ff01a33bff983
S1,W2-58239648a769d8a856cdbf44,BASE_TRAIN,2,0,LG-N1-859a114f3cbe205ca7688a88,12,-1.6251122903665354,decision_function,,93d3892b158c35eccfadc27c879754db69ea5293782492ee5d4ff01a33bff983
S1,W2-5826461af3d1164a58064ec0,BASE_TRAIN,1,0,LG-N1-03179d88fc7c2c2119df82c4,23,0.6452457908632235,decision_function,,93d3892b158c35eccfadc27c879754db69ea5293782492ee5d4ff01a33bff983
S1,W2-585cee0f58e5e36adeed088f,BASE_TRAIN,4,0,LG-N1-5754dd302fb7298ed136b0f3,14,-1.1371917506623066,decision_function,,93d3892b158c35eccfadc27c879754db69ea5293782492ee5d4ff01a33bff983
S1,W2-58993d5ae97b487994023824,BASE_TRAIN,4,0,LG-N1-737b1a63b7f61c3da8fa3136,18,-0.09702874650612917,decision_function,,93d3892b158c35eccfadc27c879754db69ea5293782492ee5d4ff01a33bff983
S1,W2-58b3ff3427535988f58abac8,BASE_TRAIN,1,0,LG-N1-d599f5cb2805e36b08753eab,9,-1.1626770708360303,decision_function,,93d3892b158c35eccfadc27c879754db69ea5293782492ee5d4ff01a33bff983
S1,W2-591b4a78dac691ce8e13adb6,BASE_TRAIN,1,0,LG-N1-df26c3771c47828cb8a765ac,21,-0.23538526227567924,decision_function,,93d3892b158c35eccfadc27c879754db69ea5293782492ee5d4ff01a33bff983
S1,W2-595f4a118aa7c8a8d15ff259,BASE_TRAIN,3,0,LG-N1-7a4c0bf7adf9316f709bedd6,7,-0.5276649656039836,decision_function,,93d3892b158c35eccfadc27c879754db69ea5293782492ee5d4ff01a33bff983
S1,W2-5980104befba0697a9a354b2,BASE_TRAIN,2,0,LG-N1-4d95c7d307085c22fc70f4f3,13,-0.7467001401035502,decision_function,,93d3892b158c35eccfadc27c879754db69ea5293782492ee5d4ff01a33bff983
S1,W2-59b445959875593f67fc2c83,BASE_TRAIN,3,0,LG-N1-330dd2b89f02df7217b15643,13,-1.002506176299334,decision_function,,93d3892b158c35eccfadc27c879754db69ea5293782492ee5d4ff01a33bff983
S1,W2-59e492e3d4162192926f78aa,BASE_TRAIN,0,1,LG-N1-be9082334b594a09540f0c48,159,1.0524293858006057,decision_function,,93d3892b158c35eccfadc27c879754db69ea5293782492ee5d4ff01a33bff983
S1,W2-5a0b6f0c250bbf54d771e8e0,BASE_TRAIN,3,0,LG-N1-80ab9155e1f49f399933ae71,12,-1.3818358422398649,decision_function,,93d3892b158c35eccfadc27c879754db69ea5293782492ee5d4ff01a33bff983
S1,W2-5a41a977a11069b1234d347c,BASE_TRAIN,0,0,LG-N1-28c95ecf90561d3b3ef7ced7,4,-1.2514864566859643,decision_function,,93d3892b158c35eccfadc27c879754db69ea5293782492ee5d4ff01a33bff983
S1,W2-5a89865a433be1af282ddec2,BASE_TRAIN,3,0,LG-N1-f2dec72799a2203f2903d1ef,3,-0.899751347479008,decision_function,,93d3892b158c35eccfadc27c879754db69ea5293782492ee5d4ff01a33bff983
S1,W2-5afe47cea06ff30969630a69,BASE_TRAIN,1,0,LG-N1-06782995963d6880162e91f4,12,-0.8029625537625849,decision_function,,93d3892b158c35eccfadc27c879754db69ea5293782492ee5d4ff01a33bff983
S1,W2-5b4bd24e7a2b0a387d3788bb,BASE_TRAIN,1,0,LG-N1-fcb9fe425d765f5353b4e372,19,0.22427945973072438,decision_function,,93d3892b158c35eccfadc27c879754db69ea5293782492ee5d4ff01a33bff983
S1,W2-5b7116b5de22951046d75d7d,BASE_TRAIN,0,0,LG-N1-3fab7d362f63e381c2e4435b,13,-0.9997066378443618,decision_function,,93d3892b158c35eccfadc27c879754db69ea5293782492ee5d4ff01a33bff983
S1,W2-5b7c5522d0c38af3343c2c98,BASE_TRAIN,0,0,LG-N1-a7d149612870a7eafd88eb83,5,-0.1944373248950827,decision_function,,93d3892b158c35eccfadc27c879754db69ea5293782492ee5d4ff01a33bff983
S1,W2-5bc3e013629f1fa5f0ab370c,BASE_TRAIN,0,0,LG-N1-aafde415a4d6ea4592c87aa1,6,-1.1017023324397301,decision_function,,93d3892b158c35eccfadc27c879754db69ea5293782492ee5d4ff01a33bff983
S1,W2-5c3f0340d47823d061b46370,BASE_TRAIN,0,0,LG-N1-fb4c814c56ef536e17635029,15,-1.0782295605377195,decision_function,,93d3892b158c35eccfadc27c879754db69ea5293782492ee5d4ff01a33bff983
S1,W2-5c7bc4b91611cf1621027e40,BASE_TRAIN,3,0,LG-N1-03ff6686e4cd05ae6e19bb06,5,-1.523244659513125,decision_function,,93d3892b158c35eccfadc27c879754db69ea5293782492ee5d4ff01a33bff983
S1,W2-5ce365d631f87bfbcb320b57,BASE_TRAIN,3,1,LG-N1-3dee279691ac925a40d719d8,17,0.5158589404722733,decision_function,,93d3892b158c35eccfadc27c879754db69ea5293782492ee5d4ff01a33bff983
S1,W2-5ceb69e6c1f22d55e523b93d,BASE_TRAIN,0,0,LG-N1-325dc0b2f3950abe559fa6d6,27,-0.6011102109525952,decision_function,,93d3892b158c35eccfadc27c879754db69ea5293782492ee5d4ff01a33bff983
S1,W2-5d63695ec97c482605f8b365,BASE_TRAIN,4,0,LG-N1-d9bc8de939d70621b136d288,11,-0.9530720537849654,decision_function,,93d3892b158c35eccfadc27c879754db69ea5293782492ee5d4ff01a33bff983
S1,W2-5d658eb233898fa0c37e66d7,BASE_TRAIN,0,1,LG-N1-46981de2c4015c6ac3e75f49,18,0.3595727344533833,decision_function,,93d3892b158c35eccfadc27c879754db69ea5293782492ee5d4ff01a33bff983
S1,W2-5d65cf119f99359b80b5df2c,BASE_TRAIN,2,0,LG-N1-319f221dc6539f52bccaf200,23,-0.22431178325209153,decision_function,,93d3892b158c35eccfadc27c879754db69ea5293782492ee5d4ff01a33bff983
S1,W2-5da438e83e0e30a7d59441ca,BASE_TRAIN,1,0,LG-N1-e3c21976f9d3d3e09d27fe2c,12,-0.8658192787308269,decision_function,,93d3892b158c35eccfadc27c879754db69ea5293782492ee5d4ff01a33bff983
S1,W2-5daf9bce9427aeb3a7881eb6,BASE_TRAIN,3,0,LG-N1-e27210cf3e1e3232c5c551ff,9,-1.238871140584523,decision_function,,93d3892b158c35eccfadc27c879754db69ea5293782492ee5d4ff01a33bff983
S1,W2-5db350166fd996231feb2d21,BASE_TRAIN,3,0,LG-N1-e10867faa71210bc2c661ed2,8,-1.3002692850161102,decision_function,,93d3892b158c35eccfadc27c879754db69ea5293782492ee5d4ff01a33bff983
S1,W2-5dbde834e705b16bebb7dcf8,BASE_TRAIN,1,0,LG-N1-e7e46499b5880574491ee69c,14,-0.9639595919936695,decision_function,,93d3892b158c35eccfadc27c879754db69ea5293782492ee5d4ff01a33bff983
S1,W2-5dcc304f3837c70bbc71cccc,BASE_TRAIN,3,0,LG-N1-7ad852218463cedc99ad6d4d,14,-1.373147976688589,decision_function,,93d3892b158c35eccfadc27c879754db69ea5293782492ee5d4ff01a33bff983
S1,W2-5de3012daedc3c85164f2bc7,BASE_TRAIN,4,0,LG-N1-b04a0eda84652405686478c2,9,-0.8828515036380994,decision_function,,93d3892b158c35eccfadc27c879754db69ea5293782492ee5d4ff01a33bff983
S1,W2-5e03c671135a870f658ac23e,BASE_TRAIN,3,1,LG-N1-b1b35d17104d1839332dadb3,24,1.159601255121416,decision_function,,93d3892b158c35eccfadc27c879754db69ea5293782492ee5d4ff01a33bff983
S1,W2-5e0dd646b9174325486ff4ee,BASE_TRAIN,1,0,LG-N1-5f88d3cb9f9c5d9429dd4d3c,8,-1.5205048640551606,decision_function,,93d3892b158c35eccfadc27c879754db69ea5293782492ee5d4ff01a33bff983
S1,W2-5e40415b8b49d9aa1bcd6a68,BASE_TRAIN,3,0,LG-N1-dd34cd8f3d7eae05f53cc8a4,8,-1.3469644869987543,decision_function,,93d3892b158c35eccfadc27c879754db69ea5293782492ee5d4ff01a33bff983
S1,W2-5eae9c9f4a6206ba08dad7c9,BASE_TRAIN,2,0,LG-N1-2867702a8fe9f395f72f3447,5,-1.1953495146710609,decision_function,,93d3892b158c35eccfadc27c879754db69ea5293782492ee5d4ff01a33bff983
S1,W2-5ec6b3d66f945b112b823e8c,BASE_TRAIN,3,1,LG-N1-a8520851f099d0f43d540ad3,24,0.013746469687620222,decision_function,,93d3892b158c35eccfadc27c879754db69ea5293782492ee5d4ff01a33bff983
S1,W2-5ee95ecb6abf04b2723c3df1,BASE_TRAIN,3,1,LG-N1-f7be9cf05eb2401ba8c1524d,115,1.981144423345017,decision_function,,93d3892b158c35eccfadc27c879754db69ea5293782492ee5d4ff01a33bff983
S1,W2-5fa490aeb5f7109764695bed,BASE_TRAIN,1,0,LG-N1-9e72e2a030526aeba8ebc09a,7,-1.2283282043585415,decision_function,,93d3892b158c35eccfadc27c879754db69ea5293782492ee5d4ff01a33bff983
S1,W2-5fc4c95b00bd6380a582252a,BASE_TRAIN,1,0,LG-N1-68ca7e54253ced0928793334,9,-1.7226967349024984,decision_function,,93d3892b158c35eccfadc27c879754db69ea5293782492ee5d4ff01a33bff983
S1,W2-5fdc14d844780e9eb42ccb84,BASE_TRAIN,1,1,LG-N1-97f245793e94ff8c85ecba0d,19,0.8405731225805212,decision_function,,93d3892b158c35eccfadc27c879754db69ea5293782492ee5d4ff01a33bff983
S1,W2-5fe254590cde233a41bc4ddb,BASE_TRAIN,1,0,LG-N1-881a354f3d9c1946dbeb33fb,9,-0.6438627655800894,decision_function,,93d3892b158c35eccfadc27c879754db69ea5293782492ee5d4ff01a33bff983
S1,W2-5ff579b3a2c2962478fa2504,BASE_TRAIN,2,0,LG-N1-4b309361a2a7cc6a35f9a675,19,-0.8682984058131247,decision_function,,93d3892b158c35eccfadc27c879754db69ea5293782492ee5d4ff01a33bff983
S1,W2-60564d67a2e5de0929ee1964,BASE_TRAIN,4,1,LG-N1-6e8f90aaa4252580846d83cf,20,1.0820734261352307,decision_function,,93d3892b158c35eccfadc27c879754db69ea5293782492ee5d4ff01a33bff983
S1,W2-60be68b8762557c72477e51c,BASE_TRAIN,2,0,LG-N1-0b686fb3ee1efbf461ebab60,10,-0.7169271606474362,decision_function,,93d3892b158c35eccfadc27c879754db69ea5293782492ee5d4ff01a33bff983
S1,W2-60d05a3867ed4502dd77afc2,BASE_TRAIN,4,0,LG-N1-fb2a656de4e0832a4b592a50,12,-1.082864740763391,decision_function,,93d3892b158c35eccfadc27c879754db69ea5293782492ee5d4ff01a33bff983
S1,W2-6100cd3ca5f1a31c38654975,BASE_TRAIN,3,0,LG-N1-81ad0f25e4a6e14885f8c923,11,-1.4414581938100282,decision_function,,93d3892b158c35eccfadc27c879754db69ea5293782492ee5d4ff01a33bff983
S1,W2-610b89246f4bf8b4dd334402,BASE_TRAIN,1,0,LG-N1-3bcf40167b91468f4e154c5e,15,-1.208930338137232,decision_function,,93d3892b158c35eccfadc27c879754db69ea5293782492ee5d4ff01a33bff983
S1,W2-6113dbe337455fba23505a02,BASE_TRAIN,1,0,LG-N1-dae0fe56ed18b891984fe1cf,9,-0.8958224427673029,decision_function,,93d3892b158c35eccfadc27c879754db69ea5293782492ee5d4ff01a33bff983
S1,W2-614e531418a246916c48d5be,BASE_TRAIN,4,0,LG-N1-66ab9dd61f7704eb72943fed,18,-1.0277104564180175,decision_function,,93d3892b158c35eccfadc27c879754db69ea5293782492ee5d4ff01a33bff983
S1,W2-61f4a3f94d3cabb2f1a3e9b5,BASE_TRAIN,2,0,LG-N1-87fca163d4fd23157e4ed9f6,12,-1.3167922905411866,decision_function,,93d3892b158c35eccfadc27c879754db69ea5293782492ee5d4ff01a33bff983
S1,W2-621a14093b9018d5be5f3270,BASE_TRAIN,4,0,LG-N1-013c443335fe581c059a4df6,18,0.6066474057915073,decision_function,,93d3892b158c35eccfadc27c879754db69ea5293782492ee5d4ff01a33bff983
S1,W2-628cb7f7b93325c16ed55070,BASE_TRAIN,1,0,LG-N1-b0fd2a950597830762d11ec4,12,-1.2701952475040765,decision_function,,93d3892b158c35eccfadc27c879754db69ea5293782492ee5d4ff01a33bff983
S1,W2-62953daafc294a6c32818ec6,BASE_TRAIN,1,0,LG-N1-da48a2d9ea72c3184f7d6f5b,14,-0.9464780994287251,decision_function,,93d3892b158c35eccfadc27c879754db69ea5293782492ee5d4ff01a33bff983
S1,W2-62f04158d0ad6e2fff87b33e,BASE_TRAIN,0,0,LG-N1-cf36b24bf978bd4b535a84ae,6,-1.1887408469019056,decision_function,,93d3892b158c35eccfadc27c879754db69ea5293782492ee5d4ff01a33bff983
S1,W2-630a6748c59e36d22bbebf25,BASE_TRAIN,1,0,LG-N1-f693f36fd9f7c8cacbcefbff,15,-0.47800319761705035,decision_function,,93d3892b158c35eccfadc27c879754db69ea5293782492ee5d4ff01a33bff983
S1,W2-637b17cf22ad4bb69284549d,BASE_TRAIN,1,0,LG-N1-7c1a790d88c34250dd5d5568,29,0.3931107795075831,decision_function,,93d3892b158c35eccfadc27c879754db69ea5293782492ee5d4ff01a33bff983
S1,W2-639153342db8c9eb2cb7192b,BASE_TRAIN,3,0,LG-N1-1195108a93bcdd4564d0834f,11,-0.9598742809864715,decision_function,,93d3892b158c35eccfadc27c879754db69ea5293782492ee5d4ff01a33bff983
S1,W2-63b0cf4b2a1efe9f3cf9e54f,BASE_TRAIN,2,0,LG-N1-7d0bea0e8678600d290186aa,6,-1.3518926171393368,decision_function,,93d3892b158c35eccfadc27c879754db69ea5293782492ee5d4ff01a33bff983
S1,W2-63ebaf39c867e490b4e5d038,BASE_TRAIN,0,0,LG-N1-e92756fa29f92f73552d5d1f,13,-1.1618382010152755,decision_function,,93d3892b158c35eccfadc27c879754db69ea5293782492ee5d4ff01a33bff983
S1,W2-6431e9393a3bb9cbde8bff35,BASE_TRAIN,0,0,LG-N1-5b47cdb62e6837c8b4c8f311,12,-0.6694583809651737,decision_function,,93d3892b158c35eccfadc27c879754db69ea5293782492ee5d4ff01a33bff983
S1,W2-644db6c96d093f3c265a7738,BASE_TRAIN,4,1,LG-N1-975ef152cc38631a2eabb2fe,41,1.132736664496573,decision_function,,93d3892b158c35eccfadc27c879754db69ea5293782492ee5d4ff01a33bff983
S1,W2-645f33218aa439e765e065d1,BASE_TRAIN,2,0,LG-N1-939a7d9f8c49eb06e673a422,15,-0.9572970702518209,decision_function,,93d3892b158c35eccfadc27c879754db69ea5293782492ee5d4ff01a33bff983
S1,W2-64bc41cfda8ca5064dded596,BASE_TRAIN,4,1,LG-N1-925a6aeebfa00787fd9c2d34,32,1.3457427926875316,decision_function,,93d3892b158c35eccfadc27c879754db69ea5293782492ee5d4ff01a33bff983
S1,W2-6509ff257fdee3464d7b9c2f,BASE_TRAIN,0,1,LG-N1-39487c404fccc7a28d1d5266,62,1.0374495491346623,decision_function,,93d3892b158c35eccfadc27c879754db69ea5293782492ee5d4ff01a33bff983
S1,W2-653c255b48944a4a6a1b43c2,BASE_TRAIN,3,1,LG-N1-58a056fbeeb6bbb59f3453e0,47,1.6539541300564347,decision_function,,93d3892b158c35eccfadc27c879754db69ea5293782492ee5d4ff01a33bff983
S1,W2-6565fada38ee69a8b131e3f6,BASE_TRAIN,1,0,LG-N1-2ca2363f8414b58450e4a2b0,17,0.4544566009361257,decision_function,,93d3892b158c35eccfadc27c879754db69ea5293782492ee5d4ff01a33bff983
S1,W2-659ce9e10aa6990469cddd08,BASE_TRAIN,3,0,LG-N1-f9973490950cab46a23d023b,7,-1.6877092670623073,decision_function,,93d3892b158c35eccfadc27c879754db69ea5293782492ee5d4ff01a33bff983
S1,W2-65f4a28bfcdedce512f26ec9,BASE_TRAIN,4,0,LG-N1-663efe89e536f680e1edc39d,17,0.2766335120850024,decision_function,,93d3892b158c35eccfadc27c879754db69ea5293782492ee5d4ff01a33bff983
S1,W2-6629d70be118d1d50d5d0422,BASE_TRAIN,1,0,LG-N1-72fbd3f7d7b2826ce6d0f494,18,-1.019573158191116,decision_function,,93d3892b158c35eccfadc27c879754db69ea5293782492ee5d4ff01a33bff983
S1,W2-66ada7a40dc98edb9aa6b57b,BASE_TRAIN,0,0,LG-N1-4ce98c55f6c797959e53c52a,16,-0.206213701787675,decision_function,,93d3892b158c35eccfadc27c879754db69ea5293782492ee5d4ff01a33bff983
S1,W2-66de030c4b8d37702198d69e,BASE_TRAIN,1,0,LG-N1-5845525d362e0b64ebe53028,12,-1.1087957971486038,decision_function,,93d3892b158c35eccfadc27c879754db69ea5293782492ee5d4ff01a33bff983
S1,W2-67691311e0a780f4ac5c0ef9,BASE_TRAIN,0,1,LG-N1-7c45d7e024787d9b1cced610,46,0.8385912490463974,decision_function,,93d3892b158c35eccfadc27c879754db69ea5293782492ee5d4ff01a33bff983
S1,W2-676c172902845d54b321a02a,BASE_TRAIN,3,1,LG-N1-ec0c71ea68cdcbf1db01672c,52,1.1170719230925061,decision_function,,93d3892b158c35eccfadc27c879754db69ea5293782492ee5d4ff01a33bff983
S1,W2-678516186be6c7611205ce0e,BASE_TRAIN,4,0,LG-N1-8a2c766f72a9fb8318d1423f,32,0.44960520671255566,decision_function,,93d3892b158c35eccfadc27c879754db69ea5293782492ee5d4ff01a33bff983
S1,W2-679400fe7722995fb95b551b,BASE_TRAIN,1,1,LG-N1-20b82f11934a0db052300a2e,17,0.257148462283153,decision_function,,93d3892b158c35eccfadc27c879754db69ea5293782492ee5d4ff01a33bff983
S1,W2-67c17ffee4a5e2135ddd6e97,BASE_TRAIN,1,0,LG-N1-9a7ad69af348e9dcc4e4a725,13,-1.062558963333382,decision_function,,93d3892b158c35eccfadc27c879754db69ea5293782492ee5d4ff01a33bff983
S1,W2-67c26450efc859346d60f4a7,BASE_TRAIN,0,0,LG-N1-ac196b7d0ce54cc8830864a6,10,-0.9403299352874053,decision_function,,93d3892b158c35eccfadc27c879754db69ea5293782492ee5d4ff01a33bff983
S1,W2-67fcdc5cc534ffcc0332c37b,BASE_TRAIN,1,0,LG-N1-023c9aa9bb2570613fe71321,11,-0.9794306804038266,decision_function,,93d3892b158c35eccfadc27c879754db69ea5293782492ee5d4ff01a33bff983
S1,W2-683eebbefd9d91a5780002b0,BASE_TRAIN,0,0,LG-N1-daedee5f84df9e653f9b25b4,11,-1.1639133658335954,decision_function,,93d3892b158c35eccfadc27c879754db69ea5293782492ee5d4ff01a33bff983
S1,W2-685deaedcf91a7f6b841a8e2,BASE_TRAIN,1,0,LG-N1-641790577037d1b9d207546f,14,-1.2163808080692133,decision_function,,93d3892b158c35eccfadc27c879754db69ea5293782492ee5d4ff01a33bff983
S1,W2-687e7754171764c57beac2d0,BASE_TRAIN,4,1,LG-N1-ee744c0be2242c0dc6a72720,24,0.23440338047144435,decision_function,,93d3892b158c35eccfadc27c879754db69ea5293782492ee5d4ff01a33bff983
S1,W2-688ff32ecd8f1551f31285e1,BASE_TRAIN,2,0,LG-N1-3b5d79ea4a106e8673b32d5e,9,-0.9923424291444702,decision_function,,93d3892b158c35eccfadc27c879754db69ea5293782492ee5d4ff01a33bff983
S1,W2-68e29179a5cfcf4ce6187d1a,BASE_TRAIN,1,1,LG-N1-f96e542a4e2f40c177e2ff73,90,1.8106563004989171,decision_function,,93d3892b158c35eccfadc27c879754db69ea5293782492ee5d4ff01a33bff983
S1,W2-6927c340906944b9a032b195,BASE_TRAIN,4,0,LG-N1-077966dbaff55ed9cff03b30,13,-1.0911567752321647,decision_function,,93d3892b158c35eccfadc27c879754db69ea5293782492ee5d4ff01a33bff983
S1,W2-69578c6de345ce921672b118,BASE_TRAIN,2,0,LG-N1-fdb21d1ab5768cd6e6590e88,11,-1.1393616064705179,decision_function,,93d3892b158c35eccfadc27c879754db69ea5293782492ee5d4ff01a33bff983
S1,W2-699ce091ed487a27ca311d9f,BASE_TRAIN,4,0,LG-N1-f082d0204b4038ef7eda5e83,10,-1.2650788128702355,decision_function,,93d3892b158c35eccfadc27c879754db69ea5293782492ee5d4ff01a33bff983
S1,W2-69d647667eb6a0743b2f3113,BASE_TRAIN,0,0,LG-N1-cbac51edf193901ab76ad684,11,-0.861655982749792,decision_function,,93d3892b158c35eccfadc27c879754db69ea5293782492ee5d4ff01a33bff983
S1,W2-6a2f09983113ae0e76f29802,BASE_TRAIN,3,0,LG-N1-12fadac6e14d11cfad210937,12,-0.33009863146129825,decision_function,,93d3892b158c35eccfadc27c879754db69ea5293782492ee5d4ff01a33bff983
S1,W2-6a3aa75d9118fa0cbb7bc633,BASE_TRAIN,4,0,LG-N1-80d1a8a1cf18dea7c3e4d18a,12,-1.1557373614347313,decision_function,,93d3892b158c35eccfadc27c879754db69ea5293782492ee5d4ff01a33bff983
S1,W2-6aaa150a520c7e8880ac87f1,BASE_TRAIN,0,0,LG-N1-1b7272ca18f28262feeef022,11,-0.5928904127673464,decision_function,,93d3892b158c35eccfadc27c879754db69ea5293782492ee5d4ff01a33bff983
S1,W2-6af06e16916c4d2870e0fc3a,BASE_TRAIN,0,1,LG-N1-216e6b1a3f5bec1703c27718,83,1.433305833740421,decision_function,,93d3892b158c35eccfadc27c879754db69ea5293782492ee5d4ff01a33bff983
S1,W2-6b0313890049c13e1ef8293f,BASE_TRAIN,2,0,LG-N1-9ba21bb246eb03863063cc92,15,-0.8979020835088749,decision_function,,93d3892b158c35eccfadc27c879754db69ea5293782492ee5d4ff01a33bff983
S1,W2-6b2a3becf12164c962b575f5,BASE_TRAIN,4,0,LG-N1-1d26f43b0d7cd2b90d080007,14,-1.1214041935292829,decision_function,,93d3892b158c35eccfadc27c879754db69ea5293782492ee5d4ff01a33bff983
S1,W2-6b7620fef11abc94afcb638f,BASE_TRAIN,0,1,LG-N1-9f14430fd95b11b134a59ab4,38,1.57263755748325,decision_function,,93d3892b158c35eccfadc27c879754db69ea5293782492ee5d4ff01a33bff983
S1,W2-6c2bfbcfa619e136401af80c,BASE_TRAIN,4,0,LG-N1-66aa00d20c48058811be8423,13,-1.2080997316088389,decision_function,,93d3892b158c35eccfadc27c879754db69ea5293782492ee5d4ff01a33bff983
S1,W2-6c90197028fdaebe1f0d2af5,BASE_TRAIN,0,0,LG-N1-f7dc5e5570a190aff42aa8b7,15,-0.4206354897216837,decision_function,,93d3892b158c35eccfadc27c879754db69ea5293782492ee5d4ff01a33bff983
S1,W2-6d1c05c33ff2369c466bce9e,BASE_TRAIN,0,0,LG-N1-4a39feb01b91afacf9acd2cf,24,-0.7911167628847182,decision_function,,93d3892b158c35eccfadc27c879754db69ea5293782492ee5d4ff01a33bff983
S1,W2-6d2c3b025e34ecb02f1a8f28,BASE_TRAIN,0,0,LG-N1-4404622bd6d4f57682bc2fd2,5,-0.8525643361764268,decision_function,,93d3892b158c35eccfadc27c879754db69ea5293782492ee5d4ff01a33bff983
S1,W2-6d3e57888fba55a524a4056c,BASE_TRAIN,0,0,LG-N1-643fd707e57168665d7e3648,15,-0.6487062123126104,decision_function,,93d3892b158c35eccfadc27c879754db69ea5293782492ee5d4ff01a33bff983
S1,W2-6dd6de2f6dfb21aa2d8e89b6,BASE_TRAIN,4,1,LG-N1-caded6a794b9988061906a02,61,0.8912564345317159,decision_function,,93d3892b158c35eccfadc27c879754db69ea5293782492ee5d4ff01a33bff983
S1,W2-6dec1d1e760ab9c2a6513bb5,BASE_TRAIN,2,1,LG-N1-d594087b66d1cb52060db8fe,15,-0.37842541929370965,decision_function,,93d3892b158c35eccfadc27c879754db69ea5293782492ee5d4ff01a33bff983
S1,W2-6df47f94629bd4a0ee6d9558,BASE_TRAIN,3,0,LG-N1-f399af8eb52d898a5e6b1f44,13,-0.8972436568250874,decision_function,,93d3892b158c35eccfadc27c879754db69ea5293782492ee5d4ff01a33bff983
S1,W2-6e2e5d08c5d9b747f56be784,BASE_TRAIN,0,0,LG-N1-85fbe503769d44cc96175323,12,-1.1904675020708366,decision_function,,93d3892b158c35eccfadc27c879754db69ea5293782492ee5d4ff01a33bff983
S1,W2-6e5a250d0e7ea03da41c47c7,BASE_TRAIN,2,1,LG-N1-ed563ab3e609001836ff9b55,32,1.2765959753550888,decision_function,,93d3892b158c35eccfadc27c879754db69ea5293782492ee5d4ff01a33bff983
S1,W2-6ea42747aba52fe8af73a98c,BASE_TRAIN,1,0,LG-N1-b0dabfc4864a2ecceabe7f10,17,1.1606654919297772,decision_function,,93d3892b158c35eccfadc27c879754db69ea5293782492ee5d4ff01a33bff983
S1,W2-6eb2f1877363cca592e58a0c,BASE_TRAIN,4,0,LG-N1-8ab2dbba37b70603647fb13a,9,-1.065157649204124,decision_function,,93d3892b158c35eccfadc27c879754db69ea5293782492ee5d4ff01a33bff983
S1,W2-6f0e7e7d5826346b7519d9a5,BASE_TRAIN,0,0,LG-N1-f66ab5cb2fa1efd31ed4f5c6,8,-1.2218039358728214,decision_function,,93d3892b158c35eccfadc27c879754db69ea5293782492ee5d4ff01a33bff983
S1,W2-6f8f795a3fb3b39f45b1ff76,BASE_TRAIN,4,0,LG-N1-9544520b9873903a6e752a2d,8,-1.4725159549356983,decision_function,,93d3892b158c35eccfadc27c879754db69ea5293782492ee5d4ff01a33bff983
S1,W2-7040ebdca963c6ed3d027f21,BASE_TRAIN,4,0,LG-N1-63b79e4cddbacee486aee562,8,-1.1284710600071655,decision_function,,93d3892b158c35eccfadc27c879754db69ea5293782492ee5d4ff01a33bff983
S1,W2-705da7a83beb6e7f757739c2,BASE_TRAIN,1,0,LG-N1-ba912f67d69034e485de711c,10,-0.9580256792365002,decision_function,,93d3892b158c35eccfadc27c879754db69ea5293782492ee5d4ff01a33bff983
S1,W2-70a10c3d95e536a1d9aa8933,BASE_TRAIN,1,0,LG-N1-2745647bea44038b15ca7ed1,12,-1.268998353275339,decision_function,,93d3892b158c35eccfadc27c879754db69ea5293782492ee5d4ff01a33bff983
S1,W2-70e98ea4e0f9193929b3878e,BASE_TRAIN,4,1,LG-N1-5150e1657ff710f83a0ff025,28,0.6156880917341799,decision_function,,93d3892b158c35eccfadc27c879754db69ea5293782492ee5d4ff01a33bff983
S1,W2-70efa2342d49aa5a090e5ca4,BASE_TRAIN,4,0,LG-N1-fe497ccc94f4f37a884ea495,13,-1.1976776662473587,decision_function,,93d3892b158c35eccfadc27c879754db69ea5293782492ee5d4ff01a33bff983
S1,W2-710651a3fad28c5c9de1fe15,BASE_TRAIN,4,0,LG-N1-371eec2588a12f8807493d67,18,-0.13701406889702664,decision_function,,93d3892b158c35eccfadc27c879754db69ea5293782492ee5d4ff01a33bff983
S1,W2-710a53a632553cad1e2e8c76,BASE_TRAIN,0,0,LG-N1-332c55b10025aa5d089baeb3,21,0.024336245570970194,decision_function,,93d3892b158c35eccfadc27c879754db69ea5293782492ee5d4ff01a33bff983
S1,W2-712fdb90f27ecc736c57db8c,BASE_TRAIN,3,0,LG-N1-390d28c01f664f0f18524de8,7,-0.8159080671048822,decision_function,,93d3892b158c35eccfadc27c879754db69ea5293782492ee5d4ff01a33bff983
S1,W2-7143f2fd17769ceef3b31550,BASE_TRAIN,3,0,LG-N1-446742adc6b205d6ebe4fd77,16,1.055295807661294,decision_function,,93d3892b158c35eccfadc27c879754db69ea5293782492ee5d4ff01a33bff983
S1,W2-714d5b5d7c4d4fcf49ab1ffd,BASE_TRAIN,2,0,LG-N1-3c464fe723a8e45c753be552,12,-1.875722367389362,decision_function,,93d3892b158c35eccfadc27c879754db69ea5293782492ee5d4ff01a33bff983
S1,W2-71afa45b2ed040a57481d277,BASE_TRAIN,3,0,LG-N1-bdff6229467deb396dd825c2,12,-1.2082620886924444,decision_function,,93d3892b158c35eccfadc27c879754db69ea5293782492ee5d4ff01a33bff983
S1,W2-720c0071f3c315aa0c69595b,BASE_TRAIN,0,0,LG-N1-a43a6c672bcc1cce793e2d1b,39,1.3097128542904186,decision_function,,93d3892b158c35eccfadc27c879754db69ea5293782492ee5d4ff01a33bff983
S1,W2-726811876849ed6dab00c9a3,BASE_TRAIN,1,0,LG-N1-ea1285d51ece3f5f0226ecd6,25,0.6145931407752873,decision_function,,93d3892b158c35eccfadc27c879754db69ea5293782492ee5d4ff01a33bff983
S1,W2-728a49c015c3503d212011fd,BASE_TRAIN,4,0,LG-N1-57a8979058c6c96600cb4269,13,-1.2583767715937433,decision_function,,93d3892b158c35eccfadc27c879754db69ea5293782492ee5d4ff01a33bff983
S1,W2-72a8dd14024fc0be494dfd79,BASE_TRAIN,1,0,LG-N1-d0018ae9beff212697eb7b31,11,-0.8952189681260065,decision_function,,93d3892b158c35eccfadc27c879754db69ea5293782492ee5d4ff01a33bff983
S1,W2-72aaa78cd4b011e798c7aee0,BASE_TRAIN,3,1,LG-N1-a059568ed9e5a92b3a8013a4,227,0.8612558793835767,decision_function,,93d3892b158c35eccfadc27c879754db69ea5293782492ee5d4ff01a33bff983
S1,W2-72c84e9a95a7c189d5c25a52,BASE_TRAIN,3,0,LG-N1-fc0a9eb19efa2240fef974d0,15,-0.8439937846677668,decision_function,,93d3892b158c35eccfadc27c879754db69ea5293782492ee5d4ff01a33bff983
S1,W2-72ee9066ed033cc0f05ed6fe,BASE_TRAIN,0,0,LG-N1-bb92342768cf234ee4417b38,5,-1.1187870195432401,decision_function,,93d3892b158c35eccfadc27c879754db69ea5293782492ee5d4ff01a33bff983
S1,W2-72f483b3d2ab71578f905f92,BASE_TRAIN,0,0,LG-N1-018454e3a4a878f612b87e80,18,0.44055992210414613,decision_function,,93d3892b158c35eccfadc27c879754db69ea5293782492ee5d4ff01a33bff983
S1,W2-73393d2cc2cdb038bdea8214,BASE_TRAIN,1,0,LG-N1-800d6fd82823a76ceec7b12e,17,0.2541818081561277,decision_function,,93d3892b158c35eccfadc27c879754db69ea5293782492ee5d4ff01a33bff983
S1,W2-737bd03c73ce4ce6b955c231,BASE_TRAIN,1,0,LG-N1-25c4ceacf599142356efb6f5,8,-1.220136984227095,decision_function,,93d3892b158c35eccfadc27c879754db69ea5293782492ee5d4ff01a33bff983
S1,W2-73b70bd08567510a7a14251b,BASE_TRAIN,3,0,LG-N1-1bb6aa89908c1cf4dbde3723,34,-0.4843829713980938,decision_function,,93d3892b158c35eccfadc27c879754db69ea5293782492ee5d4ff01a33bff983
S1,W2-73bb112743790bc230d4cf6a,BASE_TRAIN,3,0,LG-N1-7c7e0aebb90c4f68c3f7c494,8,-1.1111679810717765,decision_function,,93d3892b158c35eccfadc27c879754db69ea5293782492ee5d4ff01a33bff983
S1,W2-73d5295513c7cc10048dda2b,BASE_TRAIN,1,0,LG-N1-1060de18e9e21aef462f2c44,12,-0.8680813521365703,decision_function,,93d3892b158c35eccfadc27c879754db69ea5293782492ee5d4ff01a33bff983
S1,W2-740ea05429eecdb991c439aa,BASE_TRAIN,0,0,LG-N1-0f52b39c2a46b39b66b374da,9,-1.6430144703907172,decision_function,,93d3892b158c35eccfadc27c879754db69ea5293782492ee5d4ff01a33bff983
S1,W2-743de9a80508b876a1c573ca,BASE_TRAIN,3,0,LG-N1-fb84c2d4a7ecd6d4dc782451,11,-1.3994867982492565,decision_function,,93d3892b158c35eccfadc27c879754db69ea5293782492ee5d4ff01a33bff983
S1,W2-744be1531acf08a7b1cf6f03,BASE_TRAIN,4,0,LG-N1-a97d4682371a643a84b80ed6,6,-0.8545848044919129,decision_function,,93d3892b158c35eccfadc27c879754db69ea5293782492ee5d4ff01a33bff983
S1,W2-744fad551ac36d8dcd4d3d94,BASE_TRAIN,3,0,LG-N1-e9eadbbdc84ce79ca544f0f1,13,-1.2756173296574267,decision_function,,93d3892b158c35eccfadc27c879754db69ea5293782492ee5d4ff01a33bff983
S1,W2-749e894f91486e79b57cec95,BASE_TRAIN,3,0,LG-N1-aa23107f86b7a1f99eb7265b,6,-1.1296973330244275,decision_function,,93d3892b158c35eccfadc27c879754db69ea5293782492ee5d4ff01a33bff983
S1,W2-74b3fa49d186d3c185b3dd1c,BASE_TRAIN,1,0,LG-N1-f219ba136d9c9df23e1ff104,50,-0.05404760620073856,decision_function,,93d3892b158c35eccfadc27c879754db69ea5293782492ee5d4ff01a33bff983
S1,W2-74f04de7ef0c07509aaff7bd,BASE_TRAIN,4,0,LG-N1-9d6373f1d5c1acd1fcfdedc2,9,-1.3832980382101352,decision_function,,93d3892b158c35eccfadc27c879754db69ea5293782492ee5d4ff01a33bff983
S1,W2-756727b7ebefd07f4c715ad6,BASE_TRAIN,1,0,LG-N1-fa7a1b43dfab49c868bdd110,11,-1.308869083413565,decision_function,,93d3892b158c35eccfadc27c879754db69ea5293782492ee5d4ff01a33bff983
S1,W2-75798e4e1d4fb1a4e9387ed3,BASE_TRAIN,4,1,LG-N1-e5d5204195ece444f0950ff1,90,1.3554854768036932,decision_function,,93d3892b158c35eccfadc27c879754db69ea5293782492ee5d4ff01a33bff983
S1,W2-759aab22c37323c4536a2a7a,BASE_TRAIN,1,0,LG-N1-5931d56b9118ba01869ceaa3,9,-1.3817573230527054,decision_function,,93d3892b158c35eccfadc27c879754db69ea5293782492ee5d4ff01a33bff983
S1,W2-75af6c1f5081c925531ef061,BASE_TRAIN,3,0,LG-N1-568169436036b8d9af6ed55b,19,0.540513951832974,decision_function,,93d3892b158c35eccfadc27c879754db69ea5293782492ee5d4ff01a33bff983
S1,W2-75ba89f42105d8a24a370f2b,BASE_TRAIN,2,0,LG-N1-d6ee5faab569bb58c3bcd289,9,-1.3625499191589974,decision_function,,93d3892b158c35eccfadc27c879754db69ea5293782492ee5d4ff01a33bff983
S1,W2-75f07ac48f137baa7bd69f2b,BASE_TRAIN,3,0,LG-N1-85335f13122ad41d10628f0f,9,-1.1823163911064283,decision_function,,93d3892b158c35eccfadc27c879754db69ea5293782492ee5d4ff01a33bff983
S1,W2-75f21b6cce53fa485216eea6,BASE_TRAIN,3,0,LG-N1-78379141fb60f9bb740d2103,20,0.13491547103853369,decision_function,,93d3892b158c35eccfadc27c879754db69ea5293782492ee5d4ff01a33bff983
S1,W2-7615d99f8c83dfe304d1a94f,BASE_TRAIN,1,0,LG-N1-717731c87c63baf398ddb1d7,9,-1.3564558253103711,decision_function,,93d3892b158c35eccfadc27c879754db69ea5293782492ee5d4ff01a33bff983
S1,W2-76509e35d6ab2572839e6ea3,BASE_TRAIN,3,1,LG-N1-785401ee0e3e10019941ff1d,40,-0.11609560482249418,decision_function,,93d3892b158c35eccfadc27c879754db69ea5293782492ee5d4ff01a33bff983
S1,W2-765b5ac723afb2e3ed406404,BASE_TRAIN,1,0,LG-N1-91daa100f267750748b4cf36,18,-0.0866094741243425,decision_function,,93d3892b158c35eccfadc27c879754db69ea5293782492ee5d4ff01a33bff983
S1,W2-76807bca79a8e8ff1a60fc25,BASE_TRAIN,4,0,LG-N1-16863fb4cc96cdad805f4378,8,-1.2366589897921396,decision_function,,93d3892b158c35eccfadc27c879754db69ea5293782492ee5d4ff01a33bff983
S1,W2-76954916fe7c03102ddcbeb3,BASE_TRAIN,0,0,LG-N1-37aadf05d34021055bf0c8b1,46,1.0638262377191117,decision_function,,93d3892b158c35eccfadc27c879754db69ea5293782492ee5d4ff01a33bff983
S1,W2-76b694dee1669f5f5a50d2dc,BASE_TRAIN,2,0,LG-N1-a5ab8710b58b0ee074127d4a,8,-1.6033146729527439,decision_function,,93d3892b158c35eccfadc27c879754db69ea5293782492ee5d4ff01a33bff983
S1,W2-76d087928d7ec353197825e5,BASE_TRAIN,1,0,LG-N1-e538a4d77486cab3edd325b4,14,-1.0968196950602644,decision_function,,93d3892b158c35eccfadc27c879754db69ea5293782492ee5d4ff01a33bff983
S1,W2-775147afff12da9725651830,BASE_TRAIN,2,0,LG-N1-cd00445fe4ba5f75bde3cdff,5,-1.1153415081527027,decision_function,,93d3892b158c35eccfadc27c879754db69ea5293782492ee5d4ff01a33bff983
S1,W2-77516dded1231c0bb3400cf1,BASE_TRAIN,3,0,LG-N1-e6606a36b278b4bf065aebb2,13,-0.9454041506888553,decision_function,,93d3892b158c35eccfadc27c879754db69ea5293782492ee5d4ff01a33bff983
S1,W2-77708d7c69eb376a84689af2,BASE_TRAIN,0,0,LG-N1-9eff2502a5ea150f38bb5bce,20,-0.005870813041813638,decision_function,,93d3892b158c35eccfadc27c879754db69ea5293782492ee5d4ff01a33bff983
S1,W2-779db47e539765ff0d82a679,BASE_TRAIN,4,0,LG-N1-57ff06a2137793036bc7b7bb,12,-0.5266043988327973,decision_function,,93d3892b158c35eccfadc27c879754db69ea5293782492ee5d4ff01a33bff983
S1,W2-77b1584a7082aaee8d9fcea8,BASE_TRAIN,1,0,LG-N1-cd61bf0cc67fc2233111c911,5,-1.8425282602691904,decision_function,,93d3892b158c35eccfadc27c879754db69ea5293782492ee5d4ff01a33bff983
S1,W2-77cf86dae187121c639f9238,BASE_TRAIN,1,1,LG-N1-5a92a13ce02b50595c6233b7,23,-0.6223836813954157,decision_function,,93d3892b158c35eccfadc27c879754db69ea5293782492ee5d4ff01a33bff983
S1,W2-77f1b4c6179676f355eac8b8,BASE_TRAIN,0,0,LG-N1-28e71f5cf1a9a86d40120262,11,-0.7874482734211847,decision_function,,93d3892b158c35eccfadc27c879754db69ea5293782492ee5d4ff01a33bff983
S1,W2-77f3f9551fad421171575d9b,BASE_TRAIN,1,0,LG-N1-00bc88bd6b95793621f5ed5a,13,-1.169991999981626,decision_function,,93d3892b158c35eccfadc27c879754db69ea5293782492ee5d4ff01a33bff983
S1,W2-7807a4d0d91e232c8ea3b1c5,BASE_TRAIN,0,0,LG-N1-9e377a460bca6fbd4d507981,10,-1.4377041944310132,decision_function,,93d3892b158c35eccfadc27c879754db69ea5293782492ee5d4ff01a33bff983
S1,W2-78104621dd4e65712186060b,BASE_TRAIN,4,0,LG-N1-863e90680bd06c9088606ec6,5,-0.6179328527493654,decision_function,,93d3892b158c35eccfadc27c879754db69ea5293782492ee5d4ff01a33bff983
S1,W2-787378a39a77ad238498edfa,BASE_TRAIN,4,1,LG-N1-4453c5a8ad7ed2745323886c,40,1.6655349567268898,decision_function,,93d3892b158c35eccfadc27c879754db69ea5293782492ee5d4ff01a33bff983
S1,W2-793302408f1f4ede1c5f817d,BASE_TRAIN,3,0,LG-N1-3dc1b15d4f81fa1c884e7400,15,-1.1465476015081146,decision_function,,93d3892b158c35eccfadc27c879754db69ea5293782492ee5d4ff01a33bff983
S1,W2-795b3d75687bb43498dc8ece,BASE_TRAIN,1,0,LG-N1-ccc852c48e323b7847469a42,12,-0.8657650681044412,decision_function,,93d3892b158c35eccfadc27c879754db69ea5293782492ee5d4ff01a33bff983
S1,W2-79a70ed9a510c742e2ebeac1,BASE_TRAIN,4,0,LG-N1-c28f1349dc207b8ecab505a4,16,-0.2800675153673685,decision_function,,93d3892b158c35eccfadc27c879754db69ea5293782492ee5d4ff01a33bff983
S1,W2-79d256120ed5cacd26df9d40,BASE_TRAIN,2,0,LG-N1-2b9f5cb87dac59a76a8d0788,12,-0.9183106485864778,decision_function,,93d3892b158c35eccfadc27c879754db69ea5293782492ee5d4ff01a33bff983
S1,W2-79f45c53f0cfe86bff04d558,BASE_TRAIN,0,0,LG-N1-0740791dff2e69bb0177c454,9,-1.2400022857570323,decision_function,,93d3892b158c35eccfadc27c879754db69ea5293782492ee5d4ff01a33bff983
S1,W2-7a313b016eb95c573fcb7d6b,BASE_TRAIN,3,0,LG-N1-42a9e55639f5428257e95415,11,-0.975566831391188,decision_function,,93d3892b158c35eccfadc27c879754db69ea5293782492ee5d4ff01a33bff983
S1,W2-7a79d8945f971068ba81a044,BASE_TRAIN,4,0,LG-N1-cf759ad2e6b7e1d7e0902386,11,-1.0545823539823926,decision_function,,93d3892b158c35eccfadc27c879754db69ea5293782492ee5d4ff01a33bff983
S1,W2-7aa5f58a7362489a263e03b3,BASE_TRAIN,3,0,LG-N1-a2bb513e4a3d5a13680feb22,10,-0.9273443673550008,decision_function,,93d3892b158c35eccfadc27c879754db69ea5293782492ee5d4ff01a33bff983
S1,W2-7ac6da4dc2ebc5a90c0fe37c,BASE_TRAIN,2,0,LG-N1-afacda140aca63a2cd6ae5c2,24,-0.18310252724023843,decision_function,,93d3892b158c35eccfadc27c879754db69ea5293782492ee5d4ff01a33bff983
S1,W2-7ad304d7a7bb1c8df8f66bcf,BASE_TRAIN,1,0,LG-N1-56c409f6948dca75f4c0c891,12,-0.958655918711317,decision_function,,93d3892b158c35eccfadc27c879754db69ea5293782492ee5d4ff01a33bff983
S1,W2-7af0b4672a5e9ee9131bb3dc,BASE_TRAIN,1,0,LG-N1-47a4e47c7b3a3925e29274db,17,-0.24520143051892151,decision_function,,93d3892b158c35eccfadc27c879754db69ea5293782492ee5d4ff01a33bff983
S1,W2-7b1b43b4bacb9bb3630b2827,BASE_TRAIN,2,0,LG-N1-3d50986a25c494e77a8f81d2,14,-1.400404534725057,decision_function,,93d3892b158c35eccfadc27c879754db69ea5293782492ee5d4ff01a33bff983
S1,W2-7bfc7bb34fa3ac0a64b32c90,BASE_TRAIN,1,0,LG-N1-512292c1e247d3a672991d50,5,-1.267578742364531,decision_function,,93d3892b158c35eccfadc27c879754db69ea5293782492ee5d4ff01a33bff983
S1,W2-7c0fda5d27b39d10dfe76fef,BASE_TRAIN,3,0,LG-N1-0e5fd002b2e20ddecc6e9919,8,-1.4959283491391002,decision_function,,93d3892b158c35eccfadc27c879754db69ea5293782492ee5d4ff01a33bff983
S1,W2-7c19bfe54884f154f13a65b4,BASE_TRAIN,1,0,LG-N1-3b66562078d3aa44a98cc9bc,9,-1.4482748543963253,decision_function,,93d3892b158c35eccfadc27c879754db69ea5293782492ee5d4ff01a33bff983
S1,W2-7c4feff8d1592011862a7ca5,BASE_TRAIN,3,0,LG-N1-07e3964973f4330dd9da3d2d,7,-1.2840343609540243,decision_function,,93d3892b158c35eccfadc27c879754db69ea5293782492ee5d4ff01a33bff983
S1,W2-7c8bce411d0f35fc0e1638e8,BASE_TRAIN,2,0,LG-N1-bcbf34b8e2b39dac4cdcfbe3,26,0.1541053428457251,decision_function,,93d3892b158c35eccfadc27c879754db69ea5293782492ee5d4ff01a33bff983
S1,W2-7cb01bcd9c663baf83595ff2,BASE_TRAIN,0,0,LG-N1-c896b70fc1bd807371f85b2a,7,-1.2787779726830402,decision_function,,93d3892b158c35eccfadc27c879754db69ea5293782492ee5d4ff01a33bff983
S1,W2-7d1d7b6db5c940db8b2100ee,BASE_TRAIN,2,0,LG-N1-ae0496af40b3c3baf0a34b86,8,-0.8808316220623454,decision_function,,93d3892b158c35eccfadc27c879754db69ea5293782492ee5d4ff01a33bff983
S1,W2-7db1b51e06d257bfba8952dd,BASE_TRAIN,0,0,LG-N1-706ac09abeea516f95ad53a5,13,-1.0710546326491217,decision_function,,93d3892b158c35eccfadc27c879754db69ea5293782492ee5d4ff01a33bff983
S1,W2-7e1fd625816e3f5d39bf1aae,BASE_TRAIN,3,0,LG-N1-e7e97ebc3e99b031bfa8d8c5,97,0.569410044645178,decision_function,,93d3892b158c35eccfadc27c879754db69ea5293782492ee5d4ff01a33bff983
S1,W2-7e2754866560623a1b16a2a6,BASE_TRAIN,2,0,LG-N1-47fa47b6a79c75186612ed9b,10,-1.2196847280296592,decision_function,,93d3892b158c35eccfadc27c879754db69ea5293782492ee5d4ff01a33bff983
S1,W2-7e2dd5ac0d6352bbc7845227,BASE_TRAIN,1,0,LG-N1-12095b288c3d0be3451db1bb,23,-0.7592670628825401,decision_function,,93d3892b158c35eccfadc27c879754db69ea5293782492ee5d4ff01a33bff983
S1,W2-7ec594b6703befbcc08c04fb,BASE_TRAIN,2,0,LG-N1-c2bed0db6aeead3b76941130,13,-1.41397519549567,decision_function,,93d3892b158c35eccfadc27c879754db69ea5293782492ee5d4ff01a33bff983
S1,W2-7ef697141e58bb6f33738c07,BASE_TRAIN,3,0,LG-N1-95e3579f968e0c4b915a78f5,6,-1.35223968055836,decision_function,,93d3892b158c35eccfadc27c879754db69ea5293782492ee5d4ff01a33bff983
S1,W2-7f2eeb24bc5180caeff00985,BASE_TRAIN,2,1,LG-N1-efb768565b14a591ad42c078,71,1.7143377327199003,decision_function,,93d3892b158c35eccfadc27c879754db69ea5293782492ee5d4ff01a33bff983
S1,W2-7f3c2832ab1194a683b4ce2b,BASE_TRAIN,2,0,LG-N1-bbb6cc29a9d8c9404473928c,19,-1.0731427772397326,decision_function,,93d3892b158c35eccfadc27c879754db69ea5293782492ee5d4ff01a33bff983
S1,W2-7f63db8c4fb59a56aa776579,BASE_TRAIN,4,0,LG-N1-5cda405fe86cc434aaa5fcf1,13,-1.1420308671151327,decision_function,,93d3892b158c35eccfadc27c879754db69ea5293782492ee5d4ff01a33bff983
S1,W2-7fc016ba79dff566d6aeb2ba,BASE_TRAIN,0,0,LG-N1-1d1eb040a97452b6a5c98e26,10,-1.273879464873902,decision_function,,93d3892b158c35eccfadc27c879754db69ea5293782492ee5d4ff01a33bff983
S1,W2-7fc5a8887ee2ac8875e8d329,BASE_TRAIN,0,0,LG-N1-f9a0c6d934c9e67d3cb72194,8,-1.549505922050804,decision_function,,93d3892b158c35eccfadc27c879754db69ea5293782492ee5d4ff01a33bff983
S1,W2-7fc60b3fd4a461a17519eb20,BASE_TRAIN,2,0,LG-N1-137cbfac9bf0c6804d54e26b,13,-1.062340737777964,decision_function,,93d3892b158c35eccfadc27c879754db69ea5293782492ee5d4ff01a33bff983
S1,W2-8018e84d1b0cbe2654598e94,BASE_TRAIN,2,1,LG-N1-61712da3e1221f659af25437,63,1.227974576568036,decision_function,,93d3892b158c35eccfadc27c879754db69ea5293782492ee5d4ff01a33bff983
S1,W2-805d39d74af0ea5b2434c65b,BASE_TRAIN,0,1,LG-N1-98a6343c838ee496231e075f,51,1.741377011303316,decision_function,,93d3892b158c35eccfadc27c879754db69ea5293782492ee5d4ff01a33bff983
S1,W2-808bf1cc5fe9166513dd5ad0,BASE_TRAIN,3,0,LG-N1-1684c3b4469e6c86af630817,7,-1.3995155977475957,decision_function,,93d3892b158c35eccfadc27c879754db69ea5293782492ee5d4ff01a33bff983
S1,W2-80dbbda3b79ecdd5684840a4,BASE_TRAIN,3,0,LG-N1-77f04929bbd8165c3b4ec978,5,-1.1245496180701535,decision_function,,93d3892b158c35eccfadc27c879754db69ea5293782492ee5d4ff01a33bff983
S1,W2-816fd218a8e39bdf0aa4d1c7,BASE_TRAIN,4,0,LG-N1-8f211a0a05262dcf5d553403,12,-1.246899519527365,decision_function,,93d3892b158c35eccfadc27c879754db69ea5293782492ee5d4ff01a33bff983
S1,W2-8176bee65f806eb890fb169d,BASE_TRAIN,2,1,LG-N1-03e9799e7da15bd65a03b565,81,1.9405125143798685,decision_function,,93d3892b158c35eccfadc27c879754db69ea5293782492ee5d4ff01a33bff983
S1,W2-81dddee620facf2589ad1c15,BASE_TRAIN,0,0,LG-N1-ee8e5c57e1ed60baa609bb10,9,-1.1991254392543556,decision_function,,93d3892b158c35eccfadc27c879754db69ea5293782492ee5d4ff01a33bff983
S1,W2-823b0c47663571728ec316b0,BASE_TRAIN,3,0,LG-N1-22d4dc1c8129194e7cccfddc,12,-1.2267266858583823,decision_function,,93d3892b158c35eccfadc27c879754db69ea5293782492ee5d4ff01a33bff983
S1,W2-82710ccd54f7f874d7b1bf5a,BASE_TRAIN,1,0,LG-N1-7c51c9b4e2fe52f66a5be23a,20,0.31104191427080796,decision_function,,93d3892b158c35eccfadc27c879754db69ea5293782492ee5d4ff01a33bff983
S1,W2-82ba14c4f25e7b11be1b3c58,BASE_TRAIN,1,1,LG-N1-d80275ff32e22b421c9992dc,42,1.3842445192993873,decision_function,,93d3892b158c35eccfadc27c879754db69ea5293782492ee5d4ff01a33bff983
S1,W2-82f9f10062c8f64159a8ec2e,BASE_TRAIN,2,1,LG-N1-89a3dcd6c9d82361d396cb14,81,1.5776368207824407,decision_function,,93d3892b158c35eccfadc27c879754db69ea5293782492ee5d4ff01a33bff983
S1,W2-83057ef81a6622e7970022ff,BASE_TRAIN,3,1,LG-N1-9d97266f520c9969adf839a5,50,1.0817594149107161,decision_function,,93d3892b158c35eccfadc27c879754db69ea5293782492ee5d4ff01a33bff983
S1,W2-832ef9511005d57a483c9cff,BASE_TRAIN,4,0,LG-N1-d307e7fce1541e26399ea697,5,-1.411624536197447,decision_function,,93d3892b158c35eccfadc27c879754db69ea5293782492ee5d4ff01a33bff983
S1,W2-836cd945524bd548a2bd99c8,BASE_TRAIN,0,0,LG-N1-94ca873c3fb3a625e6fc10a7,6,-0.9094097208377545,decision_function,,93d3892b158c35eccfadc27c879754db69ea5293782492ee5d4ff01a33bff983
S1,W2-83aa65a029e943e73dfbf66d,BASE_TRAIN,1,0,LG-N1-e31a02055933846861f2cf1a,15,-0.8161950405923697,decision_function,,93d3892b158c35eccfadc27c879754db69ea5293782492ee5d4ff01a33bff983
S1,W2-83ad688bf148919fe9370c15,BASE_TRAIN,4,1,LG-N1-8f3c452d663ccadb891dde75,65,1.1908185830549674,decision_function,,93d3892b158c35eccfadc27c879754db69ea5293782492ee5d4ff01a33bff983
S1,W2-84de239e2a85a30808fbac28,BASE_TRAIN,1,0,LG-N1-5d11200888edc503de1c4ad1,11,-1.1536210877391464,decision_function,,93d3892b158c35eccfadc27c879754db69ea5293782492ee5d4ff01a33bff983
S1,W2-8584f33c857af557f079cec8,BASE_TRAIN,4,0,LG-N1-3ce4828fbc9466ee40be36da,11,-1.1463963590649349,decision_function,,93d3892b158c35eccfadc27c879754db69ea5293782492ee5d4ff01a33bff983
S1,W2-858fc7ebcab06a774fb6344f,BASE_TRAIN,3,0,LG-N1-748dfe2cc6fa76de66646486,16,-0.06132678684268761,decision_function,,93d3892b158c35eccfadc27c879754db69ea5293782492ee5d4ff01a33bff983
S1,W2-85d5964d969c4e0e9fef7394,BASE_TRAIN,0,0,LG-N1-b068fabce41022981d8d0cbd,9,-1.3928536650236922,decision_function,,93d3892b158c35eccfadc27c879754db69ea5293782492ee5d4ff01a33bff983
S1,W2-86535662474c3fdaf37c7097,BASE_TRAIN,0,0,LG-N1-fc6325e1f0dd3d4537c9e08b,14,-1.1159755694811886,decision_function,,93d3892b158c35eccfadc27c879754db69ea5293782492ee5d4ff01a33bff983
S1,W2-8698a69641cf06fbcc9cfa21,BASE_TRAIN,3,0,LG-N1-2ec97b16009f941cda7d76d1,15,-1.206620139855461,decision_function,,93d3892b158c35eccfadc27c879754db69ea5293782492ee5d4ff01a33bff983
S1,W2-8755f94ca3d06cbb3833b1cb,BASE_TRAIN,3,0,LG-N1-53bb0af40e12e2b946a741fb,14,-1.175991867229307,decision_function,,93d3892b158c35eccfadc27c879754db69ea5293782492ee5d4ff01a33bff983
S1,W2-87cffe828477c1adfecca1b5,BASE_TRAIN,4,0,LG-N1-d396876b2648a64e9a125adb,6,-0.9875850554306921,decision_function,,93d3892b158c35eccfadc27c879754db69ea5293782492ee5d4ff01a33bff983
S1,W2-87d85a4408f2b6411017789a,BASE_TRAIN,4,0,LG-N1-d6b575bce07c3b8548a83b2c,16,0.4298776506703065,decision_function,,93d3892b158c35eccfadc27c879754db69ea5293782492ee5d4ff01a33bff983
S1,W2-87d8cfaaae67aa88b7466995,BASE_TRAIN,1,0,LG-N1-91b5524d32e5d0c1e7994f1b,34,0.09272753894037178,decision_function,,93d3892b158c35eccfadc27c879754db69ea5293782492ee5d4ff01a33bff983
S1,W2-883ff0662bff7325a13bcdf5,BASE_TRAIN,1,0,LG-N1-318f903a83b4d30d1bea59e2,7,-1.0628735185455025,decision_function,,93d3892b158c35eccfadc27c879754db69ea5293782492ee5d4ff01a33bff983
S1,W2-8864a9e78d0d9e61e36e33d2,BASE_TRAIN,3,0,LG-N1-98232efe8cc05b748b5ab619,9,-1.3747961223729994,decision_function,,93d3892b158c35eccfadc27c879754db69ea5293782492ee5d4ff01a33bff983
S1,W2-886faf827950b5b3d105c00c,BASE_TRAIN,3,0,LG-N1-e2e687cb317f6630cc0c56c5,11,-1.080396625302275,decision_function,,93d3892b158c35eccfadc27c879754db69ea5293782492ee5d4ff01a33bff983
S1,W2-88e46c8f6644b0c76184613c,BASE_TRAIN,3,0,LG-N1-32b0bc21410dedfd09047df5,11,-0.5530164137307805,decision_function,,93d3892b158c35eccfadc27c879754db69ea5293782492ee5d4ff01a33bff983
S1,W2-894b02d1d4d2ee25e2863bed,BASE_TRAIN,3,0,LG-N1-c0ad4c9540530c1d08c65d71,4,-0.3433146307719365,decision_function,,93d3892b158c35eccfadc27c879754db69ea5293782492ee5d4ff01a33bff983
S1,W2-895c82b8380970b81ad5ffc3,BASE_TRAIN,0,1,LG-N1-99596017761772e56cacef66,24,1.46365231010052,decision_function,,93d3892b158c35eccfadc27c879754db69ea5293782492ee5d4ff01a33bff983
S1,W2-8a12abb6e178de94d1551767,BASE_TRAIN,0,0,LG-N1-ea91201403dcce460920c4ba,18,0.4785467252704186,decision_function,,93d3892b158c35eccfadc27c879754db69ea5293782492ee5d4ff01a33bff983
S1,W2-8a24cb0d9415068853843da8,BASE_TRAIN,0,0,LG-N1-de6b960ac51ffc9b396c3adb,10,-1.059960823195464,decision_function,,93d3892b158c35eccfadc27c879754db69ea5293782492ee5d4ff01a33bff983
S1,W2-8a35b69acc2debff37ece053,BASE_TRAIN,3,0,LG-N1-0f55c452ef749123be742840,11,-1.1263329852538442,decision_function,,93d3892b158c35eccfadc27c879754db69ea5293782492ee5d4ff01a33bff983
S1,W2-8a4974297c48bddaadb82388,BASE_TRAIN,3,0,LG-N1-abfe1d837cbb0ecef181c152,42,0.5057421344800588,decision_function,,93d3892b158c35eccfadc27c879754db69ea5293782492ee5d4ff01a33bff983
S1,W2-8ac4965fddc0a84d8a6ecf55,BASE_TRAIN,4,1,LG-N1-3f92130ee2a708cb5465c5eb,70,1.089057817966646,decision_function,,93d3892b158c35eccfadc27c879754db69ea5293782492ee5d4ff01a33bff983
S1,W2-8aeaefea5201777dfe01ba89,BASE_TRAIN,2,0,LG-N1-b7bbe5009e1b27fd72164611,9,-1.2232151389559978,decision_function,,93d3892b158c35eccfadc27c879754db69ea5293782492ee5d4ff01a33bff983
S1,W2-8b200eac8130b41c96df6431,BASE_TRAIN,0,0,LG-N1-03a38854a142fc6b0a936437,15,-0.7970948339045529,decision_function,,93d3892b158c35eccfadc27c879754db69ea5293782492ee5d4ff01a33bff983
S1,W2-8b214c1a01d55b0079640730,BASE_TRAIN,0,0,LG-N1-c0b192596b68bfe4220a2d3e,13,-1.09033207089861,decision_function,,93d3892b158c35eccfadc27c879754db69ea5293782492ee5d4ff01a33bff983
S1,W2-8b8a643487e2d4f0767af622,BASE_TRAIN,4,0,LG-N1-8324763271df011a690ca0a9,10,-1.199062853060676,decision_function,,93d3892b158c35eccfadc27c879754db69ea5293782492ee5d4ff01a33bff983
S1,W2-8b9ab632536c36a89b6c98db,BASE_TRAIN,1,0,LG-N1-12905855b7c42cfde76a9e18,9,-1.0099136139040086,decision_function,,93d3892b158c35eccfadc27c879754db69ea5293782492ee5d4ff01a33bff983
S1,W2-8ba08b7fae96ca2859b31bba,BASE_TRAIN,0,0,LG-N1-185e8c9b462a98974d41bc2e,14,-0.8271221578032266,decision_function,,93d3892b158c35eccfadc27c879754db69ea5293782492ee5d4ff01a33bff983
S1,W2-8be5f1563dc4b1783229acdc,BASE_TRAIN,3,0,LG-N1-2620ade83f1e7934f885b18e,10,-1.449690903659847,decision_function,,93d3892b158c35eccfadc27c879754db69ea5293782492ee5d4ff01a33bff983
S1,W2-8bf0f5f15250d45a2be5d50d,BASE_TRAIN,1,0,LG-N1-f740dcb1095ed5f88ea8a7f1,15,-1.0276449186073715,decision_function,,93d3892b158c35eccfadc27c879754db69ea5293782492ee5d4ff01a33bff983
S1,W2-8bf3417e9a01fc93b623985a,BASE_TRAIN,2,0,LG-N1-841e3177224f3d6f1ceabc00,10,-0.9016977378186573,decision_function,,93d3892b158c35eccfadc27c879754db69ea5293782492ee5d4ff01a33bff983
S1,W2-8c09d9de2c14db1d3f034c2c,BASE_TRAIN,4,0,LG-N1-12608dcf3a280382e775aea2,11,-1.3212643246216553,decision_function,,93d3892b158c35eccfadc27c879754db69ea5293782492ee5d4ff01a33bff983
S1,W2-8c3297cc9fe8757badeaae16,BASE_TRAIN,1,0,LG-N1-59ca3d77f0eb62c597071c49,11,-1.0368760853983092,decision_function,,93d3892b158c35eccfadc27c879754db69ea5293782492ee5d4ff01a33bff983
S1,W2-8c59054fa4891b95d3f4f8df,BASE_TRAIN,2,0,LG-N1-94fbb2a7a2940b6f58998456,10,-1.5100477444871714,decision_function,,93d3892b158c35eccfadc27c879754db69ea5293782492ee5d4ff01a33bff983
S1,W2-8d785c8e86beca31cd070002,BASE_TRAIN,2,0,LG-N1-3382814614e4fd8efc5d0beb,5,-1.1033657986331344,decision_function,,93d3892b158c35eccfadc27c879754db69ea5293782492ee5d4ff01a33bff983
S1,W2-8d7f31397b79a7c1c414844d,BASE_TRAIN,1,0,LG-N1-dec6e756070de2be1b2c360d,11,-0.826706863372833,decision_function,,93d3892b158c35eccfadc27c879754db69ea5293782492ee5d4ff01a33bff983
S1,W2-8defcb6c400e42ffe4b0ab72,BASE_TRAIN,2,0,LG-N1-2cdc1d43624615d3cc10ad23,11,-1.616054514385998,decision_function,,93d3892b158c35eccfadc27c879754db69ea5293782492ee5d4ff01a33bff983
S1,W2-8e247b85d94c7374bea1dae2,BASE_TRAIN,3,0,LG-N1-ee90f23b0e97235cc6509017,13,-0.6831259833691143,decision_function,,93d3892b158c35eccfadc27c879754db69ea5293782492ee5d4ff01a33bff983
S1,W2-8ef00ca222daa8700d8b9fc4,BASE_TRAIN,1,0,LG-N1-a1bd6bad18b23182413f6bea,22,0.0062194874711428705,decision_function,,93d3892b158c35eccfadc27c879754db69ea5293782492ee5d4ff01a33bff983
S1,W2-8fab5f9a38c70a5379cd0166,BASE_TRAIN,3,0,LG-N1-dc0e2a9d32cb745c30f042a7,14,-0.9508464425099705,decision_function,,93d3892b158c35eccfadc27c879754db69ea5293782492ee5d4ff01a33bff983
S1,W2-8ffdf9007b8e6d525982d64d,BASE_TRAIN,4,0,LG-N1-9eac68e26ba3edb55f13974f,18,-1.2103335552121874,decision_function,,93d3892b158c35eccfadc27c879754db69ea5293782492ee5d4ff01a33bff983
S1,W2-90280c0ab83de81ccb830db8,BASE_TRAIN,4,0,LG-N1-da281d667f2afe721750e336,12,-1.1339786686903106,decision_function,,93d3892b158c35eccfadc27c879754db69ea5293782492ee5d4ff01a33bff983
S1,W2-903a3da4d6317e3374091f14,BASE_TRAIN,2,0,LG-N1-2b67b501f2c9621c49a08dd5,42,1.5545473358061543,decision_function,,93d3892b158c35eccfadc27c879754db69ea5293782492ee5d4ff01a33bff983
S1,W2-9045bab4c3ab22401aacf96b,BASE_TRAIN,4,0,LG-N1-76c4be6495976387e5f3a102,11,-0.8984212806879572,decision_function,,93d3892b158c35eccfadc27c879754db69ea5293782492ee5d4ff01a33bff983
S1,W2-909231f79ba98693948ece20,BASE_TRAIN,0,0,LG-N1-e38686780189b56465b8d79f,10,-0.8737115321093616,decision_function,,93d3892b158c35eccfadc27c879754db69ea5293782492ee5d4ff01a33bff983
S1,W2-90bf7697ce8f4959afd0c562,BASE_TRAIN,1,0,LG-N1-28a5997211c9a4b88173385b,7,-1.6189402898022003,decision_function,,93d3892b158c35eccfadc27c879754db69ea5293782492ee5d4ff01a33bff983
S1,W2-910ea0343a3d9efb3502c513,BASE_TRAIN,2,0,LG-N1-3cd0e5556822b7add035b87d,32,-0.24958483443706211,decision_function,,93d3892b158c35eccfadc27c879754db69ea5293782492ee5d4ff01a33bff983
S1,W2-91109a2780ecb17031dacd91,BASE_TRAIN,0,0,LG-N1-77a6576469c019977ab60612,16,-0.6645654603569047,decision_function,,93d3892b158c35eccfadc27c879754db69ea5293782492ee5d4ff01a33bff983
S1,W2-91e5df98467f4d1fa5e3e807,BASE_TRAIN,1,0,LG-N1-d4d9da6c54896b0a705fcfef,7,-1.4944807013814798,decision_function,,93d3892b158c35eccfadc27c879754db69ea5293782492ee5d4ff01a33bff983
S1,W2-922d0f4b8c8a164e1393a219,BASE_TRAIN,1,0,LG-N1-293b3c8b69163706851a5563,7,-1.3025206751028202,decision_function,,93d3892b158c35eccfadc27c879754db69ea5293782492ee5d4ff01a33bff983
S1,W2-9246b3c1a013d78e4ca179d4,BASE_TRAIN,1,0,LG-N1-fb5b890c4661eb0f9125d13f,7,-1.0399284896551335,decision_function,,93d3892b158c35eccfadc27c879754db69ea5293782492ee5d4ff01a33bff983
S1,W2-927a8903ba3cb39c2af47134,BASE_TRAIN,3,0,LG-N1-c73408ca4af64360f29aca87,11,-1.3422404703247457,decision_function,,93d3892b158c35eccfadc27c879754db69ea5293782492ee5d4ff01a33bff983
S1,W2-9317495a09482f983cc999b9,BASE_TRAIN,1,0,LG-N1-75f88c58e19ff6a88bad22de,12,-0.8298655119482953,decision_function,,93d3892b158c35eccfadc27c879754db69ea5293782492ee5d4ff01a33bff983
S1,W2-93301194fcc37e8f2ace062f,BASE_TRAIN,0,0,LG-N1-544f05531b77507c18b5bf58,11,-1.108431772586381,decision_function,,93d3892b158c35eccfadc27c879754db69ea5293782492ee5d4ff01a33bff983
S1,W2-9397e95fa987e0e54e54d148,BASE_TRAIN,4,0,LG-N1-1cccdb9e926e108fe9cf98c4,23,-0.8406912445516289,decision_function,,93d3892b158c35eccfadc27c879754db69ea5293782492ee5d4ff01a33bff983
S1,W2-93bb63ce9e18f2514a1776ef,BASE_TRAIN,2,0,LG-N1-abc382c5593a8104a54082c8,7,-1.9411855556816202,decision_function,,93d3892b158c35eccfadc27c879754db69ea5293782492ee5d4ff01a33bff983
S1,W2-93c12b6ae7fd453237798e9f,BASE_TRAIN,2,0,LG-N1-cf52c49f35463bbd60b9ade3,11,-0.4038343022991612,decision_function,,93d3892b158c35eccfadc27c879754db69ea5293782492ee5d4ff01a33bff983
S1,W2-93c8320039ec255ab2c7a1db,BASE_TRAIN,3,0,LG-N1-226ee9d7ca4112ed5a49f940,17,0.10451503401258405,decision_function,,93d3892b158c35eccfadc27c879754db69ea5293782492ee5d4ff01a33bff983
S1,W2-93d5b9fc4018dd0e875a1e2b,BASE_TRAIN,1,0,LG-N1-c30326502b372fabb18e20b9,13,-0.6719848609428133,decision_function,,93d3892b158c35eccfadc27c879754db69ea5293782492ee5d4ff01a33bff983
S1,W2-93f4eb6c0936fb76df98631a,BASE_TRAIN,2,0,LG-N1-3b2ea2d5fe0ca0544fbbc1fb,11,-1.4765844554308778,decision_function,,93d3892b158c35eccfadc27c879754db69ea5293782492ee5d4ff01a33bff983
S1,W2-944470194dfa1cb37831c38f,BASE_TRAIN,1,0,LG-N1-b881ff72cb71de2d0a252753,17,-0.5648197911559579,decision_function,,93d3892b158c35eccfadc27c879754db69ea5293782492ee5d4ff01a33bff983
S1,W2-947be3e84af9dcb6174b2b41,BASE_TRAIN,4,0,LG-N1-e563d8dce047e5b48ed97dfd,11,-1.203001539685425,decision_function,,93d3892b158c35eccfadc27c879754db69ea5293782492ee5d4ff01a33bff983
S1,W2-9480ec256197b44fdb5f1474,BASE_TRAIN,2,0,LG-N1-9e0141bd22c07b4b98281a8d,9,-1.1904727207021164,decision_function,,93d3892b158c35eccfadc27c879754db69ea5293782492ee5d4ff01a33bff983
S1,W2-94cf156727171bc6bb550888,BASE_TRAIN,2,0,LG-N1-8f6fc4f62368271bf6bc1eda,8,-1.3399781663490216,decision_function,,93d3892b158c35eccfadc27c879754db69ea5293782492ee5d4ff01a33bff983
S1,W2-9572e34c7ec6f3af9501ac0f,BASE_TRAIN,3,1,LG-N1-8c3ecb63afe94736561deab6,4,-0.3838895042959416,decision_function,,93d3892b158c35eccfadc27c879754db69ea5293782492ee5d4ff01a33bff983
S1,W2-95a1e3a497aca38d7b322ec7,BASE_TRAIN,4,0,LG-N1-71b4919ec8621c136ab5b7b2,6,-0.9810191692116216,decision_function,,93d3892b158c35eccfadc27c879754db69ea5293782492ee5d4ff01a33bff983
S1,W2-95dc1e2598812e324351e3da,BASE_TRAIN,0,0,LG-N1-5af46f68ac989f64dfe65250,26,1.1156658968617894,decision_function,,93d3892b158c35eccfadc27c879754db69ea5293782492ee5d4ff01a33bff983
S1,W2-95e0795840506cd7cdcefc3e,BASE_TRAIN,1,0,LG-N1-1e2d117e12565f42acf03609,13,-1.0470334565963926,decision_function,,93d3892b158c35eccfadc27c879754db69ea5293782492ee5d4ff01a33bff983
S1,W2-95e82f4179e4bfdfcacb8930,BASE_TRAIN,0,0,LG-N1-a7cd63d23ec43f5f19b2499d,11,-0.8985430723718588,decision_function,,93d3892b158c35eccfadc27c879754db69ea5293782492ee5d4ff01a33bff983
S1,W2-96d27ad4866ea3672f539658,BASE_TRAIN,0,0,LG-N1-8cad5c74b42e6158b114fe98,12,-1.1619870304891946,decision_function,,93d3892b158c35eccfadc27c879754db69ea5293782492ee5d4ff01a33bff983
S1,W2-96fe665a48729ae452a91db7,BASE_TRAIN,1,0,LG-N1-1ef44176cba0f90dc5d32a73,8,-1.1828997569182613,decision_function,,93d3892b158c35eccfadc27c879754db69ea5293782492ee5d4ff01a33bff983
S1,W2-97092b9773a39edbda469b2b,BASE_TRAIN,0,0,LG-N1-ea28cd0db07dd743b7822f13,5,-0.5658155146856183,decision_function,,93d3892b158c35eccfadc27c879754db69ea5293782492ee5d4ff01a33bff983
S1,W2-971af3299ffc07484a6834b8,BASE_TRAIN,2,1,LG-N1-58881d45127d6827ab8b4d6b,201,1.1028776671450191,decision_function,,93d3892b158c35eccfadc27c879754db69ea5293782492ee5d4ff01a33bff983
S1,W2-9742b6e87d761a4e8cb8d3f8,BASE_TRAIN,0,0,LG-N1-8062c9092b9459754def0799,16,0.19758393232452526,decision_function,,93d3892b158c35eccfadc27c879754db69ea5293782492ee5d4ff01a33bff983
S1,W2-9751d3ced1de667aa0a2ec5b,BASE_TRAIN,0,0,LG-N1-413c5c2533a416107217483a,15,-0.9324138699791884,decision_function,,93d3892b158c35eccfadc27c879754db69ea5293782492ee5d4ff01a33bff983
S1,W2-9817778dd859e4b5b0214a35,BASE_TRAIN,3,0,LG-N1-94f143d5e4bae6c934589f28,15,-0.86024354339502,decision_function,,93d3892b158c35eccfadc27c879754db69ea5293782492ee5d4ff01a33bff983
S1,W2-9917d032a2c85643dbc236d1,BASE_TRAIN,4,0,LG-N1-75bbdd26453f96a09d6bb1bb,9,-1.615318531246741,decision_function,,93d3892b158c35eccfadc27c879754db69ea5293782492ee5d4ff01a33bff983
S1,W2-9948e8cd61ef1159ff780e82,BASE_TRAIN,1,0,LG-N1-dcc13b6deab9fecacf806d40,7,-1.4665439041232076,decision_function,,93d3892b158c35eccfadc27c879754db69ea5293782492ee5d4ff01a33bff983
S1,W2-99738a425512f31603ed90e2,BASE_TRAIN,4,0,LG-N1-12d6d10f12a5e0f5c9fee2a3,12,-0.7591918582550189,decision_function,,93d3892b158c35eccfadc27c879754db69ea5293782492ee5d4ff01a33bff983
S1,W2-9982a1bd2677a82d6817776b,BASE_TRAIN,1,0,LG-N1-cc59f14ab3584167800e1c42,12,-1.0152020577844785,decision_function,,93d3892b158c35eccfadc27c879754db69ea5293782492ee5d4ff01a33bff983
S1,W2-99c5b006d5425c1a500d78bf,BASE_TRAIN,2,0,LG-N1-e7a9be6adf91cd1eee548bda,7,-1.2164108900685857,decision_function,,93d3892b158c35eccfadc27c879754db69ea5293782492ee5d4ff01a33bff983
S1,W2-9a2b862e641a149ef645eb5f,BASE_TRAIN,2,0,LG-N1-4d51c4d41c9c43a8cce75955,15,-0.8647672246128062,decision_function,,93d3892b158c35eccfadc27c879754db69ea5293782492ee5d4ff01a33bff983
S1,W2-9a9708b097a77187743c0b8c,BASE_TRAIN,4,0,LG-N1-2ecbd8c18d4b593c71cee6c5,11,-1.3300221502527585,decision_function,,93d3892b158c35eccfadc27c879754db69ea5293782492ee5d4ff01a33bff983
S1,W2-9b3644327fd7b8a30bd2a49f,BASE_TRAIN,1,1,LG-N1-cc5e743b9203416ec7707f51,140,0.8231289752256911,decision_function,,93d3892b158c35eccfadc27c879754db69ea5293782492ee5d4ff01a33bff983
S1,W2-9b41235b4a69e6f23617fdff,BASE_TRAIN,4,0,LG-N1-b3728f30afa234897f17d65b,25,-0.5283100128945682,decision_function,,93d3892b158c35eccfadc27c879754db69ea5293782492ee5d4ff01a33bff983
S1,W2-9b6da259ce0e103d6f645bdb,BASE_TRAIN,1,1,LG-N1-fec8435f9840b568962c3026,41,2.0414819241787936,decision_function,,93d3892b158c35eccfadc27c879754db69ea5293782492ee5d4ff01a33bff983
S1,W2-9b6e3740582f696a4f01863d,BASE_TRAIN,3,0,LG-N1-8e651df4d1179e77be6ee64b,8,-1.2258703978556396,decision_function,,93d3892b158c35eccfadc27c879754db69ea5293782492ee5d4ff01a33bff983
S1,W2-9ba1e2555e2cc93bf0e2be37,BASE_TRAIN,1,1,LG-N1-7bab08b6ac4d114c47466da9,42,1.6255582742793422,decision_function,,93d3892b158c35eccfadc27c879754db69ea5293782492ee5d4ff01a33bff983
S1,W2-9babdf2cd73263f074801a43,BASE_TRAIN,2,0,LG-N1-c8aa67cd4fc8571679acb732,9,-1.2625111067043817,decision_function,,93d3892b158c35eccfadc27c879754db69ea5293782492ee5d4ff01a33bff983
S1,W2-9bc36b09a189238981ec183f,BASE_TRAIN,1,1,LG-N1-8d9d98aa3f246bac9ff24ed0,38,1.5290102023219818,decision_function,,93d3892b158c35eccfadc27c879754db69ea5293782492ee5d4ff01a33bff983
S1,W2-9bf8843ec503c4f13292eb50,BASE_TRAIN,2,0,LG-N1-30cc3419b49f07ba75abc92d,10,-1.5790361577263496,decision_function,,93d3892b158c35eccfadc27c879754db69ea5293782492ee5d4ff01a33bff983
S1,W2-9c1e2c91c49d18f77c8f9172,BASE_TRAIN,3,0,LG-N1-f864919f77fd801877f485d8,11,-0.9606177781125791,decision_function,,93d3892b158c35eccfadc27c879754db69ea5293782492ee5d4ff01a33bff983
S1,W2-9c2a9229f3d9c4cefd8ce5fb,BASE_TRAIN,1,0,LG-N1-66a1446ff990d6c7c2a9168d,15,-1.19297873346272,decision_function,,93d3892b158c35eccfadc27c879754db69ea5293782492ee5d4ff01a33bff983
S1,W2-9c8a4f0c865b6500cf967ade,BASE_TRAIN,1,0,LG-N1-86b0f9cb7a6ab46302ebfe2c,27,0.1721669669819753,decision_function,,93d3892b158c35eccfadc27c879754db69ea5293782492ee5d4ff01a33bff983
S1,W2-9ce5bb3ee31181f7d3d362e1,BASE_TRAIN,4,0,LG-N1-1b5baf505cfd33f873b3adfc,11,-1.0776476646156956,decision_function,,93d3892b158c35eccfadc27c879754db69ea5293782492ee5d4ff01a33bff983
S1,W2-9d07dd5c37d6edbe13bcfa4f,BASE_TRAIN,0,0,LG-N1-1212c5fa16ed38867067955d,14,-0.31810142252966583,decision_function,,93d3892b158c35eccfadc27c879754db69ea5293782492ee5d4ff01a33bff983
S1,W2-9d638ebc81db23a68b1d705c,BASE_TRAIN,1,0,LG-N1-e875eb0f5fda1bd34c677575,10,-1.1902095538192352,decision_function,,93d3892b158c35eccfadc27c879754db69ea5293782492ee5d4ff01a33bff983
S1,W2-9d72c86a8b08c02a0ab81e06,BASE_TRAIN,2,0,LG-N1-5197d93ffbefc01bdf92dda1,10,-1.3028985604729968,decision_function,,93d3892b158c35eccfadc27c879754db69ea5293782492ee5d4ff01a33bff983
S1,W2-9ddf412e1f8f93718176e0c6,BASE_TRAIN,3,0,LG-N1-958a10b2ea57972893aa11e8,16,-1.251668633784048,decision_function,,93d3892b158c35eccfadc27c879754db69ea5293782492ee5d4ff01a33bff983
S1,W2-9e28ea6e08e075e12784b9a1,BASE_TRAIN,4,0,LG-N1-e1f206a7dbaa222c5202be58,9,-1.5816115498385086,decision_function,,93d3892b158c35eccfadc27c879754db69ea5293782492ee5d4ff01a33bff983
S1,W2-9e50f94bc4ada9fb0739f019,BASE_TRAIN,1,0,LG-N1-4e316b4c156a4091f791a0b4,13,-0.9049282374623776,decision_function,,93d3892b158c35eccfadc27c879754db69ea5293782492ee5d4ff01a33bff983
S1,W2-9e82cf1a389f00e32a7e88af,BASE_TRAIN,3,0,LG-N1-fa11c112fe0f1383f9f08f03,9,-1.7080728940130123,decision_function,,93d3892b158c35eccfadc27c879754db69ea5293782492ee5d4ff01a33bff983
S1,W2-9eae7889e8ed9bdc57833265,BASE_TRAIN,4,0,LG-N1-ee3691b74b7c7f6befae3c2d,6,-1.1660521583043928,decision_function,,93d3892b158c35eccfadc27c879754db69ea5293782492ee5d4ff01a33bff983
S1,W2-9ecff1d86fb218d75135fc0d,BASE_TRAIN,2,0,LG-N1-41bd5b1831cca6b2d9cf3722,19,-0.9777549191503754,decision_function,,93d3892b158c35eccfadc27c879754db69ea5293782492ee5d4ff01a33bff983
S1,W2-9f9ca29144ae5755a5c56c9b,BASE_TRAIN,0,1,LG-N1-8685a676c88ba00c561de7d9,49,0.8702092947692512,decision_function,,93d3892b158c35eccfadc27c879754db69ea5293782492ee5d4ff01a33bff983
S1,W2-9fa030c003d5716ffe9b627e,BASE_TRAIN,4,1,LG-N1-7b6badff5b20c9ef8c49ce3d,36,0.8962003111055289,decision_function,,93d3892b158c35eccfadc27c879754db69ea5293782492ee5d4ff01a33bff983
S1,W2-9fc4aa7991858832c7f96bb6,BASE_TRAIN,4,0,LG-N1-102369e5d16299fdd940ae15,85,1.2886096254183053,decision_function,,93d3892b158c35eccfadc27c879754db69ea5293782492ee5d4ff01a33bff983
S1,W2-a01353d6cb093876fddec014,BASE_TRAIN,1,1,LG-N1-bb99dac9524015a92d684db2,82,-0.10830711041949737,decision_function,,93d3892b158c35eccfadc27c879754db69ea5293782492ee5d4ff01a33bff983
S1,W2-a01ce2ac5da53fc8ed32d5dc,BASE_TRAIN,3,1,LG-N1-92ee9b0bbfeff7c63358e687,53,1.0957272562216995,decision_function,,93d3892b158c35eccfadc27c879754db69ea5293782492ee5d4ff01a33bff983
S1,W2-a02db66bb440648d8ce0767b,BASE_TRAIN,1,0,LG-N1-7835f6fd309f5bd62cd90d3f,9,-1.240216372315349,decision_function,,93d3892b158c35eccfadc27c879754db69ea5293782492ee5d4ff01a33bff983
S1,W2-a03c09febd60ecbb79721270,BASE_TRAIN,1,0,LG-N1-9dd0817a32f7cf7f7d333708,10,-1.539788688429255,decision_function,,93d3892b158c35eccfadc27c879754db69ea5293782492ee5d4ff01a33bff983
S1,W2-a05fff9a5603774beda0224e,BASE_TRAIN,2,0,LG-N1-5f8c6f93de3e07ab2ef903bf,9,-1.1766025129912425,decision_function,,93d3892b158c35eccfadc27c879754db69ea5293782492ee5d4ff01a33bff983
S1,W2-a080b7295da7ab3866be79ee,BASE_TRAIN,0,1,LG-N1-ddf4d7cb1802667ace4a28d7,24,1.3234230492161951,decision_function,,93d3892b158c35eccfadc27c879754db69ea5293782492ee5d4ff01a33bff983
S1,W2-a111273a37987006359659fa,BASE_TRAIN,0,1,LG-N1-852dc566e08ee5109ebbb69b,17,1.0319074268231097,decision_function,,93d3892b158c35eccfadc27c879754db69ea5293782492ee5d4ff01a33bff983
S1,W2-a124581d1d95d623d69335c0,BASE_TRAIN,4,0,LG-N1-6b282d132bcf3da93315f143,10,-0.34485154228126513,decision_function,,93d3892b158c35eccfadc27c879754db69ea5293782492ee5d4ff01a33bff983
S1,W2-a1407449855cca7ccaf9989a,BASE_TRAIN,2,0,LG-N1-8240a62893c0fe1bee152939,16,-0.5635901552644023,decision_function,,93d3892b158c35eccfadc27c879754db69ea5293782492ee5d4ff01a33bff983
S1,W2-a147f7aa150454d67c5d8227,BASE_TRAIN,1,0,LG-N1-5954cbc01fa2d47452eaf389,12,-1.0352519596928906,decision_function,,93d3892b158c35eccfadc27c879754db69ea5293782492ee5d4ff01a33bff983
S1,W2-a154346eb2a5ecad6f5f59e7,BASE_TRAIN,0,1,LG-N1-0f834fcf12d191f966a791e2,58,1.6754993558405664,decision_function,,93d3892b158c35eccfadc27c879754db69ea5293782492ee5d4ff01a33bff983
S1,W2-a1cdc55c308a04981a9560c5,BASE_TRAIN,0,0,LG-N1-0174e78c876f209861139287,7,-1.3659120747365743,decision_function,,93d3892b158c35eccfadc27c879754db69ea5293782492ee5d4ff01a33bff983
S1,W2-a1eacc8f8d7ffa05ccf82eb0,BASE_TRAIN,3,0,LG-N1-a3a2c6ce0c5cb01acf8308ec,28,-1.0490070987372775,decision_function,,93d3892b158c35eccfadc27c879754db69ea5293782492ee5d4ff01a33bff983
S1,W2-a21ffb3ea96a04e5f0bc6a42,BASE_TRAIN,2,0,LG-N1-7d19f0467326010a1a33cdd5,13,-1.0037315343169166,decision_function,,93d3892b158c35eccfadc27c879754db69ea5293782492ee5d4ff01a33bff983
S1,W2-a240634c7683b25decc637da,BASE_TRAIN,1,0,LG-N1-97077229b2f551ac0b20991b,7,-1.2674368420737268,decision_function,,93d3892b158c35eccfadc27c879754db69ea5293782492ee5d4ff01a33bff983
S1,W2-a246bd2ddcace5ebc2910cec,BASE_TRAIN,1,0,LG-N1-e573a9ef8633fa363229402a,36,-0.23062063551255052,decision_function,,93d3892b158c35eccfadc27c879754db69ea5293782492ee5d4ff01a33bff983
S1,W2-a29c9b158cf8ac68a0ad8958,BASE_TRAIN,2,0,LG-N1-29b886b99c7c43213fab2956,9,-1.4572925804223633,decision_function,,93d3892b158c35eccfadc27c879754db69ea5293782492ee5d4ff01a33bff983
S1,W2-a2a920e789f154fbbb675ace,BASE_TRAIN,0,0,LG-N1-08d590f913d638d0c224dba8,13,-0.9543451200508084,decision_function,,93d3892b158c35eccfadc27c879754db69ea5293782492ee5d4ff01a33bff983
S1,W2-a2cc5e418f6c87c0c183739e,BASE_TRAIN,4,0,LG-N1-b5b300c47248afd0fe6d7520,11,-1.2379948885640057,decision_function,,93d3892b158c35eccfadc27c879754db69ea5293782492ee5d4ff01a33bff983
S1,W2-a2ebed4ac325e5edd6c12915,BASE_TRAIN,1,0,LG-N1-9f1ddf360fc0d94ecade7169,14,0.034933785941158535,decision_function,,93d3892b158c35eccfadc27c879754db69ea5293782492ee5d4ff01a33bff983
S1,W2-a3067752ad31d5cee8602357,BASE_TRAIN,1,0,LG-N1-3bad3052a9fb4c9128339d7c,17,-0.18632055872089726,decision_function,,93d3892b158c35eccfadc27c879754db69ea5293782492ee5d4ff01a33bff983
S1,W2-a34a6d9aafadeb81da9d42c1,BASE_TRAIN,4,1,LG-N1-dd1a6a720d511c8b3db57e05,156,1.7225017215154366,decision_function,,93d3892b158c35eccfadc27c879754db69ea5293782492ee5d4ff01a33bff983
S1,W2-a356ec8a16cacf7c213cde2b,BASE_TRAIN,1,0,LG-N1-ee88188c1865d34a20e38502,8,-1.1599966746943813,decision_function,,93d3892b158c35eccfadc27c879754db69ea5293782492ee5d4ff01a33bff983
S1,W2-a383492e0263564a0648137b,BASE_TRAIN,1,0,LG-N1-fcb71c260a73dc0dbf3a3071,11,-0.8036541995223393,decision_function,,93d3892b158c35eccfadc27c879754db69ea5293782492ee5d4ff01a33bff983
S1,W2-a38cd0af4c9d3d3f82fea7d0,BASE_TRAIN,0,0,LG-N1-d6f73933c24cf019b0f51eae,20,-0.19714953472139468,decision_function,,93d3892b158c35eccfadc27c879754db69ea5293782492ee5d4ff01a33bff983
S1,W2-a3c0b715fcccccb212f4059c,BASE_TRAIN,3,0,LG-N1-394294934433f862ee3cb94d,6,-1.3114421529150369,decision_function,,93d3892b158c35eccfadc27c879754db69ea5293782492ee5d4ff01a33bff983
S1,W2-a43969a4d6ca21e8486fca71,BASE_TRAIN,4,0,LG-N1-81deed645b4428001c8cbe4b,10,-1.306053143335359,decision_function,,93d3892b158c35eccfadc27c879754db69ea5293782492ee5d4ff01a33bff983
S1,W2-a47625a4deeacdfb7ad7133e,BASE_TRAIN,0,1,LG-N1-a27b0be1fd66be46b759c10c,78,0.5828156215304439,decision_function,,93d3892b158c35eccfadc27c879754db69ea5293782492ee5d4ff01a33bff983
S1,W2-a4ca56c9c636a0fc168cea80,BASE_TRAIN,2,1,LG-N1-524c559690f16214246023ca,23,-0.45705447194168536,decision_function,,93d3892b158c35eccfadc27c879754db69ea5293782492ee5d4ff01a33bff983
S1,W2-a5a155b0d3a9577c350c52ef,BASE_TRAIN,4,0,LG-N1-a0c00978ad79c0553aa3c119,12,-1.150490068979697,decision_function,,93d3892b158c35eccfadc27c879754db69ea5293782492ee5d4ff01a33bff983
S1,W2-a5dc73972b78b947627de5ad,BASE_TRAIN,4,0,LG-N1-4747560cbd39521a5d78199b,46,0.907825933542529,decision_function,,93d3892b158c35eccfadc27c879754db69ea5293782492ee5d4ff01a33bff983
S1,W2-a623ca6e4afa7fc1d952f73b,BASE_TRAIN,3,0,LG-N1-ecde4b20be5751adb399191e,16,0.3421111660861496,decision_function,,93d3892b158c35eccfadc27c879754db69ea5293782492ee5d4ff01a33bff983
S1,W2-a651369b9a274abfab8d580b,BASE_TRAIN,1,1,LG-N1-ad05e4c7e9142a06221e6dae,37,0.3443778748836325,decision_function,,93d3892b158c35eccfadc27c879754db69ea5293782492ee5d4ff01a33bff983
S1,W2-a6528680f2232870102f571d,BASE_TRAIN,1,0,LG-N1-5fa2b8cee75c3e0cb915724d,8,-1.2387876332827368,decision_function,,93d3892b158c35eccfadc27c879754db69ea5293782492ee5d4ff01a33bff983
S1,W2-a6681550135bdd291e720bf7,BASE_TRAIN,1,0,LG-N1-8e43dc4c3fbe169c615ddf77,15,-0.8678312875969522,decision_function,,93d3892b158c35eccfadc27c879754db69ea5293782492ee5d4ff01a33bff983
S1,W2-a6ba2133cf93bfb24ebb019a,BASE_TRAIN,2,0,LG-N1-cb510e3544758af1092c0b6d,10,-1.3881946787942667,decision_function,,93d3892b158c35eccfadc27c879754db69ea5293782492ee5d4ff01a33bff983
S1,W2-a7201edd2774e8e1daba7fb1,BASE_TRAIN,1,0,LG-N1-092936c34a737af0cae7d64b,11,-1.2993179749440582,decision_function,,93d3892b158c35eccfadc27c879754db69ea5293782492ee5d4ff01a33bff983
S1,W2-a725c66c0d24873925dfbbde,BASE_TRAIN,0,1,LG-N1-acbd74e053a12129f55a5c2a,63,1.4306335983706826,decision_function,,93d3892b158c35eccfadc27c879754db69ea5293782492ee5d4ff01a33bff983
S1,W2-a7c37e543ddd4eff651cd8f7,BASE_TRAIN,3,0,LG-N1-66177275d1cf43d4ae767575,7,-1.3488494057521991,decision_function,,93d3892b158c35eccfadc27c879754db69ea5293782492ee5d4ff01a33bff983
S1,W2-a7db2354234e482f4863cd4f,BASE_TRAIN,1,0,LG-N1-9d93c10ce2f8893752fb59eb,11,-1.0710881942054358,decision_function,,93d3892b158c35eccfadc27c879754db69ea5293782492ee5d4ff01a33bff983
S1,W2-a8321fc43e35ade2b075602d,BASE_TRAIN,3,0,LG-N1-16a682fa61dadfc3355857bb,10,-1.2903786278138203,decision_function,,93d3892b158c35eccfadc27c879754db69ea5293782492ee5d4ff01a33bff983
S1,W2-a84bc488e39600e17c70208f,BASE_TRAIN,1,0,LG-N1-4c8f5753d6816b6263dce8f1,16,0.9171226798043602,decision_function,,93d3892b158c35eccfadc27c879754db69ea5293782492ee5d4ff01a33bff983
S1,W2-a85985696d245fbaa19dca4d,BASE_TRAIN,2,0,LG-N1-07673d436fe72a9e8f187559,4,-0.8713475805900076,decision_function,,93d3892b158c35eccfadc27c879754db69ea5293782492ee5d4ff01a33bff983
S1,W2-a860e1e34b2a39ee88b9a9aa,BASE_TRAIN,0,0,LG-N1-48be522aaafbf763d9d5e47b,98,1.4806944803363187,decision_function,,93d3892b158c35eccfadc27c879754db69ea5293782492ee5d4ff01a33bff983
S1,W2-a952bcc4143706b843754d16,BASE_TRAIN,4,0,LG-N1-57db2ba0479a4bdcd301573b,12,-1.1937423840839316,decision_function,,93d3892b158c35eccfadc27c879754db69ea5293782492ee5d4ff01a33bff983
S1,W2-a9c4c0fa920e958309b3e1f4,BASE_TRAIN,4,1,LG-N1-86895cb2c309b74c5bded007,14,-0.9667336507523946,decision_function,,93d3892b158c35eccfadc27c879754db69ea5293782492ee5d4ff01a33bff983
S1,W2-a9de7525e802b39da85d7295,BASE_TRAIN,2,0,LG-N1-96dfc3d712d522c932f39e02,22,-0.2530054867753373,decision_function,,93d3892b158c35eccfadc27c879754db69ea5293782492ee5d4ff01a33bff983
S1,W2-a9f376ca74b303aa03a430c1,BASE_TRAIN,1,0,LG-N1-92ab8ffe6b0b80e0e763a815,11,-1.113408895063246,decision_function,,93d3892b158c35eccfadc27c879754db69ea5293782492ee5d4ff01a33bff983
S1,W2-aa5bbaef210095495b970f11,BASE_TRAIN,4,0,LG-N1-23136a334ad838a9286ec55f,5,-0.8592346697306372,decision_function,,93d3892b158c35eccfadc27c879754db69ea5293782492ee5d4ff01a33bff983
S1,W2-aa9b792c544b07f4762a2292,BASE_TRAIN,0,0,LG-N1-509659c039030edcd69491a9,14,-1.0017585791896233,decision_function,,93d3892b158c35eccfadc27c879754db69ea5293782492ee5d4ff01a33bff983
S1,W2-aac2fdc41b50b65895bb2328,BASE_TRAIN,4,0,LG-N1-74a6993ebb0c560ecfa379ef,5,-1.85026981499768,decision_function,,93d3892b158c35eccfadc27c879754db69ea5293782492ee5d4ff01a33bff983
S1,W2-aac5251716c6bdfe7b25b1d3,BASE_TRAIN,3,0,LG-N1-d954eca60fd6fd02534bdcff,7,-1.203076280383468,decision_function,,93d3892b158c35eccfadc27c879754db69ea5293782492ee5d4ff01a33bff983
S1,W2-ab2a572283f51bf60cc4e457,BASE_TRAIN,4,0,LG-N1-aeb2aa05d63dec5cb432a03d,15,-0.7396944897869465,decision_function,,93d3892b158c35eccfadc27c879754db69ea5293782492ee5d4ff01a33bff983
S1,W2-ab98d5f799883a8365c8065b,BASE_TRAIN,2,0,LG-N1-a80baf7be6d6d279353cc7c5,7,-1.199992576677259,decision_function,,93d3892b158c35eccfadc27c879754db69ea5293782492ee5d4ff01a33bff983
S1,W2-ac070cf5615e3d921bf92827,BASE_TRAIN,2,0,LG-N1-9ce2862367762da4dce65f05,17,-0.6649899854238384,decision_function,,93d3892b158c35eccfadc27c879754db69ea5293782492ee5d4ff01a33bff983
S1,W2-acb4bf186f01574ffaf5c4de,BASE_TRAIN,2,0,LG-N1-39e88de406e3fc5d43e88acf,11,-0.9646935543084377,decision_function,,93d3892b158c35eccfadc27c879754db69ea5293782492ee5d4ff01a33bff983
S1,W2-acc50d290eb0a466fb19c5d1,BASE_TRAIN,1,0,LG-N1-b32862667d81d6c489158a6d,12,-0.7882881868198449,decision_function,,93d3892b158c35eccfadc27c879754db69ea5293782492ee5d4ff01a33bff983
S1,W2-ad0ba32e722a935678afa09a,BASE_TRAIN,4,1,LG-N1-6030f07c87085dd55bdb7f7b,18,0.351122478384292,decision_function,,93d3892b158c35eccfadc27c879754db69ea5293782492ee5d4ff01a33bff983
S1,W2-ad5f70bd92450b3317e9c2e4,BASE_TRAIN,2,0,LG-N1-3bc9d8e164167d331d14bc6e,8,-1.3962189275066614,decision_function,,93d3892b158c35eccfadc27c879754db69ea5293782492ee5d4ff01a33bff983
S1,W2-ad96cb5130c394c9c2b604e5,BASE_TRAIN,0,1,LG-N1-a0f5d7dbcadbd7385d1e9183,10,-1.0265580201593825,decision_function,,93d3892b158c35eccfadc27c879754db69ea5293782492ee5d4ff01a33bff983
S1,W2-ada8d864872c6f454c9d89e9,BASE_TRAIN,2,0,LG-N1-6d6e7e72c9a2662cc8827e8e,11,-1.0148234403796206,decision_function,,93d3892b158c35eccfadc27c879754db69ea5293782492ee5d4ff01a33bff983
S1,W2-ae0eb219c509de20312039ca,BASE_TRAIN,0,0,LG-N1-4f73680d1fc3d5e6e008e6c6,15,-1.0077049528508122,decision_function,,93d3892b158c35eccfadc27c879754db69ea5293782492ee5d4ff01a33bff983
S1,W2-ae21a185c2e966a2cf35d890,BASE_TRAIN,3,1,LG-N1-9cc8625cd0e9f02e1bd7cb4c,29,0.2756528574387361,decision_function,,93d3892b158c35eccfadc27c879754db69ea5293782492ee5d4ff01a33bff983
S1,W2-ae25fb8ad9d73a5d645e7a9d,BASE_TRAIN,4,0,LG-N1-bd2e8168ed46f1ce382bcc5b,8,-1.4029246900606842,decision_function,,93d3892b158c35eccfadc27c879754db69ea5293782492ee5d4ff01a33bff983
S1,W2-ae81f996c05e2b7068e38c11,BASE_TRAIN,4,0,LG-N1-e40c2b8fff0464da848d11dc,9,-1.2037139409951954,decision_function,,93d3892b158c35eccfadc27c879754db69ea5293782492ee5d4ff01a33bff983
S1,W2-ae9510125a81c7637b4a8183,BASE_TRAIN,0,0,LG-N1-58fc0fc81a4c97bec7f13f70,13,-0.8496766734906427,decision_function,,93d3892b158c35eccfadc27c879754db69ea5293782492ee5d4ff01a33bff983
S1,W2-ae9dc55672805426791b0034,BASE_TRAIN,3,1,LG-N1-92889e875cb961adcb66e3fb,30,0.6189675302057196,decision_function,,93d3892b158c35eccfadc27c879754db69ea5293782492ee5d4ff01a33bff983
S1,W2-aeae6d02ddc091926fdb96aa,BASE_TRAIN,3,0,LG-N1-51d47f35adc41cac7252afb0,13,-0.9540312089702478,decision_function,,93d3892b158c35eccfadc27c879754db69ea5293782492ee5d4ff01a33bff983
S1,W2-aeb4189bc05c361a5c9755a8,BASE_TRAIN,0,0,LG-N1-313ef9f6458d7871b2701be7,14,-0.46141914387872646,decision_function,,93d3892b158c35eccfadc27c879754db69ea5293782492ee5d4ff01a33bff983
S1,W2-aed1c79f9f768db1582d3bd9,BASE_TRAIN,4,0,LG-N1-8e9f1a94b1bc52ec48f15a3b,8,-1.6165920123986006,decision_function,,93d3892b158c35eccfadc27c879754db69ea5293782492ee5d4ff01a33bff983
S1,W2-af6d8024e8b17a668efbe6e3,BASE_TRAIN,3,1,LG-N1-613435edc74943ba5dedf7d0,31,-0.9308322680238466,decision_function,,93d3892b158c35eccfadc27c879754db69ea5293782492ee5d4ff01a33bff983
S1,W2-afed25e8cbb48878ef625368,BASE_TRAIN,3,0,LG-N1-5f9aef77271b31d02c88436e,7,-1.0694679036246117,decision_function,,93d3892b158c35eccfadc27c879754db69ea5293782492ee5d4ff01a33bff983
S1,W2-b02385b4e982b78da1d14b0c,BASE_TRAIN,3,1,LG-N1-4493db0144e3720c8a49a15b,37,1.133028307348981,decision_function,,93d3892b158c35eccfadc27c879754db69ea5293782492ee5d4ff01a33bff983
S1,W2-b0240aa8b07649be68fdd7da,BASE_TRAIN,4,0,LG-N1-826d55a060dc6e71404bd9e6,10,-0.7948505679845578,decision_function,,93d3892b158c35eccfadc27c879754db69ea5293782492ee5d4ff01a33bff983
S1,W2-b0582e600e6fbf99514b3dc7,BASE_TRAIN,0,1,LG-N1-7e7a0698f5f81a984719a5e8,98,1.1967958891406112,decision_function,,93d3892b158c35eccfadc27c879754db69ea5293782492ee5d4ff01a33bff983
S1,W2-b07b311961519d8321229488,BASE_TRAIN,1,0,LG-N1-bd9237c51865933219bdc80e,9,-1.219393929317003,decision_function,,93d3892b158c35eccfadc27c879754db69ea5293782492ee5d4ff01a33bff983
S1,W2-b0ce15256d9ea178c393c61c,BASE_TRAIN,4,0,LG-N1-be0f7f06b6030bc1b5cc9b82,52,1.4476325112557764,decision_function,,93d3892b158c35eccfadc27c879754db69ea5293782492ee5d4ff01a33bff983
S1,W2-b0f39555692768a919534003,BASE_TRAIN,1,1,LG-N1-d80ebde648f005f3b8f7d523,60,1.3652883464669858,decision_function,,93d3892b158c35eccfadc27c879754db69ea5293782492ee5d4ff01a33bff983
S1,W2-b166f63730aef388e015a83b,BASE_TRAIN,4,0,LG-N1-e3b7922f0a946723cee45d16,12,-1.1327648915368955,decision_function,,93d3892b158c35eccfadc27c879754db69ea5293782492ee5d4ff01a33bff983
S1,W2-b1794652a5892e9617f81989,BASE_TRAIN,3,0,LG-N1-ca98cace51f6ab172c5900bb,5,-1.1066233997188253,decision_function,,93d3892b158c35eccfadc27c879754db69ea5293782492ee5d4ff01a33bff983
S1,W2-b1c946fec90ee4b1632324db,BASE_TRAIN,3,1,LG-N1-f61ff5a6102b100974c120f8,10,-0.982876231270565,decision_function,,93d3892b158c35eccfadc27c879754db69ea5293782492ee5d4ff01a33bff983
S1,W2-b1ded2d4de51248847bd8a3e,BASE_TRAIN,0,0,LG-N1-db8f2462099f6789e78210d7,13,-1.2544647918558813,decision_function,,93d3892b158c35eccfadc27c879754db69ea5293782492ee5d4ff01a33bff983
S1,W2-b236ac2e8ae7a508ab0cbf91,BASE_TRAIN,0,0,LG-N1-1d05d09442559f49299ed41e,10,-1.352338944580244,decision_function,,93d3892b158c35eccfadc27c879754db69ea5293782492ee5d4ff01a33bff983
S1,W2-b28bec20107674332f168edd,BASE_TRAIN,0,1,LG-N1-cb05eb3ce5adc3b7c071c9b4,38,1.5222133830462026,decision_function,,93d3892b158c35eccfadc27c879754db69ea5293782492ee5d4ff01a33bff983
S1,W2-b2cb26ce08c8f4f73b63ccba,BASE_TRAIN,2,0,LG-N1-ec3c93c770be30a72ca34950,9,-1.4289162228545187,decision_function,,93d3892b158c35eccfadc27c879754db69ea5293782492ee5d4ff01a33bff983
S1,W2-b3379f94407754c2b7e8d319,BASE_TRAIN,1,0,LG-N1-f77f98b80df8d77639be9b30,9,-1.6538232585088477,decision_function,,93d3892b158c35eccfadc27c879754db69ea5293782492ee5d4ff01a33bff983
S1,W2-b3652f9130997e2e070e735b,BASE_TRAIN,2,0,LG-N1-8ce803f461efe496d73257ee,12,-1.1620109090357864,decision_function,,93d3892b158c35eccfadc27c879754db69ea5293782492ee5d4ff01a33bff983
S1,W2-b3b406aacb2d15bef1dc1cbd,BASE_TRAIN,4,0,LG-N1-33eeaa50f287a1b8bb2ea8fe,26,-0.0157261075250478,decision_function,,93d3892b158c35eccfadc27c879754db69ea5293782492ee5d4ff01a33bff983
S1,W2-b464364d4c14ca4645b5a947,BASE_TRAIN,4,0,LG-N1-28af735507508526e15cd70c,9,-1.1999260936932667,decision_function,,93d3892b158c35eccfadc27c879754db69ea5293782492ee5d4ff01a33bff983
S1,W2-b49f3c9fdd494689ebd2bea9,BASE_TRAIN,1,1,LG-N1-cf52b9deba354400385bb181,66,-0.3057221269934161,decision_function,,93d3892b158c35eccfadc27c879754db69ea5293782492ee5d4ff01a33bff983
S1,W2-b556dba3b6f0db60999a13d6,BASE_TRAIN,0,0,LG-N1-0fdc418d0f63858c7fbfbca2,10,-1.013226335702515,decision_function,,93d3892b158c35eccfadc27c879754db69ea5293782492ee5d4ff01a33bff983
S1,W2-b5912570cae26171203c3f02,BASE_TRAIN,2,0,LG-N1-53b6ed8218f8edfbf3ff0f0d,11,-0.6008325107095768,decision_function,,93d3892b158c35eccfadc27c879754db69ea5293782492ee5d4ff01a33bff983
S1,W2-b605b02042d9230a96c2b8fc,BASE_TRAIN,0,0,LG-N1-6f4c4b01ae45da6650536b77,14,-1.0899781112330265,decision_function,,93d3892b158c35eccfadc27c879754db69ea5293782492ee5d4ff01a33bff983
S1,W2-b6c09d25f9039aa1d11b7ac4,BASE_TRAIN,3,0,LG-N1-770a4f2fd9641ef249a6d7e9,11,-1.3071486665968102,decision_function,,93d3892b158c35eccfadc27c879754db69ea5293782492ee5d4ff01a33bff983
S1,W2-b6f4352522eeb155f03f5f52,BASE_TRAIN,3,0,LG-N1-5ff44115b442ce64a6606fd2,13,-1.6397017150278028,decision_function,,93d3892b158c35eccfadc27c879754db69ea5293782492ee5d4ff01a33bff983
S1,W2-b6fce0ab18caa7d6565281bc,BASE_TRAIN,3,0,LG-N1-7c327c549cb75febec5204cd,12,-1.465046609477869,decision_function,,93d3892b158c35eccfadc27c879754db69ea5293782492ee5d4ff01a33bff983
S1,W2-b788b005cb4b1bd2c99bb403,BASE_TRAIN,3,0,LG-N1-bb9db6a0ba522ca0234bf469,8,-0.7749278733434362,decision_function,,93d3892b158c35eccfadc27c879754db69ea5293782492ee5d4ff01a33bff983
S1,W2-b7d4d075cb90ecc91afe6af9,BASE_TRAIN,1,0,LG-N1-3e35aed4dcd8d71bc49a9447,9,-1.6244602759052125,decision_function,,93d3892b158c35eccfadc27c879754db69ea5293782492ee5d4ff01a33bff983
S1,W2-b7e1922e0d23ebb28f1e4e1d,BASE_TRAIN,2,0,LG-N1-9699eaa791c99c01c77eeedc,9,-1.5200855099376351,decision_function,,93d3892b158c35eccfadc27c879754db69ea5293782492ee5d4ff01a33bff983
S1,W2-b7e23ac9fd6585a5db1178c2,BASE_TRAIN,3,0,LG-N1-99e9d395a0e0262afe4db19e,11,-0.9756012673260994,decision_function,,93d3892b158c35eccfadc27c879754db69ea5293782492ee5d4ff01a33bff983
S1,W2-b852f78403229fdc56175a31,BASE_TRAIN,4,0,LG-N1-d2ce6c829c6a825a697eebe3,13,-0.9663425922638974,decision_function,,93d3892b158c35eccfadc27c879754db69ea5293782492ee5d4ff01a33bff983
S1,W2-b8614e1c5f024682543dad98,BASE_TRAIN,3,0,LG-N1-445f8e893a4c930bfe74e858,40,-0.261111806650178,decision_function,,93d3892b158c35eccfadc27c879754db69ea5293782492ee5d4ff01a33bff983
S1,W2-b8c2af20dbfea4133bde42e8,BASE_TRAIN,1,0,LG-N1-8f80636ba47ce03818da98c5,12,-0.8222142238699542,decision_function,,93d3892b158c35eccfadc27c879754db69ea5293782492ee5d4ff01a33bff983
S1,W2-b9180b109a371420b4857d02,BASE_TRAIN,0,0,LG-N1-fae2883a68253fb6dd5937e3,14,-1.0620164153127574,decision_function,,93d3892b158c35eccfadc27c879754db69ea5293782492ee5d4ff01a33bff983
S1,W2-b9ae82e83569cadf02cf4b72,BASE_TRAIN,0,0,LG-N1-8951664e50deac08f9b3c53b,5,-1.6133221637849358,decision_function,,93d3892b158c35eccfadc27c879754db69ea5293782492ee5d4ff01a33bff983
S1,W2-b9b4e7ee040d25d3e48a3219,BASE_TRAIN,1,0,LG-N1-6442ff6344651e3bfa91ad21,16,-0.5206798936087357,decision_function,,93d3892b158c35eccfadc27c879754db69ea5293782492ee5d4ff01a33bff983
S1,W2-ba0cda6ef2bf1f9e87da3ed1,BASE_TRAIN,3,0,LG-N1-dc4db7cbd5716ba0ea1d6095,9,-1.655457898735762,decision_function,,93d3892b158c35eccfadc27c879754db69ea5293782492ee5d4ff01a33bff983
S1,W2-ba1b65a8382c9d6ed7e0cd37,BASE_TRAIN,3,0,LG-N1-5218b20c310ee7e769261da3,15,-0.9667842744787902,decision_function,,93d3892b158c35eccfadc27c879754db69ea5293782492ee5d4ff01a33bff983
S1,W2-ba1d543a4702b92323e54991,BASE_TRAIN,2,0,LG-N1-3390494fc6fd1ed96e83503d,7,0.43686082703668216,decision_function,,93d3892b158c35eccfadc27c879754db69ea5293782492ee5d4ff01a33bff983
S1,W2-baa6bcd5c5dfc49d96c0df23,BASE_TRAIN,4,0,LG-N1-6e416907f3b2291f06fcb586,7,-1.3596140138053612,decision_function,,93d3892b158c35eccfadc27c879754db69ea5293782492ee5d4ff01a33bff983
S1,W2-bac8c632b5095080640a22b8,BASE_TRAIN,1,0,LG-N1-92dfa0877c9b76bcb4c1bdcd,12,-0.22840144515754016,decision_function,,93d3892b158c35eccfadc27c879754db69ea5293782492ee5d4ff01a33bff983
S1,W2-bacc7e1f999a6fb35262ab30,BASE_TRAIN,0,1,LG-N1-813f3b7295531d3cf15abcae,28,0.9357466775650551,decision_function,,93d3892b158c35eccfadc27c879754db69ea5293782492ee5d4ff01a33bff983
S1,W2-bace772342da07a12f5c9b6d,BASE_TRAIN,3,0,LG-N1-c3aa75c8698c380eaa2323b7,11,-1.029886903377924,decision_function,,93d3892b158c35eccfadc27c879754db69ea5293782492ee5d4ff01a33bff983
S1,W2-bb4658a44822d3dfe694625e,BASE_TRAIN,0,0,LG-N1-79950ad562dfda8aa755805d,7,-1.4685643371008563,decision_function,,93d3892b158c35eccfadc27c879754db69ea5293782492ee5d4ff01a33bff983
S1,W2-bb88436cd9bc06c8a2ee7046,BASE_TRAIN,2,0,LG-N1-3b5cbac9ee62285f00b371e8,20,-0.47169517013970896,decision_function,,93d3892b158c35eccfadc27c879754db69ea5293782492ee5d4ff01a33bff983
S1,W2-bbdc4fecf4168d404036aa91,BASE_TRAIN,3,0,LG-N1-349624e31500778352bb2f79,13,-1.1591427724980223,decision_function,,93d3892b158c35eccfadc27c879754db69ea5293782492ee5d4ff01a33bff983
S1,W2-bbdf4321bdab1c978fb2f0db,BASE_TRAIN,0,0,LG-N1-57e64d3d96b0691ea3d3094e,7,-0.9586469436698235,decision_function,,93d3892b158c35eccfadc27c879754db69ea5293782492ee5d4ff01a33bff983
S1,W2-bbfb8908f3ec8763105b11b8,BASE_TRAIN,2,0,LG-N1-dc07c41f37e28dfd9378142f,8,-0.9975957075995445,decision_function,,93d3892b158c35eccfadc27c879754db69ea5293782492ee5d4ff01a33bff983
S1,W2-bc07f314d429bcedeaf6da7e,BASE_TRAIN,3,0,LG-N1-089151bb8759609cc25addd5,49,0.5454600576441502,decision_function,,93d3892b158c35eccfadc27c879754db69ea5293782492ee5d4ff01a33bff983
S1,W2-bc2f3db963e9506ab45ccb55,BASE_TRAIN,1,1,LG-N1-2827fd42a3f8096714ce288e,27,1.059175825354071,decision_function,,93d3892b158c35eccfadc27c879754db69ea5293782492ee5d4ff01a33bff983
S1,W2-bca708fa8f9fe406ec4049be,BASE_TRAIN,0,0,LG-N1-4f81c626001917870bbeaa33,10,-1.2920299629605474,decision_function,,93d3892b158c35eccfadc27c879754db69ea5293782492ee5d4ff01a33bff983
S1,W2-bcb7de571a2199f2f50fae9c,BASE_TRAIN,3,0,LG-N1-507a4d4041dba5ff75dfcf30,10,-1.3061744607147825,decision_function,,93d3892b158c35eccfadc27c879754db69ea5293782492ee5d4ff01a33bff983
S1,W2-bcd134e5da4bfb1b758fe803,BASE_TRAIN,4,0,LG-N1-fb9aead7b0928113f1badade,12,-0.8428595963106503,decision_function,,93d3892b158c35eccfadc27c879754db69ea5293782492ee5d4ff01a33bff983
S1,W2-bcdd89905abbca2a9886e361,BASE_TRAIN,0,0,LG-N1-138a8f37704c77d74b3c1ea8,10,-1.3174044353921,decision_function,,93d3892b158c35eccfadc27c879754db69ea5293782492ee5d4ff01a33bff983
S1,W2-bcf11c7f42b86f7b557e0622,BASE_TRAIN,3,0,LG-N1-1450368922cc9c1e275d7069,12,-1.2365233582053128,decision_function,,93d3892b158c35eccfadc27c879754db69ea5293782492ee5d4ff01a33bff983
S1,W2-bd3d536498d5d320f68e1b9b,BASE_TRAIN,3,0,LG-N1-8d018bdd8dd474cf7178988e,21,0.3195980557556884,decision_function,,93d3892b158c35eccfadc27c879754db69ea5293782492ee5d4ff01a33bff983
S1,W2-bd542df192914f32cd4e2210,BASE_TRAIN,3,1,LG-N1-41b4a719f059dc0bb5aa3cda,7,-1.1520777391761479,decision_function,,93d3892b158c35eccfadc27c879754db69ea5293782492ee5d4ff01a33bff983
S1,W2-bd8b7c0f6ae3643e060ecadf,BASE_TRAIN,1,0,LG-N1-10e1a0dadf59686803d790e8,14,-1.001759862412614,decision_function,,93d3892b158c35eccfadc27c879754db69ea5293782492ee5d4ff01a33bff983
S1,W2-bdb1df91ef1ff2ad075c57a0,BASE_TRAIN,2,0,LG-N1-2618e5e5584a7add192f6cc7,26,0.6751249477932175,decision_function,,93d3892b158c35eccfadc27c879754db69ea5293782492ee5d4ff01a33bff983
S1,W2-bdc0e00d9f734dacdfdd0520,BASE_TRAIN,1,0,LG-N1-7ad813dc227825110f3e4752,12,-1.2356716850381448,decision_function,,93d3892b158c35eccfadc27c879754db69ea5293782492ee5d4ff01a33bff983
S1,W2-be546d64d2cc98329632041d,BASE_TRAIN,1,0,LG-N1-4ae40ba9ea839f135209b1d6,29,0.592877177259569,decision_function,,93d3892b158c35eccfadc27c879754db69ea5293782492ee5d4ff01a33bff983
S1,W2-be6e8d3f2d94d1a19c775128,BASE_TRAIN,4,0,LG-N1-cdf9b320d1b14902d6fcde38,32,0.32968865411679993,decision_function,,93d3892b158c35eccfadc27c879754db69ea5293782492ee5d4ff01a33bff983
S1,W2-beb8cc5ccf9a944ee76aaca8,BASE_TRAIN,1,0,LG-N1-ab3e4178937044f66cceac05,16,-1.0421282025965386,decision_function,,93d3892b158c35eccfadc27c879754db69ea5293782492ee5d4ff01a33bff983
S1,W2-bec763ff03e6e3e90e1b4b09,BASE_TRAIN,3,0,LG-N1-30a2dfdb1fa1bbb618150d60,12,-1.2040658355079905,decision_function,,93d3892b158c35eccfadc27c879754db69ea5293782492ee5d4ff01a33bff983
S1,W2-becbe778065e62fa1482f00f,BASE_TRAIN,1,0,LG-N1-949c23124c41442e1a48710e,10,-1.4013154907378889,decision_function,,93d3892b158c35eccfadc27c879754db69ea5293782492ee5d4ff01a33bff983
S1,W2-bf131892e82adbd15df52734,BASE_TRAIN,1,0,LG-N1-09f27a63df5faaf810a62757,8,-0.8643051101406212,decision_function,,93d3892b158c35eccfadc27c879754db69ea5293782492ee5d4ff01a33bff983
S1,W2-bf1c1a65dac70557a4efeb40,BASE_TRAIN,2,1,LG-N1-f26326a69f45646d60f1eaa2,12,-0.9391253006585449,decision_function,,93d3892b158c35eccfadc27c879754db69ea5293782492ee5d4ff01a33bff983
S1,W2-bf3b6f608355f2c7ab786c83,BASE_TRAIN,1,0,LG-N1-e551d7c7f3afc9785dff5df6,20,0.5112083737793921,decision_function,,93d3892b158c35eccfadc27c879754db69ea5293782492ee5d4ff01a33bff983
S1,W2-bf4599cd842c0992197ce5e8,BASE_TRAIN,2,0,LG-N1-0d79f87ab6ae3eafdcd6bbbc,8,-1.623317851511604,decision_function,,93d3892b158c35eccfadc27c879754db69ea5293782492ee5d4ff01a33bff983
S1,W2-bf56e7ae4e63555413676c04,BASE_TRAIN,1,0,LG-N1-802e2aa213bac1edd6304fae,15,-0.9202653014464118,decision_function,,93d3892b158c35eccfadc27c879754db69ea5293782492ee5d4ff01a33bff983
S1,W2-bf783e20bfe3ec5d7a740d10,BASE_TRAIN,0,1,LG-N1-49ce0b689bbb345db751ad2b,17,0.5964943670535527,decision_function,,93d3892b158c35eccfadc27c879754db69ea5293782492ee5d4ff01a33bff983
S1,W2-bf8f41f77554f16cf7597a20,BASE_TRAIN,2,0,LG-N1-dbf0a9be8a0e207c868321b0,12,-1.1845237384236122,decision_function,,93d3892b158c35eccfadc27c879754db69ea5293782492ee5d4ff01a33bff983
S1,W2-bfab4508c5b87f6f3a7f2d50,BASE_TRAIN,4,0,LG-N1-439e1c6eda4a1e58d9d24a4b,8,-1.0639520636132629,decision_function,,93d3892b158c35eccfadc27c879754db69ea5293782492ee5d4ff01a33bff983
S1,W2-bfdb02df0a9816990d4c95a7,BASE_TRAIN,3,0,LG-N1-80e0a2081e9e564111b2fa41,15,-0.7498316429379379,decision_function,,93d3892b158c35eccfadc27c879754db69ea5293782492ee5d4ff01a33bff983
S1,W2-bfdf3565125021790a2d55a8,BASE_TRAIN,3,0,LG-N1-17f765ae33fc6922d7b5f017,9,-1.4973133006969477,decision_function,,93d3892b158c35eccfadc27c879754db69ea5293782492ee5d4ff01a33bff983
S1,W2-bfe70b7782c5afdebb979b10,BASE_TRAIN,2,0,LG-N1-52e9cb5c16c6ddea3264b3b5,8,-1.189366902908501,decision_function,,93d3892b158c35eccfadc27c879754db69ea5293782492ee5d4ff01a33bff983
S1,W2-bfe8fbfcad57a1b3a6d85286,BASE_TRAIN,0,0,LG-N1-67023059a8d17d5e282647ff,8,-1.369407985754711,decision_function,,93d3892b158c35eccfadc27c879754db69ea5293782492ee5d4ff01a33bff983
S1,W2-c0371f1e7497a29171cc7f37,BASE_TRAIN,2,1,LG-N1-8ee1da125d70d18dc9500eaa,21,0.43147124880187926,decision_function,,93d3892b158c35eccfadc27c879754db69ea5293782492ee5d4ff01a33bff983
S1,W2-c04dc8a20f0a008a72132ada,BASE_TRAIN,0,0,LG-N1-a72014becd709ba10ca5aad8,11,-1.0620566714920037,decision_function,,93d3892b158c35eccfadc27c879754db69ea5293782492ee5d4ff01a33bff983
S1,W2-c06d2068ed179846051820d2,BASE_TRAIN,3,0,LG-N1-b864eb7992ffb26b2265f605,6,-1.2404330373623889,decision_function,,93d3892b158c35eccfadc27c879754db69ea5293782492ee5d4ff01a33bff983
S1,W2-c0af6a67c31950b192713e85,BASE_TRAIN,2,1,LG-N1-b0cb098f9974ce85d01af0d9,35,1.4370225990874375,decision_function,,93d3892b158c35eccfadc27c879754db69ea5293782492ee5d4ff01a33bff983
S1,W2-c0f47ca6a09d3cd6bc67bd63,BASE_TRAIN,3,0,LG-N1-cdcdd798f1f85c49faf83097,9,-1.1300436675073526,decision_function,,93d3892b158c35eccfadc27c879754db69ea5293782492ee5d4ff01a33bff983
S1,W2-c10cc20517b69fd5c0111660,BASE_TRAIN,0,0,LG-N1-2c79b909732b088c985b8830,23,-0.34639649225367836,decision_function,,93d3892b158c35eccfadc27c879754db69ea5293782492ee5d4ff01a33bff983
S1,W2-c10ce114bde95eced64bb4a4,BASE_TRAIN,2,0,LG-N1-01606b959d0e73058ae5fd4c,6,-1.2135869176619065,decision_function,,93d3892b158c35eccfadc27c879754db69ea5293782492ee5d4ff01a33bff983
S1,W2-c13cedcc7c48a872963e940b,BASE_TRAIN,0,0,LG-N1-4f56e14b8fa0d37293920a32,12,-0.3149562124653282,decision_function,,93d3892b158c35eccfadc27c879754db69ea5293782492ee5d4ff01a33bff983
S1,W2-c17673995a8fafdef42659cf,BASE_TRAIN,0,0,LG-N1-a42311fc3eed85a1768588df,9,-1.4242089098855972,decision_function,,93d3892b158c35eccfadc27c879754db69ea5293782492ee5d4ff01a33bff983
S1,W2-c1c7fe0cd2d95bed8b2b3c8c,BASE_TRAIN,0,0,LG-N1-dba36ed3296a08f771334607,17,-0.7340452722235085,decision_function,,93d3892b158c35eccfadc27c879754db69ea5293782492ee5d4ff01a33bff983
S1,W2-c2ec3b8241af86c62c5d757c,BASE_TRAIN,4,0,LG-N1-c6ceb36cc3e328b5d56f1a3d,38,-0.8893700955215879,decision_function,,93d3892b158c35eccfadc27c879754db69ea5293782492ee5d4ff01a33bff983
S1,W2-c333d6dbbd545a6940b805d3,BASE_TRAIN,4,1,LG-N1-c3f18141f2ea0a519169a66e,24,1.1390028960502085,decision_function,,93d3892b158c35eccfadc27c879754db69ea5293782492ee5d4ff01a33bff983
S1,W2-c36e1e4772102c031eb93acb,BASE_TRAIN,0,0,LG-N1-6d95ecc501fc673396e0ecdb,10,-1.1322213361092783,decision_function,,93d3892b158c35eccfadc27c879754db69ea5293782492ee5d4ff01a33bff983
S1,W2-c3bba484d5a5b84f2b0989ef,BASE_TRAIN,2,0,LG-N1-fd0a0b62d8f500feec3f46d6,10,-1.056160807213264,decision_function,,93d3892b158c35eccfadc27c879754db69ea5293782492ee5d4ff01a33bff983
S1,W2-c402a30636a8bd33040ef42a,BASE_TRAIN,3,0,LG-N1-4258f6069880f6db0a43782c,8,-1.094387815434758,decision_function,,93d3892b158c35eccfadc27c879754db69ea5293782492ee5d4ff01a33bff983
S1,W2-c452a6ad975efaca4e263d82,BASE_TRAIN,2,0,LG-N1-0ec02c7cc72e077a11931fcc,16,0.702380059252164,decision_function,,93d3892b158c35eccfadc27c879754db69ea5293782492ee5d4ff01a33bff983
S1,W2-c4852274354245640b82c92b,BASE_TRAIN,3,0,LG-N1-654466a6b7842ee81a469829,14,-0.9019311984958758,decision_function,,93d3892b158c35eccfadc27c879754db69ea5293782492ee5d4ff01a33bff983
S1,W2-c49a77cdedbc9211ec862740,BASE_TRAIN,4,0,LG-N1-cd6d05891c531fda4ff85d1e,7,-1.3311140727559811,decision_function,,93d3892b158c35eccfadc27c879754db69ea5293782492ee5d4ff01a33bff983
S1,W2-c4ccdb93d3360272f974f0d7,BASE_TRAIN,0,0,LG-N1-f184f3aa27cd0af31358a43b,8,-1.3506801597629927,decision_function,,93d3892b158c35eccfadc27c879754db69ea5293782492ee5d4ff01a33bff983
S1,W2-c4dabcea57b1249e9aced0bc,BASE_TRAIN,0,0,LG-N1-055106312c3663bbb7b7da97,11,-0.9635956790513232,decision_function,,93d3892b158c35eccfadc27c879754db69ea5293782492ee5d4ff01a33bff983
S1,W2-c559e9319fe68f3bcc57da17,BASE_TRAIN,2,0,LG-N1-3d1514356a67bda490a43201,9,-1.4269123382789415,decision_function,,93d3892b158c35eccfadc27c879754db69ea5293782492ee5d4ff01a33bff983
S1,W2-c564b2e4c56c93c8ad445a53,BASE_TRAIN,0,1,LG-N1-552c3dfc7490df403c07bef8,10,-0.8346514623715586,decision_function,,93d3892b158c35eccfadc27c879754db69ea5293782492ee5d4ff01a33bff983
S1,W2-c57b889ba812b0a30fe283de,BASE_TRAIN,2,1,LG-N1-c4bc8f1ba34b213c1bd7e567,39,1.4904723899366439,decision_function,,93d3892b158c35eccfadc27c879754db69ea5293782492ee5d4ff01a33bff983
S1,W2-c5a124d3023a1f04736fabb2,BASE_TRAIN,3,0,LG-N1-6c9df83698011df7ac2db726,8,-1.2608798105493515,decision_function,,93d3892b158c35eccfadc27c879754db69ea5293782492ee5d4ff01a33bff983
S1,W2-c5a171dd8caad834f42f14c0,BASE_TRAIN,2,0,LG-N1-df7dc902f2050f30993246ef,11,-0.9749967718352508,decision_function,,93d3892b158c35eccfadc27c879754db69ea5293782492ee5d4ff01a33bff983
S1,W2-c5ac54c33bf8d3c615709f5b,BASE_TRAIN,4,0,LG-N1-3a2279a6a1f21214b4116f1d,12,-1.1241238908745412,decision_function,,93d3892b158c35eccfadc27c879754db69ea5293782492ee5d4ff01a33bff983
S1,W2-c65f51cb0b9809a45c0dad95,BASE_TRAIN,0,0,LG-N1-669a295d93c9fc6ffb3a5a96,54,1.2288134809340066,decision_function,,93d3892b158c35eccfadc27c879754db69ea5293782492ee5d4ff01a33bff983
S1,W2-c66731cfb78310cccbce8560,BASE_TRAIN,4,0,LG-N1-bdcc63ef920da23976debcea,15,-1.177266206525093,decision_function,,93d3892b158c35eccfadc27c879754db69ea5293782492ee5d4ff01a33bff983
S1,W2-c6c9a8919885f6d4ac6f418c,BASE_TRAIN,0,0,LG-N1-91b81e476404bebf115f553b,11,-0.5961979315478587,decision_function,,93d3892b158c35eccfadc27c879754db69ea5293782492ee5d4ff01a33bff983
S1,W2-c71e2dc95c794318bc9472d0,BASE_TRAIN,2,0,LG-N1-b14b1cfac42691c04fb6fd03,12,-1.2651219659596504,decision_function,,93d3892b158c35eccfadc27c879754db69ea5293782492ee5d4ff01a33bff983
S1,W2-c74021d065f112bd5ac647f3,BASE_TRAIN,3,0,LG-N1-9d59b8506ca6772a09947e8b,13,-0.9238731774800788,decision_function,,93d3892b158c35eccfadc27c879754db69ea5293782492ee5d4ff01a33bff983
S1,W2-c74b6c229efafaa2892e438e,BASE_TRAIN,0,0,LG-N1-b811847f5c5b25ac708b50ff,9,-1.1907609514718822,decision_function,,93d3892b158c35eccfadc27c879754db69ea5293782492ee5d4ff01a33bff983
S1,W2-c7876e3f7bc140c2795da525,BASE_TRAIN,1,0,LG-N1-0a52b9cb81a0c540fd357de0,12,-0.9096327819651927,decision_function,,93d3892b158c35eccfadc27c879754db69ea5293782492ee5d4ff01a33bff983
S1,W2-c7a795e72dec28abd910777d,BASE_TRAIN,4,0,LG-N1-86150cd973b8c2448d49fb14,17,0.5925274734125537,decision_function,,93d3892b158c35eccfadc27c879754db69ea5293782492ee5d4ff01a33bff983
S1,W2-c7f2a52204e098f7a36bda15,BASE_TRAIN,1,0,LG-N1-1ef8771451868eab69a2be6e,11,-1.1260049235719478,decision_function,,93d3892b158c35eccfadc27c879754db69ea5293782492ee5d4ff01a33bff983
S1,W2-c886a5bf47767f0563c8ffe6,BASE_TRAIN,0,1,LG-N1-949798469fd89d80afd84617,131,1.1063623682744053,decision_function,,93d3892b158c35eccfadc27c879754db69ea5293782492ee5d4ff01a33bff983
S1,W2-c8aa5609e7072d1e75ed2c0a,BASE_TRAIN,1,0,LG-N1-728b55c931f5baf4ab119ea1,40,-0.2448827237621346,decision_function,,93d3892b158c35eccfadc27c879754db69ea5293782492ee5d4ff01a33bff983
S1,W2-c8b883f3b4a39ad07a5690b2,BASE_TRAIN,3,0,LG-N1-efc7dd912698875b5552681e,14,-0.9603521175777552,decision_function,,93d3892b158c35eccfadc27c879754db69ea5293782492ee5d4ff01a33bff983
S1,W2-ca3a1c2afdfc217f11587c76,BASE_TRAIN,1,0,LG-N1-60de7e36707ea1033603c7c4,9,-1.1772907548366636,decision_function,,93d3892b158c35eccfadc27c879754db69ea5293782492ee5d4ff01a33bff983
S1,W2-ca5c0a88a95194094822d7c2,BASE_TRAIN,4,0,LG-N1-720c3b346417f52b2a1acc97,12,-0.9123389433995878,decision_function,,93d3892b158c35eccfadc27c879754db69ea5293782492ee5d4ff01a33bff983
S1,W2-caa915e76b307a9aefc5e1fa,BASE_TRAIN,4,0,LG-N1-a6dc879e3942ed461f9e1172,8,-1.2965523970787425,decision_function,,93d3892b158c35eccfadc27c879754db69ea5293782492ee5d4ff01a33bff983
S1,W2-cabb66a3cc1e01f6f3d0e3cd,BASE_TRAIN,4,0,LG-N1-10b58e46b681f3757a8e63e4,74,1.475657224573585,decision_function,,93d3892b158c35eccfadc27c879754db69ea5293782492ee5d4ff01a33bff983
S1,W2-cad4141cdd6cb429a190bf3b,BASE_TRAIN,0,0,LG-N1-0fb9faf16fec202bceba3087,15,-0.966208262697998,decision_function,,93d3892b158c35eccfadc27c879754db69ea5293782492ee5d4ff01a33bff983
S1,W2-cae97a3554ad4f6cbbedd9d0,BASE_TRAIN,3,0,LG-N1-0ac4967b9e9ec677efc9d1ed,7,-1.022332894753722,decision_function,,93d3892b158c35eccfadc27c879754db69ea5293782492ee5d4ff01a33bff983
S1,W2-cb3ec85a5f5de07cf72d6aca,BASE_TRAIN,2,0,LG-N1-4411b322d9840c1ac03c796f,27,-0.542542072150872,decision_function,,93d3892b158c35eccfadc27c879754db69ea5293782492ee5d4ff01a33bff983
S1,W2-cb4d2a387173b48627d02b73,BASE_TRAIN,3,0,LG-N1-c7b4a2749195d898c0c677ed,14,-0.9337506353613738,decision_function,,93d3892b158c35eccfadc27c879754db69ea5293782492ee5d4ff01a33bff983
S1,W2-cb5c3b98341a51d182570504,BASE_TRAIN,1,0,LG-N1-4749c5d06af08700324bac61,15,-1.1189893837153866,decision_function,,93d3892b158c35eccfadc27c879754db69ea5293782492ee5d4ff01a33bff983
S1,W2-cbf29b240bc75132e866bd1b,BASE_TRAIN,0,0,LG-N1-cf2052183dffa7f1a925b105,14,-1.135953769533244,decision_function,,93d3892b158c35eccfadc27c879754db69ea5293782492ee5d4ff01a33bff983
S1,W2-cca7699c0c940415633b24f8,BASE_TRAIN,2,0,LG-N1-f42b1a3cedbdd506c906e496,19,-0.2853877783221028,decision_function,,93d3892b158c35eccfadc27c879754db69ea5293782492ee5d4ff01a33bff983
S1,W2-ccfb6884a2bd3c0e0cfa697a,BASE_TRAIN,3,0,LG-N1-a936d4a65dffb7f47a8ab08e,11,-1.0160521091805441,decision_function,,93d3892b158c35eccfadc27c879754db69ea5293782492ee5d4ff01a33bff983
S1,W2-cd1f12397c0b6030c92343da,BASE_TRAIN,2,1,LG-N1-916417839736966806a40773,43,1.0716140069183746,decision_function,,93d3892b158c35eccfadc27c879754db69ea5293782492ee5d4ff01a33bff983
S1,W2-cd593a22dc240013e0a8b172,BASE_TRAIN,0,0,LG-N1-97060056790f5eeb56390a32,71,1.7169343082016904,decision_function,,93d3892b158c35eccfadc27c879754db69ea5293782492ee5d4ff01a33bff983
S1,W2-cd69c0d2b193eb5ff7c60fc6,BASE_TRAIN,0,0,LG-N1-833d96c0ded5618538317dd2,9,-1.065093213743858,decision_function,,93d3892b158c35eccfadc27c879754db69ea5293782492ee5d4ff01a33bff983
S1,W2-cde01a5350209bad65048db6,BASE_TRAIN,3,1,LG-N1-5325e920a55c226b2c677b04,308,0.9701401080168408,decision_function,,93d3892b158c35eccfadc27c879754db69ea5293782492ee5d4ff01a33bff983
S1,W2-cde307a9d7a69f786db86cec,BASE_TRAIN,0,0,LG-N1-4cdc426467642e606aba0731,61,1.174837292917935,decision_function,,93d3892b158c35eccfadc27c879754db69ea5293782492ee5d4ff01a33bff983
S1,W2-ce0856faceda15e78c1d261a,BASE_TRAIN,1,0,LG-N1-7551c20b4f6bc3dd769a8456,14,-1.0535314265111664,decision_function,,93d3892b158c35eccfadc27c879754db69ea5293782492ee5d4ff01a33bff983
S1,W2-ce49d3d26ae59eee5bda5de0,BASE_TRAIN,1,0,LG-N1-1db1d52e767f04237b8f98f6,12,-1.2836810228570372,decision_function,,93d3892b158c35eccfadc27c879754db69ea5293782492ee5d4ff01a33bff983
S1,W2-ce89cb7ea3899790cac3f02e,BASE_TRAIN,4,0,LG-N1-3eb6e34c822371b800b623fa,13,-0.9089137287027457,decision_function,,93d3892b158c35eccfadc27c879754db69ea5293782492ee5d4ff01a33bff983
S1,W2-cebbabaf1b5fb70240251c15,BASE_TRAIN,3,0,LG-N1-1714fd0f24090944762001ac,9,-1.2080378220400696,decision_function,,93d3892b158c35eccfadc27c879754db69ea5293782492ee5d4ff01a33bff983
S1,W2-cecd72be0587ea2cd1f4c9d1,BASE_TRAIN,3,0,LG-N1-bacf7f3fc470ee0eafb35e45,18,-1.140773460568698,decision_function,,93d3892b158c35eccfadc27c879754db69ea5293782492ee5d4ff01a33bff983
S1,W2-cf02e3d018906b2aab9d1976,BASE_TRAIN,0,0,LG-N1-bd4af60f7a21e8064154baa4,18,0.4813920475894365,decision_function,,93d3892b158c35eccfadc27c879754db69ea5293782492ee5d4ff01a33bff983
S1,W2-d0033369779d41ddfbccc0b5,BASE_TRAIN,4,0,LG-N1-76a78b779d9316527071f426,13,-1.1115641601038513,decision_function,,93d3892b158c35eccfadc27c879754db69ea5293782492ee5d4ff01a33bff983
S1,W2-d0213b14edae85c0b32ae410,BASE_TRAIN,1,1,LG-N1-bf33cc93c6bfc6f252deafa5,24,0.4383938603788494,decision_function,,93d3892b158c35eccfadc27c879754db69ea5293782492ee5d4ff01a33bff983
S1,W2-d0ab3a0f6f166634c246ffc0,BASE_TRAIN,3,0,LG-N1-a01f77c872717972df6a8dfe,15,-0.9617342880119379,decision_function,,93d3892b158c35eccfadc27c879754db69ea5293782492ee5d4ff01a33bff983
S1,W2-d0c65f2d4057a8535d957030,BASE_TRAIN,1,1,LG-N1-42d50f291cf0da5ba2a910cf,9,-1.1525260152581032,decision_function,,93d3892b158c35eccfadc27c879754db69ea5293782492ee5d4ff01a33bff983
S1,W2-d0c8b359421a6d1762530ab6,BASE_TRAIN,3,0,LG-N1-f2e5bb5af1426f4fad3d3c38,7,-1.3048675803096483,decision_function,,93d3892b158c35eccfadc27c879754db69ea5293782492ee5d4ff01a33bff983
S1,W2-d16f72784bd9cb4cb369e50a,BASE_TRAIN,1,0,LG-N1-eff12ab187db4d3ca25151eb,31,0.7001525661137008,decision_function,,93d3892b158c35eccfadc27c879754db69ea5293782492ee5d4ff01a33bff983
S1,W2-d2a76bfd43b7ce1a5f97294f,BASE_TRAIN,2,0,LG-N1-a8791039c9d60a0dceef144b,18,0.26031964190532575,decision_function,,93d3892b158c35eccfadc27c879754db69ea5293782492ee5d4ff01a33bff983
S1,W2-d2b89963b4129f51ffc35fcc,BASE_TRAIN,3,0,LG-N1-bbf84bebeffa65fd9dbf180e,15,-1.0002291133733523,decision_function,,93d3892b158c35eccfadc27c879754db69ea5293782492ee5d4ff01a33bff983
S1,W2-d2bf46f49b95467f04458b0a,BASE_TRAIN,2,0,LG-N1-51c78f0a5185a451c6db4d37,8,-1.3027321774977068,decision_function,,93d3892b158c35eccfadc27c879754db69ea5293782492ee5d4ff01a33bff983
S1,W2-d2e423d997b436d54fc02df0,BASE_TRAIN,2,0,LG-N1-81e81039da149728d74b2581,15,-1.248892600799274,decision_function,,93d3892b158c35eccfadc27c879754db69ea5293782492ee5d4ff01a33bff983
S1,W2-d3bba32ecee428d4619ce6f5,BASE_TRAIN,0,0,LG-N1-575db1ca26600d3d08416007,23,-0.9919393629945183,decision_function,,93d3892b158c35eccfadc27c879754db69ea5293782492ee5d4ff01a33bff983
S1,W2-d3f4a353fd56d1f3537c339b,BASE_TRAIN,2,0,LG-N1-31c129b368bd8818e5d316e8,21,-0.7305716670441305,decision_function,,93d3892b158c35eccfadc27c879754db69ea5293782492ee5d4ff01a33bff983
S1,W2-d405015e922222643daf86da,BASE_TRAIN,1,0,LG-N1-19bd8bc50ef23879f0ed97aa,12,-0.7052354843277211,decision_function,,93d3892b158c35eccfadc27c879754db69ea5293782492ee5d4ff01a33bff983
S1,W2-d429fcc7ddf0c3507a4b5b4d,BASE_TRAIN,1,0,LG-N1-11244240b444e65d3dcbd4c1,10,-1.3431761521894363,decision_function,,93d3892b158c35eccfadc27c879754db69ea5293782492ee5d4ff01a33bff983
S1,W2-d4482ef8a525ce921245fa57,BASE_TRAIN,0,0,LG-N1-cecb93e97bd1373e49e32f3b,11,-1.0526478883158457,decision_function,,93d3892b158c35eccfadc27c879754db69ea5293782492ee5d4ff01a33bff983
S1,W2-d44a76428f54dc4acdc244b8,BASE_TRAIN,1,1,LG-N1-10fca90e7653b52baf440760,19,0.3313370692921248,decision_function,,93d3892b158c35eccfadc27c879754db69ea5293782492ee5d4ff01a33bff983
S1,W2-d4647161e05bf0f671158c32,BASE_TRAIN,1,0,LG-N1-d9f02c02e0a8b0fdb0fadf8e,29,0.14690834929063212,decision_function,,93d3892b158c35eccfadc27c879754db69ea5293782492ee5d4ff01a33bff983
S1,W2-d4bad108f8226117757d638b,BASE_TRAIN,0,0,LG-N1-47751cfd5044c881d5d8b83b,15,-1.0706046487540184,decision_function,,93d3892b158c35eccfadc27c879754db69ea5293782492ee5d4ff01a33bff983
S1,W2-d4cfac1ac9e79424a6ab50b2,BASE_TRAIN,2,0,LG-N1-7252852ca2755c997ad30c41,5,-1.3026716646193657,decision_function,,93d3892b158c35eccfadc27c879754db69ea5293782492ee5d4ff01a33bff983
S1,W2-d4f6f93bc9ff7abd6afe80a3,BASE_TRAIN,1,0,LG-N1-3e262ff8f2a8c201be3e5932,13,-0.961793948458351,decision_function,,93d3892b158c35eccfadc27c879754db69ea5293782492ee5d4ff01a33bff983
S1,W2-d50deddf2e705e1aea22dcf9,BASE_TRAIN,4,0,LG-N1-ac96756ec1692b91a745bf07,7,-0.6696171214675296,decision_function,,93d3892b158c35eccfadc27c879754db69ea5293782492ee5d4ff01a33bff983
S1,W2-d528c439a572db55e28fa9b1,BASE_TRAIN,2,1,LG-N1-77ff796c46c0aacce97954e8,15,-1.285295316019576,decision_function,,93d3892b158c35eccfadc27c879754db69ea5293782492ee5d4ff01a33bff983
S1,W2-d5438fac3be8d41d9df26870,BASE_TRAIN,2,1,LG-N1-870ced7f32212a71fdf0965b,27,-0.36121094700464473,decision_function,,93d3892b158c35eccfadc27c879754db69ea5293782492ee5d4ff01a33bff983
S1,W2-d5d35e252855b44beb042745,BASE_TRAIN,0,0,LG-N1-cdc1fe60ba83cc191ff85e31,9,-0.9002255216944626,decision_function,,93d3892b158c35eccfadc27c879754db69ea5293782492ee5d4ff01a33bff983
S1,W2-d610e70cfd8caeb891e05b5b,BASE_TRAIN,1,0,LG-N1-275cfd124c0b2c3c39c8ae1c,51,1.0001165148229307,decision_function,,93d3892b158c35eccfadc27c879754db69ea5293782492ee5d4ff01a33bff983
S1,W2-d63f331073e257e22b00113a,BASE_TRAIN,2,0,LG-N1-71ed9d0a2a87dfe6c7a43ac9,10,-1.0036509377374183,decision_function,,93d3892b158c35eccfadc27c879754db69ea5293782492ee5d4ff01a33bff983
S1,W2-d654ae1d35268b2f159d0037,BASE_TRAIN,4,0,LG-N1-9a1088611a3ca246ad72bc91,13,-0.5404656739548894,decision_function,,93d3892b158c35eccfadc27c879754db69ea5293782492ee5d4ff01a33bff983
S1,W2-d6b5b0e3388db1e71d3d2758,BASE_TRAIN,2,0,LG-N1-6c40f4d780ccbc60a6816ec9,15,-0.8211680271898356,decision_function,,93d3892b158c35eccfadc27c879754db69ea5293782492ee5d4ff01a33bff983
S1,W2-d6b75f880474860b66b31704,BASE_TRAIN,1,0,LG-N1-264830c42d0a12e49d3fd720,13,-0.7717580120152088,decision_function,,93d3892b158c35eccfadc27c879754db69ea5293782492ee5d4ff01a33bff983
S1,W2-d6f09856301d85e5dedadab2,BASE_TRAIN,3,0,LG-N1-ef52bcd3827a1277f01e63c2,40,1.4241469500171897,decision_function,,93d3892b158c35eccfadc27c879754db69ea5293782492ee5d4ff01a33bff983
S1,W2-d70118e14fd83000fd73f84c,BASE_TRAIN,2,0,LG-N1-d181caf9667cf7f3dce84c7a,49,0.8717013850321216,decision_function,,93d3892b158c35eccfadc27c879754db69ea5293782492ee5d4ff01a33bff983
S1,W2-d73de42847c6786f5a66b220,BASE_TRAIN,4,0,LG-N1-dc0d571abfc607c2739144cb,13,-0.8936533126071343,decision_function,,93d3892b158c35eccfadc27c879754db69ea5293782492ee5d4ff01a33bff983
S1,W2-d75b14dca8e10f2c02acdddd,BASE_TRAIN,3,0,LG-N1-898fc104c869f4ef52823e3d,23,-0.8373353194002173,decision_function,,93d3892b158c35eccfadc27c879754db69ea5293782492ee5d4ff01a33bff983
S1,W2-d76d7662e893bcb183ee7648,BASE_TRAIN,1,0,LG-N1-0cf60d2be165d8e5c9ec4b3a,13,-0.9984887356910171,decision_function,,93d3892b158c35eccfadc27c879754db69ea5293782492ee5d4ff01a33bff983
S1,W2-d7a9dff616bfd5c9bf9b036b,BASE_TRAIN,2,0,LG-N1-8c7b7eb3a5fb72dcb3da556a,9,-0.9700593347879145,decision_function,,93d3892b158c35eccfadc27c879754db69ea5293782492ee5d4ff01a33bff983
S1,W2-d7be2aee6a7a4043e359ec38,BASE_TRAIN,3,1,LG-N1-23bd13bcb39915e16dd6a278,14,-1.031279069828041,decision_function,,93d3892b158c35eccfadc27c879754db69ea5293782492ee5d4ff01a33bff983
S1,W2-d7f31702f79ae2c2560be481,BASE_TRAIN,1,1,LG-N1-6595c64d76b4a1ea8d2927a4,99,1.7712661908260912,decision_function,,93d3892b158c35eccfadc27c879754db69ea5293782492ee5d4ff01a33bff983
S1,W2-d8026a986a9a3163c7dcb0e8,BASE_TRAIN,3,0,LG-N1-a3934b46079869f2efd0c161,12,-1.1670337426826547,decision_function,,93d3892b158c35eccfadc27c879754db69ea5293782492ee5d4ff01a33bff983
S1,W2-d80a90ff3f787fe79fa5167c,BASE_TRAIN,2,0,LG-N1-5e7f6e4d930a185498192d49,38,0.9249272551304206,decision_function,,93d3892b158c35eccfadc27c879754db69ea5293782492ee5d4ff01a33bff983
S1,W2-d81e3a89adc7661ec01a1a4c,BASE_TRAIN,1,1,LG-N1-fcdfc3c21d5f5540d5b371d8,39,1.469530913937922,decision_function,,93d3892b158c35eccfadc27c879754db69ea5293782492ee5d4ff01a33bff983
S1,W2-d8325f4a954aec56e703847f,BASE_TRAIN,0,1,LG-N1-69888a8dfe8fe7aac2fb8138,87,1.2399559233387398,decision_function,,93d3892b158c35eccfadc27c879754db69ea5293782492ee5d4ff01a33bff983
S1,W2-d88c0e2869f0007229518616,BASE_TRAIN,3,0,LG-N1-34544f90f37e1c3a59841609,17,-0.26886086934485726,decision_function,,93d3892b158c35eccfadc27c879754db69ea5293782492ee5d4ff01a33bff983
S1,W2-d8b9cdc3b8606278eb63f387,BASE_TRAIN,2,0,LG-N1-76575fc26700b5e816290543,12,-0.8555936713264181,decision_function,,93d3892b158c35eccfadc27c879754db69ea5293782492ee5d4ff01a33bff983
S1,W2-d8e69ad880a8eab96770ca48,BASE_TRAIN,2,1,LG-N1-90c66648ae5842492e7e9584,29,0.8954732758793142,decision_function,,93d3892b158c35eccfadc27c879754db69ea5293782492ee5d4ff01a33bff983
S1,W2-d9224504b682f7c8dcad57c8,BASE_TRAIN,4,0,LG-N1-0d3266ebec0ea4789f0153f1,29,0.9762875257266618,decision_function,,93d3892b158c35eccfadc27c879754db69ea5293782492ee5d4ff01a33bff983
S1,W2-d9483912e331cc9ed8f295e0,BASE_TRAIN,2,0,LG-N1-df41ab98e8762aa2739e1847,20,0.5440626858202764,decision_function,,93d3892b158c35eccfadc27c879754db69ea5293782492ee5d4ff01a33bff983
S1,W2-d9c63357d8d6e72463bc0f48,BASE_TRAIN,2,0,LG-N1-d0f34827d2366d55eac12dcc,9,-1.4500078323190178,decision_function,,93d3892b158c35eccfadc27c879754db69ea5293782492ee5d4ff01a33bff983
S1,W2-da4da95525d90e7d76d1c4b2,BASE_TRAIN,0,0,LG-N1-ae923deb9d5a9c8bb741336a,8,-1.5966371118321023,decision_function,,93d3892b158c35eccfadc27c879754db69ea5293782492ee5d4ff01a33bff983
S1,W2-da97953abaeb7e00433e4c79,BASE_TRAIN,1,0,LG-N1-4f22d13d57a57de055367889,7,-1.3635245394558932,decision_function,,93d3892b158c35eccfadc27c879754db69ea5293782492ee5d4ff01a33bff983
S1,W2-dab790d28c3ee725c19a1355,BASE_TRAIN,2,0,LG-N1-aa554c3facf61892c84364e0,116,0.5715258200073299,decision_function,,93d3892b158c35eccfadc27c879754db69ea5293782492ee5d4ff01a33bff983
S1,W2-dacafd311486975f701c904f,BASE_TRAIN,4,0,LG-N1-95037e08161cb55e90bf9cc5,12,-1.2365417897858597,decision_function,,93d3892b158c35eccfadc27c879754db69ea5293782492ee5d4ff01a33bff983
S1,W2-db245195d973f118ca2a53f0,BASE_TRAIN,0,0,LG-N1-ec2fad401449e2957959bb9b,8,-1.4324221878175347,decision_function,,93d3892b158c35eccfadc27c879754db69ea5293782492ee5d4ff01a33bff983
S1,W2-db94ce106da7608c377a6237,BASE_TRAIN,2,1,LG-N1-f38aee375cacc6ab54ad930c,31,-0.22584023059431677,decision_function,,93d3892b158c35eccfadc27c879754db69ea5293782492ee5d4ff01a33bff983
S1,W2-dbd7ede8a672a3519898a612,BASE_TRAIN,4,0,LG-N1-f90c19fe3a258c8f4121212c,16,0.7135448629621474,decision_function,,93d3892b158c35eccfadc27c879754db69ea5293782492ee5d4ff01a33bff983
S1,W2-dbe45a977a09e59ea2fb8c30,BASE_TRAIN,3,0,LG-N1-be356b60828a2441f139d6b2,9,-1.225188634525861,decision_function,,93d3892b158c35eccfadc27c879754db69ea5293782492ee5d4ff01a33bff983
S1,W2-dc2a9ebd8eb80e1d3ac9a31e,BASE_TRAIN,1,0,LG-N1-5cf8594f064d238dfc2b68e0,10,-0.7982137899495542,decision_function,,93d3892b158c35eccfadc27c879754db69ea5293782492ee5d4ff01a33bff983
S1,W2-dc3d29a859f0a9d809f8bde0,BASE_TRAIN,4,0,LG-N1-ed4e7abbf3741a14b2b848d1,45,-0.5024512488077851,decision_function,,93d3892b158c35eccfadc27c879754db69ea5293782492ee5d4ff01a33bff983
S1,W2-dc5d316ee7f8d99d9ee4fcfa,BASE_TRAIN,3,0,LG-N1-776f534f478f1d38dae7cf59,11,-1.1724873324616152,decision_function,,93d3892b158c35eccfadc27c879754db69ea5293782492ee5d4ff01a33bff983
S1,W2-dc6c09e3b403bb6e1aa43cee,BASE_TRAIN,4,0,LG-N1-405f56c265eedbf9744a59cc,19,0.6811815576973742,decision_function,,93d3892b158c35eccfadc27c879754db69ea5293782492ee5d4ff01a33bff983
S1,W2-dc73b93f3372f7316cdb2897,BASE_TRAIN,1,1,LG-N1-7d26dd3a57e007e9dab791b5,33,1.6135949437760315,decision_function,,93d3892b158c35eccfadc27c879754db69ea5293782492ee5d4ff01a33bff983
S1,W2-dc848bd0f89a34eb00d43bc5,BASE_TRAIN,2,0,LG-N1-23a756136199c8c84cfe64a0,15,-1.115004456823403,decision_function,,93d3892b158c35eccfadc27c879754db69ea5293782492ee5d4ff01a33bff983
S1,W2-dc884f61246fbaed94d17643,BASE_TRAIN,2,1,LG-N1-cb28813076de7db4fa92520f,213,1.1982390977879627,decision_function,,93d3892b158c35eccfadc27c879754db69ea5293782492ee5d4ff01a33bff983
S1,W2-dca3a6d74a7cddac86dd571e,BASE_TRAIN,0,0,LG-N1-6744ca10ab789987b04a8a41,33,1.0337168482169727,decision_function,,93d3892b158c35eccfadc27c879754db69ea5293782492ee5d4ff01a33bff983
S1,W2-dcd2f24363c72c1a5c851556,BASE_TRAIN,3,0,LG-N1-c425347685189c4ec9c9f1d0,7,-1.204156891554152,decision_function,,93d3892b158c35eccfadc27c879754db69ea5293782492ee5d4ff01a33bff983
S1,W2-dcf5b4be61e59467321c8680,BASE_TRAIN,4,0,LG-N1-0461e3b08a54d77abbb05ab9,7,-1.6053635295774127,decision_function,,93d3892b158c35eccfadc27c879754db69ea5293782492ee5d4ff01a33bff983
S1,W2-dd2317a66faaf974b05e945d,BASE_TRAIN,3,1,LG-N1-73bd2b1851b7034127348eff,41,1.1307536672832499,decision_function,,93d3892b158c35eccfadc27c879754db69ea5293782492ee5d4ff01a33bff983
S1,W2-dd2465b08b55c99a3c33b3c1,BASE_TRAIN,1,1,LG-N1-14850fdb3363b00db7e0a6ab,22,-0.6454741146723167,decision_function,,93d3892b158c35eccfadc27c879754db69ea5293782492ee5d4ff01a33bff983
S1,W2-dd3d6cdc1732cce5bf74e3a6,BASE_TRAIN,1,0,LG-N1-c0889bb2e98989a1de6eaf73,12,-1.3116305164649487,decision_function,,93d3892b158c35eccfadc27c879754db69ea5293782492ee5d4ff01a33bff983
S1,W2-ddad7267f015d678eaf8e3c2,BASE_TRAIN,2,0,LG-N1-dd7135fb73654028640b69f5,13,0.8685348829929458,decision_function,,93d3892b158c35eccfadc27c879754db69ea5293782492ee5d4ff01a33bff983
S1,W2-dde84fe181135ba26652de19,BASE_TRAIN,3,0,LG-N1-71037bee38b8d23464e28d64,8,-1.4082566460983115,decision_function,,93d3892b158c35eccfadc27c879754db69ea5293782492ee5d4ff01a33bff983
S1,W2-ddfa511ec830c242b8eb4e78,BASE_TRAIN,0,0,LG-N1-0b509645f918df0b6dfc78ed,12,-0.6949550740525661,decision_function,,93d3892b158c35eccfadc27c879754db69ea5293782492ee5d4ff01a33bff983
S1,W2-df27ad2f372741786d5cb64f,BASE_TRAIN,0,0,LG-N1-16a69dbbb9cb9b14076ee3c3,17,-0.4869862653384524,decision_function,,93d3892b158c35eccfadc27c879754db69ea5293782492ee5d4ff01a33bff983
S1,W2-df3219e843476cff83e3565f,BASE_TRAIN,0,0,LG-N1-a4732b58ae1f68960ed64a04,15,-0.7108412746378501,decision_function,,93d3892b158c35eccfadc27c879754db69ea5293782492ee5d4ff01a33bff983
S1,W2-df86d49b156801235ddf93fc,BASE_TRAIN,2,0,LG-N1-61ca42041b5327ae963e6345,10,-1.2808963423759945,decision_function,,93d3892b158c35eccfadc27c879754db69ea5293782492ee5d4ff01a33bff983
S1,W2-dfefb1605612144aa94e9eaa,BASE_TRAIN,0,0,LG-N1-cbe247849eaabb3dba36bc8c,98,0.34168789829076834,decision_function,,93d3892b158c35eccfadc27c879754db69ea5293782492ee5d4ff01a33bff983
S1,W2-e00a227648419ebcc0f36388,BASE_TRAIN,4,0,LG-N1-105861f917d8457da16a91d0,17,-0.6164933300413425,decision_function,,93d3892b158c35eccfadc27c879754db69ea5293782492ee5d4ff01a33bff983
S1,W2-e00d80cb014a705fd80f3b5a,BASE_TRAIN,2,0,LG-N1-ebb3eb9dd0acf84b4f03ef20,6,-1.4327736132599247,decision_function,,93d3892b158c35eccfadc27c879754db69ea5293782492ee5d4ff01a33bff983
S1,W2-e066b1ed140a1ee93bdf68e8,BASE_TRAIN,3,0,LG-N1-ce50dd6043c849980cce8b22,5,-0.7489876380168276,decision_function,,93d3892b158c35eccfadc27c879754db69ea5293782492ee5d4ff01a33bff983
S1,W2-e07b1aef955b7fb8fd07771f,BASE_TRAIN,3,0,LG-N1-e688a0a404c3340169e0d179,8,-1.4970585699927648,decision_function,,93d3892b158c35eccfadc27c879754db69ea5293782492ee5d4ff01a33bff983
S1,W2-e0c6b9530a24d16706eb01b7,BASE_TRAIN,0,0,LG-N1-e8e4127ff205e15f3da404fe,10,-1.0019456886258853,decision_function,,93d3892b158c35eccfadc27c879754db69ea5293782492ee5d4ff01a33bff983
S1,W2-e0ce991b0ce026d4835b8545,BASE_TRAIN,1,0,LG-N1-9cecd74a8df53e67400b0ab4,19,1.0361131628842073,decision_function,,93d3892b158c35eccfadc27c879754db69ea5293782492ee5d4ff01a33bff983
S1,W2-e1259ed4c5bd6f24ab092fdb,BASE_TRAIN,3,0,LG-N1-95a2a6c6619e73f2b60942cd,13,-0.662479494667418,decision_function,,93d3892b158c35eccfadc27c879754db69ea5293782492ee5d4ff01a33bff983
S1,W2-e12ff02b5d885a0193e1ed03,BASE_TRAIN,2,0,LG-N1-8d205d5b6ba515a7194232ac,15,-0.6926389589044648,decision_function,,93d3892b158c35eccfadc27c879754db69ea5293782492ee5d4ff01a33bff983
S1,W2-e1dab2ef528cb08229849bc0,BASE_TRAIN,0,0,LG-N1-37b5b5e62bc4d7474187a3a3,14,-0.7706701317825364,decision_function,,93d3892b158c35eccfadc27c879754db69ea5293782492ee5d4ff01a33bff983
S1,W2-e1fe3b81692ee8fcb5b22746,BASE_TRAIN,3,0,LG-N1-f9aba516d58a1437a086b0a4,5,-0.9764854870379498,decision_function,,93d3892b158c35eccfadc27c879754db69ea5293782492ee5d4ff01a33bff983
S1,W2-e2041b683c682d7a6ad6a001,BASE_TRAIN,2,1,LG-N1-d185b3fbc75bd8690baceb13,23,0.9270270201513997,decision_function,,93d3892b158c35eccfadc27c879754db69ea5293782492ee5d4ff01a33bff983
S1,W2-e26749002e8f1dbc1a6c2af8,BASE_TRAIN,2,0,LG-N1-e0d93f03b6483d38c64330a5,10,-1.3091609234602481,decision_function,,93d3892b158c35eccfadc27c879754db69ea5293782492ee5d4ff01a33bff983
S1,W2-e298c137965d9d3c2449443b,BASE_TRAIN,2,0,LG-N1-d3fa478fb01bddecf04cf339,10,-0.8891291213622821,decision_function,,93d3892b158c35eccfadc27c879754db69ea5293782492ee5d4ff01a33bff983
S1,W2-e2c849490677a628f53bfdeb,BASE_TRAIN,4,1,LG-N1-5a26c55e7381be0903ceb263,16,-0.16563836366146392,decision_function,,93d3892b158c35eccfadc27c879754db69ea5293782492ee5d4ff01a33bff983
S1,W2-e2f83cc27e331efa83f1ad40,BASE_TRAIN,0,0,LG-N1-a5aac66529bb5fb09dc4a6da,19,0.6476829038988559,decision_function,,93d3892b158c35eccfadc27c879754db69ea5293782492ee5d4ff01a33bff983
S1,W2-e325717cb777a9a051f0cea5,BASE_TRAIN,0,0,LG-N1-98f321a8983ae8b199997d1d,6,-1.3578055264783757,decision_function,,93d3892b158c35eccfadc27c879754db69ea5293782492ee5d4ff01a33bff983
S1,W2-e3707a0d4aa1329f22bf4a40,BASE_TRAIN,3,1,LG-N1-adda2cf7038bcc52a9c64b66,15,-0.5599227777970355,decision_function,,93d3892b158c35eccfadc27c879754db69ea5293782492ee5d4ff01a33bff983
S1,W2-e3a7c2f6e6b1a9d4c1d325bd,BASE_TRAIN,4,0,LG-N1-ac62f6c9c87e72ec49c58fcd,9,-1.124124994294482,decision_function,,93d3892b158c35eccfadc27c879754db69ea5293782492ee5d4ff01a33bff983
S1,W2-e42e29928f695344b8731751,BASE_TRAIN,0,0,LG-N1-5b325bb5aefe7a4afb75c369,13,-1.1375277732470042,decision_function,,93d3892b158c35eccfadc27c879754db69ea5293782492ee5d4ff01a33bff983
S1,W2-e42f958efc4dbcdabf1d7c73,BASE_TRAIN,1,0,LG-N1-ff5c0e9a3f8ed452747ade2a,8,-1.5017038163235723,decision_function,,93d3892b158c35eccfadc27c879754db69ea5293782492ee5d4ff01a33bff983
S1,W2-e4830510e10b96a775ef189c,BASE_TRAIN,3,0,LG-N1-dc4a24eb642e50c245be9e39,6,-1.307180520442129,decision_function,,93d3892b158c35eccfadc27c879754db69ea5293782492ee5d4ff01a33bff983
S1,W2-e484c179d298904a8df6cb77,BASE_TRAIN,3,1,LG-N1-9658762523cc4b76d8116181,8,-1.3656090423475156,decision_function,,93d3892b158c35eccfadc27c879754db69ea5293782492ee5d4ff01a33bff983
S1,W2-e495b7dcf13cbf09532b307a,BASE_TRAIN,1,0,LG-N1-4e6c88bd10b81811a8cb132e,8,-1.0696408476809336,decision_function,,93d3892b158c35eccfadc27c879754db69ea5293782492ee5d4ff01a33bff983
S1,W2-e4ad26a545d817093092ac89,BASE_TRAIN,2,1,LG-N1-8556e18cbf5f283543c79165,55,1.401855146397666,decision_function,,93d3892b158c35eccfadc27c879754db69ea5293782492ee5d4ff01a33bff983
S1,W2-e4dd0bdddea17d9438c1a807,BASE_TRAIN,4,0,LG-N1-65ec9328c99d992b895e6d45,22,-0.2922367984830557,decision_function,,93d3892b158c35eccfadc27c879754db69ea5293782492ee5d4ff01a33bff983
S1,W2-e51bfb3ae216a3c9ca73ecc5,BASE_TRAIN,4,0,LG-N1-31ff25a05b96486a1b8e5cf9,75,0.746000306186764,decision_function,,93d3892b158c35eccfadc27c879754db69ea5293782492ee5d4ff01a33bff983
S1,W2-e52ae7c42a13f36f1f4022c3,BASE_TRAIN,1,1,LG-N1-b711756d589b26c21de331d7,25,1.2450691354357115,decision_function,,93d3892b158c35eccfadc27c879754db69ea5293782492ee5d4ff01a33bff983
S1,W2-e56b2b2cf68cf88f085cd28b,BASE_TRAIN,3,0,LG-N1-ee0f4ed6dc7372612bb5595d,17,0.22283419551009082,decision_function,,93d3892b158c35eccfadc27c879754db69ea5293782492ee5d4ff01a33bff983
S1,W2-e56b68c38af0eaa099948592,BASE_TRAIN,2,0,LG-N1-d27f274ef95200c0b260fdb6,14,-0.9049954152872832,decision_function,,93d3892b158c35eccfadc27c879754db69ea5293782492ee5d4ff01a33bff983
S1,W2-e618d99318d8e546733c499b,BASE_TRAIN,3,0,LG-N1-a35dbfd9ff21b36c98b65122,6,-0.7524065797988366,decision_function,,93d3892b158c35eccfadc27c879754db69ea5293782492ee5d4ff01a33bff983
S1,W2-e67d1c51d1a9a17d5e84c2be,BASE_TRAIN,1,0,LG-N1-b347f510e97d90a699484770,14,-0.696414991291996,decision_function,,93d3892b158c35eccfadc27c879754db69ea5293782492ee5d4ff01a33bff983
S1,W2-e6a82606693d08d9276b9e91,BASE_TRAIN,0,0,LG-N1-f18f3dfd872c96dc5c79d93c,13,-0.5348412955365011,decision_function,,93d3892b158c35eccfadc27c879754db69ea5293782492ee5d4ff01a33bff983
S1,W2-e6fdb126f818b34116048b3b,BASE_TRAIN,1,0,LG-N1-5d311f78891f0463b7eb10c2,7,-1.8538149740551169,decision_function,,93d3892b158c35eccfadc27c879754db69ea5293782492ee5d4ff01a33bff983
S1,W2-e7255527027c7d6e019497dd,BASE_TRAIN,3,0,LG-N1-f31f515ad131fb7b20abcca6,8,-1.2742129134856803,decision_function,,93d3892b158c35eccfadc27c879754db69ea5293782492ee5d4ff01a33bff983
S1,W2-e762a251f4e1d3339a3e51a4,BASE_TRAIN,3,0,LG-N1-66655a814e752d04baa8fe00,28,0.17795434824299666,decision_function,,93d3892b158c35eccfadc27c879754db69ea5293782492ee5d4ff01a33bff983
S1,W2-e7c5c3df7e5d8249abcafa21,BASE_TRAIN,4,0,LG-N1-5a07d5246679f72044848e33,17,0.9573655678589029,decision_function,,93d3892b158c35eccfadc27c879754db69ea5293782492ee5d4ff01a33bff983
S1,W2-e7d4d95012a9581c8a2ff0c1,BASE_TRAIN,0,0,LG-N1-dd51a68a70b9d7f9a46c59dc,7,-1.413503302632092,decision_function,,93d3892b158c35eccfadc27c879754db69ea5293782492ee5d4ff01a33bff983
S1,W2-e7eb7ee929865a0ef1082d09,BASE_TRAIN,1,0,LG-N1-4c8fe890f9a3138bd4cfdb90,13,-1.052762361287479,decision_function,,93d3892b158c35eccfadc27c879754db69ea5293782492ee5d4ff01a33bff983
S1,W2-e8a4379bb6583221eec1286f,BASE_TRAIN,3,0,LG-N1-ccc328ea55b8a195453181a8,8,-0.2826726838791271,decision_function,,93d3892b158c35eccfadc27c879754db69ea5293782492ee5d4ff01a33bff983
S1,W2-e8c11ace95c2b2b376b7ee62,BASE_TRAIN,2,0,LG-N1-d304c50a525b2d33354e9f4c,10,-1.9755423360643427,decision_function,,93d3892b158c35eccfadc27c879754db69ea5293782492ee5d4ff01a33bff983
S1,W2-e8e2153055b74c218661f7d3,BASE_TRAIN,2,1,LG-N1-fbf0f933879a2ed4aa2a6834,23,0.9074785349858723,decision_function,,93d3892b158c35eccfadc27c879754db69ea5293782492ee5d4ff01a33bff983
S1,W2-e92569bc4c06f38bff603c5d,BASE_TRAIN,4,1,LG-N1-830b4ce01a969ffbd55a6ce0,110,1.4405772610988317,decision_function,,93d3892b158c35eccfadc27c879754db69ea5293782492ee5d4ff01a33bff983
S1,W2-e93e791e12cccbffa5ade83b,BASE_TRAIN,3,0,LG-N1-5c2f6c7911a0b58f6986bf5d,12,-0.9102906648934626,decision_function,,93d3892b158c35eccfadc27c879754db69ea5293782492ee5d4ff01a33bff983
S1,W2-e9d19165a2f9cb50376183aa,BASE_TRAIN,3,0,LG-N1-29e6eb093fb8b9a6c4db736f,13,-1.143477842908052,decision_function,,93d3892b158c35eccfadc27c879754db69ea5293782492ee5d4ff01a33bff983
S1,W2-e9d895ef225f65b534d2ff6f,BASE_TRAIN,1,0,LG-N1-e25ff6725054fff1573d8215,12,-0.6570494826455818,decision_function,,93d3892b158c35eccfadc27c879754db69ea5293782492ee5d4ff01a33bff983
S1,W2-e9e6d1223268b99b4c3ec855,BASE_TRAIN,0,1,LG-N1-bdd7b6a4dc184d8ae3039974,41,1.4576915540873565,decision_function,,93d3892b158c35eccfadc27c879754db69ea5293782492ee5d4ff01a33bff983
S1,W2-ea04386d86d36a8648150077,BASE_TRAIN,2,0,LG-N1-562e84c562e4e5adb364be20,11,-0.6556549030664918,decision_function,,93d3892b158c35eccfadc27c879754db69ea5293782492ee5d4ff01a33bff983
S1,W2-ea415f76bf74f4e5fc2dba03,BASE_TRAIN,0,1,LG-N1-dec275fe334cc9136130a5e8,25,0.990059012410669,decision_function,,93d3892b158c35eccfadc27c879754db69ea5293782492ee5d4ff01a33bff983
S1,W2-ea5679908860f124464f471d,BASE_TRAIN,4,0,LG-N1-e76b00b253a23896c0d36aab,12,-1.1978453447257023,decision_function,,93d3892b158c35eccfadc27c879754db69ea5293782492ee5d4ff01a33bff983
S1,W2-ea6673ede63fd1ba764f288f,BASE_TRAIN,2,0,LG-N1-71bc7de9ee2e14079e4a6d55,7,-0.9626475458395639,decision_function,,93d3892b158c35eccfadc27c879754db69ea5293782492ee5d4ff01a33bff983
S1,W2-ea732f6b0fb33bf1aa304d36,BASE_TRAIN,1,0,LG-N1-d504dd7baf3792a42f62f55d,7,-1.2317464014551116,decision_function,,93d3892b158c35eccfadc27c879754db69ea5293782492ee5d4ff01a33bff983
S1,W2-ea8a6cc0602cdb6dd81b006b,BASE_TRAIN,3,1,LG-N1-e6afd6831b22830b4b18b682,47,1.6664645043000157,decision_function,,93d3892b158c35eccfadc27c879754db69ea5293782492ee5d4ff01a33bff983
S1,W2-eaabb1eca88e88e3fd467101,BASE_TRAIN,2,0,LG-N1-9037fbbceb33aae991bc6e54,13,-0.870815564724043,decision_function,,93d3892b158c35eccfadc27c879754db69ea5293782492ee5d4ff01a33bff983
S1,W2-eac71d0825bc1f59bae603b5,BASE_TRAIN,0,0,LG-N1-cfd92833d08731c2820a9ff1,8,-1.0351822922925273,decision_function,,93d3892b158c35eccfadc27c879754db69ea5293782492ee5d4ff01a33bff983
S1,W2-eae07c644dbad872465053d7,BASE_TRAIN,2,0,LG-N1-b3c68f6984980f725069af79,40,-0.3550802924697132,decision_function,,93d3892b158c35eccfadc27c879754db69ea5293782492ee5d4ff01a33bff983
S1,W2-eb6ff5598b280613d2678b01,BASE_TRAIN,0,0,LG-N1-99a5e69cf42d16bf1b7495f8,11,-1.0513733093518467,decision_function,,93d3892b158c35eccfadc27c879754db69ea5293782492ee5d4ff01a33bff983
S1,W2-ebad2696d52347b9331d5715,BASE_TRAIN,0,0,LG-N1-cebfd1bb4f648388e9dc1dc6,11,-0.7823719357161094,decision_function,,93d3892b158c35eccfadc27c879754db69ea5293782492ee5d4ff01a33bff983
S1,W2-ec5ce97e0afd617cf4a60c61,BASE_TRAIN,2,0,LG-N1-e399ebbca5951e988fe58e97,10,-0.6388216830444267,decision_function,,93d3892b158c35eccfadc27c879754db69ea5293782492ee5d4ff01a33bff983
S1,W2-ec6e6ace960c6e66f172fd23,BASE_TRAIN,4,0,LG-N1-16fdce000124c885437bb7fe,10,-0.7542615118131307,decision_function,,93d3892b158c35eccfadc27c879754db69ea5293782492ee5d4ff01a33bff983
S1,W2-ec6f4b2229b6da57ae351e28,BASE_TRAIN,3,0,LG-N1-033f77b11193cbd755ba0870,15,-1.1175400514820835,decision_function,,93d3892b158c35eccfadc27c879754db69ea5293782492ee5d4ff01a33bff983
S1,W2-ec7de30be186ce1caa1ef2df,BASE_TRAIN,2,0,LG-N1-2a0807957a63819fe3a731d5,13,-1.4741361907339607,decision_function,,93d3892b158c35eccfadc27c879754db69ea5293782492ee5d4ff01a33bff983
S1,W2-ecb67a4cf2cf20d02af44cd6,BASE_TRAIN,3,0,LG-N1-fccbfbbd2e972fcbc72f7a1c,7,-1.3740894609463135,decision_function,,93d3892b158c35eccfadc27c879754db69ea5293782492ee5d4ff01a33bff983
S1,W2-ece460ca853eea0f44e5f037,BASE_TRAIN,0,0,LG-N1-1896625a96364a63f8ff2466,12,-1.327279161118112,decision_function,,93d3892b158c35eccfadc27c879754db69ea5293782492ee5d4ff01a33bff983
S1,W2-ecf30f3933b53710b881d13c,BASE_TRAIN,1,0,LG-N1-17add71f14e8bc1bf07936b2,12,-0.5223146993095201,decision_function,,93d3892b158c35eccfadc27c879754db69ea5293782492ee5d4ff01a33bff983
S1,W2-ed307c5ec753864ff4e08a35,BASE_TRAIN,4,0,LG-N1-120ba9265ca8530ebe1b5fd1,5,-1.3951255863762224,decision_function,,93d3892b158c35eccfadc27c879754db69ea5293782492ee5d4ff01a33bff983
S1,W2-ed395a139fa17bfe3a0373be,BASE_TRAIN,3,0,LG-N1-6be1c69e0da5a0950b2bdeb7,23,0.4971354996119736,decision_function,,93d3892b158c35eccfadc27c879754db69ea5293782492ee5d4ff01a33bff983
S1,W2-ed768bb3eb0af76471a58569,BASE_TRAIN,4,0,LG-N1-905daecdbe4ed5c0daeb413e,13,-0.9854711680715768,decision_function,,93d3892b158c35eccfadc27c879754db69ea5293782492ee5d4ff01a33bff983
S1,W2-ed95d0f0a4fd0662db2f2be3,BASE_TRAIN,3,0,LG-N1-59eba740f3eda8fb011ab13e,36,1.1767756822468498,decision_function,,93d3892b158c35eccfadc27c879754db69ea5293782492ee5d4ff01a33bff983
S1,W2-eda04b345bcaa60fec31edbe,BASE_TRAIN,0,1,LG-N1-5149dfb26d9b8ddcddf3d288,19,0.8680133944499735,decision_function,,93d3892b158c35eccfadc27c879754db69ea5293782492ee5d4ff01a33bff983
S1,W2-eddda48450c8b2e6da0e90d1,BASE_TRAIN,1,0,LG-N1-31adf3e245f99d7bfdceed22,6,-1.060465843476575,decision_function,,93d3892b158c35eccfadc27c879754db69ea5293782492ee5d4ff01a33bff983
S1,W2-ee133ff4134051eb07d3e31d,BASE_TRAIN,4,0,LG-N1-e14b51dafdbd94d5ec371d76,18,0.4746282246085397,decision_function,,93d3892b158c35eccfadc27c879754db69ea5293782492ee5d4ff01a33bff983
S1,W2-ee30bcefdb7dc27bfcedd95b,BASE_TRAIN,2,0,LG-N1-9977e36307c724b2147e1a06,11,-1.7703700385766523,decision_function,,93d3892b158c35eccfadc27c879754db69ea5293782492ee5d4ff01a33bff983
S1,W2-ee336948b45885021908f0f0,BASE_TRAIN,0,0,LG-N1-e24a2998646a232e3fa6f875,91,0.4651834036700034,decision_function,,93d3892b158c35eccfadc27c879754db69ea5293782492ee5d4ff01a33bff983
S1,W2-ef4a056aa2dfe7a2cf539d49,BASE_TRAIN,0,0,LG-N1-8e8ef8a1c9fbdfcb64abf511,13,-1.1397041369185532,decision_function,,93d3892b158c35eccfadc27c879754db69ea5293782492ee5d4ff01a33bff983
S1,W2-ef9fa6fbb9dc78e74453b1c3,BASE_TRAIN,3,0,LG-N1-6a5a5f59714fb9d0b4d5f7e6,18,-0.8240835890231082,decision_function,,93d3892b158c35eccfadc27c879754db69ea5293782492ee5d4ff01a33bff983
S1,W2-efc31a2fa7e615bdbd03ad7c,BASE_TRAIN,4,0,LG-N1-088c9995570764d514e07109,15,-1.047163636500203,decision_function,,93d3892b158c35eccfadc27c879754db69ea5293782492ee5d4ff01a33bff983
S1,W2-f03a58c9f49871e1ad229e6e,BASE_TRAIN,4,0,LG-N1-8828cda5701c43b816f65097,13,-0.7177262155594099,decision_function,,93d3892b158c35eccfadc27c879754db69ea5293782492ee5d4ff01a33bff983
S1,W2-f0c0c0ff607cc47f91291e33,BASE_TRAIN,2,0,LG-N1-db8ee4f2c35d84965a63c2ca,8,-1.1687123819640077,decision_function,,93d3892b158c35eccfadc27c879754db69ea5293782492ee5d4ff01a33bff983
S1,W2-f0cab71fe86ccc6587ea1f23,BASE_TRAIN,3,0,LG-N1-bc915dd4c0da63fb9fea5655,15,-1.0699857258900678,decision_function,,93d3892b158c35eccfadc27c879754db69ea5293782492ee5d4ff01a33bff983
S1,W2-f215b7083203c7c82b046a2f,BASE_TRAIN,3,1,LG-N1-00c7b87099e7018c57b9f826,69,0.3153523305555675,decision_function,,93d3892b158c35eccfadc27c879754db69ea5293782492ee5d4ff01a33bff983
S1,W2-f26b4d23abf80d546422ec07,BASE_TRAIN,3,0,LG-N1-a517ddd30678655614e6032e,14,-1.3130676153053826,decision_function,,93d3892b158c35eccfadc27c879754db69ea5293782492ee5d4ff01a33bff983
S1,W2-f2883952f7dde64d00035199,BASE_TRAIN,4,1,LG-N1-098d61b93c3fbff6a68a50c3,29,0.8156886763208945,decision_function,,93d3892b158c35eccfadc27c879754db69ea5293782492ee5d4ff01a33bff983
S1,W2-f2bb2cd00b7bb5344148ced6,BASE_TRAIN,2,0,LG-N1-b4d7330d25580d52babc2d7d,10,-1.0327785587214298,decision_function,,93d3892b158c35eccfadc27c879754db69ea5293782492ee5d4ff01a33bff983
S1,W2-f32a4ce2cfede478d57cbb38,BASE_TRAIN,2,1,LG-N1-9f54c6e3065287dbb3bfdcd6,24,0.04700536718339968,decision_function,,93d3892b158c35eccfadc27c879754db69ea5293782492ee5d4ff01a33bff983
S1,W2-f35ccf698c59627cfc7b06cf,BASE_TRAIN,3,0,LG-N1-92b9ff74b205b256a970c321,10,-1.2798327842902049,decision_function,,93d3892b158c35eccfadc27c879754db69ea5293782492ee5d4ff01a33bff983
S1,W2-f3d84e8f3d819ed42bedf45e,BASE_TRAIN,3,0,LG-N1-5c9dc9d2deae3e8fda7797c8,9,-1.0512613523996646,decision_function,,93d3892b158c35eccfadc27c879754db69ea5293782492ee5d4ff01a33bff983
S1,W2-f3ea64b47f47fabecee8f389,BASE_TRAIN,2,0,LG-N1-fcffaf123f486647745f58a4,19,-0.23864048551174208,decision_function,,93d3892b158c35eccfadc27c879754db69ea5293782492ee5d4ff01a33bff983
S1,W2-f41c1a7859d161b0f401d17b,BASE_TRAIN,4,0,LG-N1-bb341b13d3caedb0da5d7979,12,-1.0940564299378177,decision_function,,93d3892b158c35eccfadc27c879754db69ea5293782492ee5d4ff01a33bff983
S1,W2-f44c490bd48fbff448d9fc86,BASE_TRAIN,2,0,LG-N1-db6cd39bd2d90fb0a8504154,9,-1.0650054802109303,decision_function,,93d3892b158c35eccfadc27c879754db69ea5293782492ee5d4ff01a33bff983
S1,W2-f44e973cc004fd6569aca81d,BASE_TRAIN,1,0,LG-N1-7bb7a80eacafcc93728fe5ea,18,-0.24750248779331752,decision_function,,93d3892b158c35eccfadc27c879754db69ea5293782492ee5d4ff01a33bff983
S1,W2-f481854be9bfa0ca980d9265,BASE_TRAIN,0,0,LG-N1-3f46bb40418a30c547f2588a,10,-1.524647795607763,decision_function,,93d3892b158c35eccfadc27c879754db69ea5293782492ee5d4ff01a33bff983
S1,W2-f4922dfb0d42b926846e92f5,BASE_TRAIN,1,1,LG-N1-4ff15b0ea4316ac96470862c,18,1.0194997918034696,decision_function,,93d3892b158c35eccfadc27c879754db69ea5293782492ee5d4ff01a33bff983
S1,W2-f4ca614df019dcba201d93fe,BASE_TRAIN,0,0,LG-N1-49eea28606ea71f216bbb344,7,-1.4865027670092652,decision_function,,93d3892b158c35eccfadc27c879754db69ea5293782492ee5d4ff01a33bff983
S1,W2-f4fef64703e7ebbb359773f0,BASE_TRAIN,2,0,LG-N1-0d482d30afff1bfed9f1ac82,8,-1.3541624487274007,decision_function,,93d3892b158c35eccfadc27c879754db69ea5293782492ee5d4ff01a33bff983
S1,W2-f5694074b636ee3970d25db7,BASE_TRAIN,4,0,LG-N1-6a6a3a3484cb4757b816f2d7,12,-1.264224182900306,decision_function,,93d3892b158c35eccfadc27c879754db69ea5293782492ee5d4ff01a33bff983
S1,W2-f584785b9b2567dd786afb6e,BASE_TRAIN,2,0,LG-N1-5fba7d6d0481eeacb9218564,11,-1.442435418994039,decision_function,,93d3892b158c35eccfadc27c879754db69ea5293782492ee5d4ff01a33bff983
S1,W2-f5970254129facb306eb1ed9,BASE_TRAIN,0,0,LG-N1-9d53c68c3b30d6e6226035b2,11,-0.9835808070608747,decision_function,,93d3892b158c35eccfadc27c879754db69ea5293782492ee5d4ff01a33bff983
S1,W2-f598f0c1db2e79460c3032d1,BASE_TRAIN,3,0,LG-N1-071de3fd5bcd8483440002e2,8,-1.5175574693286398,decision_function,,93d3892b158c35eccfadc27c879754db69ea5293782492ee5d4ff01a33bff983
S1,W2-f59a55ee15a445fc7ee6dd3e,BASE_TRAIN,1,1,LG-N1-83d977703415929489894f44,14,-1.0718031219492135,decision_function,,93d3892b158c35eccfadc27c879754db69ea5293782492ee5d4ff01a33bff983
S1,W2-f5a7df8b08c64bbbd1b70ff9,BASE_TRAIN,2,0,LG-N1-8be946154ee9ee730c27ee0c,32,0.44816538158397035,decision_function,,93d3892b158c35eccfadc27c879754db69ea5293782492ee5d4ff01a33bff983
S1,W2-f5e4fa40e011a8beff941142,BASE_TRAIN,4,0,LG-N1-ee9daebd73f9fc2369098879,14,-1.274277647732246,decision_function,,93d3892b158c35eccfadc27c879754db69ea5293782492ee5d4ff01a33bff983
S1,W2-f6041d8b0d414bfb5f94d579,BASE_TRAIN,0,1,LG-N1-490fef14446c20b2ea8d1b52,196,1.1139292062268138,decision_function,,93d3892b158c35eccfadc27c879754db69ea5293782492ee5d4ff01a33bff983
S1,W2-f63012f47bcf20587bf73e5f,BASE_TRAIN,2,0,LG-N1-b148a6ab00902ff062c46bc1,8,-1.2514206019527294,decision_function,,93d3892b158c35eccfadc27c879754db69ea5293782492ee5d4ff01a33bff983
S1,W2-f6499d4a9d126fcabac3ce46,BASE_TRAIN,3,0,LG-N1-1809a4ccfc53fc90efbd9612,15,-0.872540495676019,decision_function,,93d3892b158c35eccfadc27c879754db69ea5293782492ee5d4ff01a33bff983
S1,W2-f675d5868a2f79a121ab5ba7,BASE_TRAIN,1,1,LG-N1-d1c74cd14ecdc924089d9965,11,-1.3216156748536183,decision_function,,93d3892b158c35eccfadc27c879754db69ea5293782492ee5d4ff01a33bff983
S1,W2-f6b1593b2c4f837ef8818ae0,BASE_TRAIN,0,0,LG-N1-f1930678947c4ba6d3a4810b,8,-1.2148444545633919,decision_function,,93d3892b158c35eccfadc27c879754db69ea5293782492ee5d4ff01a33bff983
S1,W2-f6f0bce308248c5adeac12dd,BASE_TRAIN,1,0,LG-N1-cbe607cb9c39d056ce0396ec,18,-0.05125228490395328,decision_function,,93d3892b158c35eccfadc27c879754db69ea5293782492ee5d4ff01a33bff983
S1,W2-f6ffa032331c48904aed6a53,BASE_TRAIN,1,0,LG-N1-6cb617a0f0b94e67387385a9,11,-0.8007430686445273,decision_function,,93d3892b158c35eccfadc27c879754db69ea5293782492ee5d4ff01a33bff983
S1,W2-f7be7ed55b79777c5d31ef51,BASE_TRAIN,2,1,LG-N1-3dae8c07c11c9e0b5b6143f8,22,0.46867370066343916,decision_function,,93d3892b158c35eccfadc27c879754db69ea5293782492ee5d4ff01a33bff983
S1,W2-f7e3d2b01cedcc241f92e72c,BASE_TRAIN,1,0,LG-N1-9e66db69a024a654aca3da0e,33,1.0140619324690543,decision_function,,93d3892b158c35eccfadc27c879754db69ea5293782492ee5d4ff01a33bff983
S1,W2-f7e852f4b665aa55b3a983d6,BASE_TRAIN,1,0,LG-N1-880d206d549a665c11236627,9,-1.2988320215110591,decision_function,,93d3892b158c35eccfadc27c879754db69ea5293782492ee5d4ff01a33bff983
S1,W2-f8136c2b3d22f12f29243d4e,BASE_TRAIN,2,0,LG-N1-0461988f2a4861b24911aa56,10,-0.13700567769278382,decision_function,,93d3892b158c35eccfadc27c879754db69ea5293782492ee5d4ff01a33bff983
S1,W2-f838172f3c8efe3f7651bac9,BASE_TRAIN,1,0,LG-N1-1be0ca57f8745770a9016e8f,25,0.10651903982586852,decision_function,,93d3892b158c35eccfadc27c879754db69ea5293782492ee5d4ff01a33bff983
S1,W2-f874fc167b4926d94c5b78a9,BASE_TRAIN,4,0,LG-N1-463772397730b04cf2f7dabb,9,-1.0532988079115913,decision_function,,93d3892b158c35eccfadc27c879754db69ea5293782492ee5d4ff01a33bff983
S1,W2-f8877fee62fa53a9f0b2e4e7,BASE_TRAIN,4,0,LG-N1-21fc2e11f684502e99cd7a4f,14,-1.0521810543997563,decision_function,,93d3892b158c35eccfadc27c879754db69ea5293782492ee5d4ff01a33bff983
S1,W2-f89164635fab171fd439fd37,BASE_TRAIN,1,0,LG-N1-2291ef1f2bdd4d3dbfa716d9,10,-1.3539114766497002,decision_function,,93d3892b158c35eccfadc27c879754db69ea5293782492ee5d4ff01a33bff983
S1,W2-f94cd491932ce8fc95230773,BASE_TRAIN,3,0,LG-N1-43d02629fc8fcc9d00825b0f,11,-1.1551469466684248,decision_function,,93d3892b158c35eccfadc27c879754db69ea5293782492ee5d4ff01a33bff983
S1,W2-f96652c9385f9ade764c5459,BASE_TRAIN,2,0,LG-N1-cdbbd1e9e1a9f6f98dcb286a,27,-0.20733608254062028,decision_function,,93d3892b158c35eccfadc27c879754db69ea5293782492ee5d4ff01a33bff983
S1,W2-f9c3309b16986075bcc3021d,BASE_TRAIN,0,0,LG-N1-48e7d96b241347b121a20805,10,-1.2568414520414168,decision_function,,93d3892b158c35eccfadc27c879754db69ea5293782492ee5d4ff01a33bff983
S1,W2-f9c929ff7d7fbe34151e07a3,BASE_TRAIN,4,0,LG-N1-ef1b3c3eea1530314db47042,13,-1.451449548809328,decision_function,,93d3892b158c35eccfadc27c879754db69ea5293782492ee5d4ff01a33bff983
S1,W2-f9d8eaf1da58dc670e3276b5,BASE_TRAIN,1,1,LG-N1-4a7555432c1a52f3f9993924,24,0.5512808238547421,decision_function,,93d3892b158c35eccfadc27c879754db69ea5293782492ee5d4ff01a33bff983
S1,W2-fa271346860ead1e5b15f495,BASE_TRAIN,1,0,LG-N1-fae4318e8cc2e3878893a02b,17,-0.4758995431952989,decision_function,,93d3892b158c35eccfadc27c879754db69ea5293782492ee5d4ff01a33bff983
S1,W2-fac791fe67f8aad3ea6deffe,BASE_TRAIN,0,0,LG-N1-50ad14563543afd8d91f9747,92,0.31914740834216043,decision_function,,93d3892b158c35eccfadc27c879754db69ea5293782492ee5d4ff01a33bff983
S1,W2-fb23aadb6d9b9ea952093af4,BASE_TRAIN,0,0,LG-N1-e4f21e80ce9f6480958eec33,8,-1.4072788091851298,decision_function,,93d3892b158c35eccfadc27c879754db69ea5293782492ee5d4ff01a33bff983
S1,W2-fb2f6e4cee865d25fcc5385d,BASE_TRAIN,2,0,LG-N1-e43c3a47564268077d6153ba,9,-1.4325619824074722,decision_function,,93d3892b158c35eccfadc27c879754db69ea5293782492ee5d4ff01a33bff983
S1,W2-fbbc42de0167dc5191c4db32,BASE_TRAIN,3,0,LG-N1-f2515b0ee9484c6617dadbbc,14,-0.8776089386381234,decision_function,,93d3892b158c35eccfadc27c879754db69ea5293782492ee5d4ff01a33bff983
S1,W2-fc3b8e7f263548a6d536d797,BASE_TRAIN,4,0,LG-N1-4e9e8acb552239e506436470,10,-1.3969638403437803,decision_function,,93d3892b158c35eccfadc27c879754db69ea5293782492ee5d4ff01a33bff983
S1,W2-fc6f1ce23316a4c8317dc8d1,BASE_TRAIN,1,1,LG-N1-be1696e5a575940cb2e455cc,151,1.0849472446585327,decision_function,,93d3892b158c35eccfadc27c879754db69ea5293782492ee5d4ff01a33bff983
S1,W2-fcba0858eabadca92a7fcf9c,BASE_TRAIN,4,0,LG-N1-2d14d73fe319167a6e092aa7,15,-1.0031103046267122,decision_function,,93d3892b158c35eccfadc27c879754db69ea5293782492ee5d4ff01a33bff983
S1,W2-fcd753c2dba2599787355bbc,BASE_TRAIN,4,0,LG-N1-be4816b9274e1eac31d671a9,17,0.058936022742900745,decision_function,,93d3892b158c35eccfadc27c879754db69ea5293782492ee5d4ff01a33bff983
S1,W2-fcfa6d6f06540fd30d82809f,BASE_TRAIN,3,0,LG-N1-6d5f6ffc6b2f22862e6ad64c,16,-0.07498964432529859,decision_function,,93d3892b158c35eccfadc27c879754db69ea5293782492ee5d4ff01a33bff983
S1,W2-fd0c9728e48ec4c63230079c,BASE_TRAIN,2,0,LG-N1-fe4d4b2c21538eccc74151a2,19,-0.9355646729974523,decision_function,,93d3892b158c35eccfadc27c879754db69ea5293782492ee5d4ff01a33bff983
S1,W2-fd0edce69035eabf95ff582d,BASE_TRAIN,0,0,LG-N1-dd3083187d9a6ed97f570f72,12,-1.025835792052924,decision_function,,93d3892b158c35eccfadc27c879754db69ea5293782492ee5d4ff01a33bff983
S1,W2-fd2da2d4f62daf8381381a51,BASE_TRAIN,1,0,LG-N1-f73f32fdf9ea8961d14c9efa,11,-1.1673828785438252,decision_function,,93d3892b158c35eccfadc27c879754db69ea5293782492ee5d4ff01a33bff983
S1,W2-fd4b74534c7d5fdc08f219b9,BASE_TRAIN,4,0,LG-N1-c37a262424f3424a3f485321,10,-1.449312757151514,decision_function,,93d3892b158c35eccfadc27c879754db69ea5293782492ee5d4ff01a33bff983
S1,W2-fd5dd46497684d9a56fab844,BASE_TRAIN,0,0,LG-N1-4817a00d747138b8ac2da8a3,16,0.7521740001077399,decision_function,,93d3892b158c35eccfadc27c879754db69ea5293782492ee5d4ff01a33bff983
S1,W2-fd79cfea53e8e96a27639125,BASE_TRAIN,0,0,LG-N1-3281a5609e89f5e838c05161,13,-1.1306972515352154,decision_function,,93d3892b158c35eccfadc27c879754db69ea5293782492ee5d4ff01a33bff983
S1,W2-fdb4ed0ebc8259ae01b78c89,BASE_TRAIN,1,0,LG-N1-ebee97bd998d5d3f48698278,9,-1.0228658502109114,decision_function,,93d3892b158c35eccfadc27c879754db69ea5293782492ee5d4ff01a33bff983
S1,W2-fe5926af8cc17ab27745a8d9,BASE_TRAIN,1,0,LG-N1-a1270188112c115fe4d663f2,10,-1.2476740554053647,decision_function,,93d3892b158c35eccfadc27c879754db69ea5293782492ee5d4ff01a33bff983
S1,W2-fe5b371682ac35d722cea9fd,BASE_TRAIN,0,0,LG-N1-3df63c8844f751d1212f5b75,13,-0.8502420495054697,decision_function,,93d3892b158c35eccfadc27c879754db69ea5293782492ee5d4ff01a33bff983
S1,W2-ff293bb113f429b5513c4cdb,BASE_TRAIN,3,0,LG-N1-ab1a2aa6217f2b9b1ed4c8bf,16,0.8412771435183943,decision_function,,93d3892b158c35eccfadc27c879754db69ea5293782492ee5d4ff01a33bff983
S1,W2-ff9806964a43980fab7d7390,BASE_TRAIN,2,1,LG-N1-c8af7527d6f4dbf798fec5cf,77,1.465643713308364,decision_function,,93d3892b158c35eccfadc27c879754db69ea5293782492ee5d4ff01a33bff983
S1,W2-ffa0da4db7e8613cedc9e88e,BASE_TRAIN,2,0,LG-N1-2714878b02a998df374b9f90,13,-1.3507378038954685,decision_function,,93d3892b158c35eccfadc27c879754db69ea5293782492ee5d4ff01a33bff983
S1,W2-ffed1310cf426b22ecc551e4,BASE_TRAIN,0,1,LG-N1-ba129ec809e214a775679e6a,29,0.0077822816579958265,decision_function,,93d3892b158c35eccfadc27c879754db69ea5293782492ee5d4ff01a33bff983
S2,W2-00c4e1c4dbf58fdced5050c4,BASE_TRAIN,1,0,LG-N1-6cbe4c8d502047796a80df94,8,0.001370388856991254,uncalibrated_class1_probability,,93d3892b158c35eccfadc27c879754db69ea5293782492ee5d4ff01a33bff983
S2,W2-00e505c00d56b9adbb47f37f,BASE_TRAIN,4,0,LG-N1-ee266f41152c2d4585362923,10,0.00027191108073698834,uncalibrated_class1_probability,,93d3892b158c35eccfadc27c879754db69ea5293782492ee5d4ff01a33bff983
S2,W2-011f663bc77b41e6a5cbe3f0,BASE_TRAIN,0,0,LG-N1-41dda7fb75e1cb181f8023c9,7,0.00010601413278054294,uncalibrated_class1_probability,,93d3892b158c35eccfadc27c879754db69ea5293782492ee5d4ff01a33bff983
S2,W2-016aa5cc3e8174bc5b98974c,BASE_TRAIN,3,0,LG-N1-7731032d0d87c4c97c8a67a6,15,0.6053376649035642,uncalibrated_class1_probability,,93d3892b158c35eccfadc27c879754db69ea5293782492ee5d4ff01a33bff983
S2,W2-01791b221ed41bdf47e3382e,BASE_TRAIN,2,1,LG-N1-db9fcd4154104576c84e2ffb,38,0.9993969376543169,uncalibrated_class1_probability,,93d3892b158c35eccfadc27c879754db69ea5293782492ee5d4ff01a33bff983
S2,W2-018f51e65b664e0e0cac1846,BASE_TRAIN,0,0,LG-N1-f6d032eb0930467f2696cc29,13,0.0008864020314413611,uncalibrated_class1_probability,,93d3892b158c35eccfadc27c879754db69ea5293782492ee5d4ff01a33bff983
S2,W2-01bce328ca138725a464af41,BASE_TRAIN,0,0,LG-N1-e0477b2f7bf8c03c795dc69a,15,0.010510739642584064,uncalibrated_class1_probability,,93d3892b158c35eccfadc27c879754db69ea5293782492ee5d4ff01a33bff983
S2,W2-01e575d9ee1251e8fdeac9cc,BASE_TRAIN,3,1,LG-N1-beb5daaf25aaa1b811e657d4,97,0.3689881158235181,uncalibrated_class1_probability,,93d3892b158c35eccfadc27c879754db69ea5293782492ee5d4ff01a33bff983
S2,W2-01edc725d4d55d68488ef00a,BASE_TRAIN,0,0,LG-N1-36fe6323a16e3539d9ff76a4,10,0.005481039882754392,uncalibrated_class1_probability,,93d3892b158c35eccfadc27c879754db69ea5293782492ee5d4ff01a33bff983
S2,W2-026608a5fe3ba90b791e7775,BASE_TRAIN,2,0,LG-N1-9f48da08a79d595db445159e,7,0.0006074128840255112,uncalibrated_class1_probability,,93d3892b158c35eccfadc27c879754db69ea5293782492ee5d4ff01a33bff983
S2,W2-026aa2ba5313fea4a96e84a2,BASE_TRAIN,4,0,LG-N1-3b350ea815a2f9d87c97f151,25,0.001968705482146696,uncalibrated_class1_probability,,93d3892b158c35eccfadc27c879754db69ea5293782492ee5d4ff01a33bff983
S2,W2-028e75133c29035d9ac2526e,BASE_TRAIN,3,0,LG-N1-28f9b2735c3c97a74b4c4fc8,11,0.015594010047618758,uncalibrated_class1_probability,,93d3892b158c35eccfadc27c879754db69ea5293782492ee5d4ff01a33bff983
S2,W2-02cc083fe0b5dd1c1d2aa37b,BASE_TRAIN,4,0,LG-N1-2fbbb3db83254d1bc7690b77,7,0.030543632989594966,uncalibrated_class1_probability,,93d3892b158c35eccfadc27c879754db69ea5293782492ee5d4ff01a33bff983
S2,W2-03049aab35894a958057c539,BASE_TRAIN,0,0,LG-N1-d81113a5e4ca2b64b848f998,19,0.02343648910125514,uncalibrated_class1_probability,,93d3892b158c35eccfadc27c879754db69ea5293782492ee5d4ff01a33bff983
S2,W2-03173a0fb2e8427d290b6741,BASE_TRAIN,1,1,LG-N1-cc24dc0bdbb2bbe8747fb886,8,0.0009371946361306236,uncalibrated_class1_probability,,93d3892b158c35eccfadc27c879754db69ea5293782492ee5d4ff01a33bff983
S2,W2-033a306e296a0ff8e39cb504,BASE_TRAIN,2,0,LG-N1-c83d24c2a217f101ec82377d,6,0.00020716851350692454,uncalibrated_class1_probability,,93d3892b158c35eccfadc27c879754db69ea5293782492ee5d4ff01a33bff983
S2,W2-0342ca5af1cd3b0b051afbee,BASE_TRAIN,0,0,LG-N1-b83dac1d23c1c57a670bddd7,16,0.0018526752887060274,uncalibrated_class1_probability,,93d3892b158c35eccfadc27c879754db69ea5293782492ee5d4ff01a33bff983
S2,W2-0347ab951fe55e5dc0f4e0f8,BASE_TRAIN,4,0,LG-N1-f3e37cfe076760598cd574fb,11,0.00021384488742234064,uncalibrated_class1_probability,,93d3892b158c35eccfadc27c879754db69ea5293782492ee5d4ff01a33bff983
S2,W2-0363c397e38a57338f15ebf8,BASE_TRAIN,1,0,LG-N1-9cf6470853279698734769c8,9,0.00022825876833609804,uncalibrated_class1_probability,,93d3892b158c35eccfadc27c879754db69ea5293782492ee5d4ff01a33bff983
S2,W2-038c730abefc8f7933187a82,BASE_TRAIN,3,1,LG-N1-f141c2a506c6c30666afcab8,433,0.9996922944216071,uncalibrated_class1_probability,,93d3892b158c35eccfadc27c879754db69ea5293782492ee5d4ff01a33bff983
S2,W2-04252da2cc6da60672f9e52d,BASE_TRAIN,4,0,LG-N1-ee78875423fc77327a40b050,7,0.00029104655771258336,uncalibrated_class1_probability,,93d3892b158c35eccfadc27c879754db69ea5293782492ee5d4ff01a33bff983
S2,W2-04540c494b7858e9cc5230ce,BASE_TRAIN,4,0,LG-N1-dd5443080610d3cd29a64be6,6,0.0009827512687975144,uncalibrated_class1_probability,,93d3892b158c35eccfadc27c879754db69ea5293782492ee5d4ff01a33bff983
S2,W2-050e0901e322b560f8749b7d,BASE_TRAIN,2,1,LG-N1-84d39302f704c242d8d16e4b,302,0.9995187037930378,uncalibrated_class1_probability,,93d3892b158c35eccfadc27c879754db69ea5293782492ee5d4ff01a33bff983
S2,W2-051e08c0f8a5d2586bad3e6e,BASE_TRAIN,2,1,LG-N1-70ca1e5d53b3e11feb80b1f2,65,0.9577477839667413,uncalibrated_class1_probability,,93d3892b158c35eccfadc27c879754db69ea5293782492ee5d4ff01a33bff983
S2,W2-053aa29a2bde68235a43aa67,BASE_TRAIN,4,0,LG-N1-647862e5401fc8027b6c3636,14,0.0073425579662560045,uncalibrated_class1_probability,,93d3892b158c35eccfadc27c879754db69ea5293782492ee5d4ff01a33bff983
S2,W2-053bff90b0fb3eb7f7497f4a,BASE_TRAIN,2,0,LG-N1-f53b20f62a6fcbc2431bc61e,11,0.0031927219480412682,uncalibrated_class1_probability,,93d3892b158c35eccfadc27c879754db69ea5293782492ee5d4ff01a33bff983
S2,W2-0565f4d0634f3025b76e538d,BASE_TRAIN,4,0,LG-N1-97860b91a8c14fdea984b83d,14,0.00035055302087314027,uncalibrated_class1_probability,,93d3892b158c35eccfadc27c879754db69ea5293782492ee5d4ff01a33bff983
S2,W2-05c635fbca01441833a74933,BASE_TRAIN,4,0,LG-N1-61e57eb6bb002d5f54d94789,15,0.0027825937089563887,uncalibrated_class1_probability,,93d3892b158c35eccfadc27c879754db69ea5293782492ee5d4ff01a33bff983
S2,W2-0661ee949ff4da481f30f398,BASE_TRAIN,4,0,LG-N1-2baaa692336e04034a99b4b3,29,0.04574377096951562,uncalibrated_class1_probability,,93d3892b158c35eccfadc27c879754db69ea5293782492ee5d4ff01a33bff983
S2,W2-066e344a62ebc4797595d49d,BASE_TRAIN,1,0,LG-N1-e4e2601bf8ad2631b2c16d07,8,0.0002032728722830855,uncalibrated_class1_probability,,93d3892b158c35eccfadc27c879754db69ea5293782492ee5d4ff01a33bff983
S2,W2-068d943d72e9983618519e91,BASE_TRAIN,4,0,LG-N1-143dd39e2e3c325db80ed1a2,14,0.00262318925714765,uncalibrated_class1_probability,,93d3892b158c35eccfadc27c879754db69ea5293782492ee5d4ff01a33bff983
S2,W2-06e5c28c57ddaa934979bbc5,BASE_TRAIN,3,0,LG-N1-8ef55ec3f77479db18782940,9,0.0025840906879130237,uncalibrated_class1_probability,,93d3892b158c35eccfadc27c879754db69ea5293782492ee5d4ff01a33bff983
S2,W2-0714b392858e3423878af49e,BASE_TRAIN,1,0,LG-N1-6c23efa3db85ee7cf608701d,9,0.0004528403210085402,uncalibrated_class1_probability,,93d3892b158c35eccfadc27c879754db69ea5293782492ee5d4ff01a33bff983
S2,W2-0744c8b983126a8ed02c0608,BASE_TRAIN,0,0,LG-N1-6c27a33f7c0ee72ff8adc243,11,0.0006248189005603774,uncalibrated_class1_probability,,93d3892b158c35eccfadc27c879754db69ea5293782492ee5d4ff01a33bff983
S2,W2-0780549bd32f59a97adb3967,BASE_TRAIN,3,0,LG-N1-ee5c9a7ada25d64ab7eff1e3,22,0.023591176934039188,uncalibrated_class1_probability,,93d3892b158c35eccfadc27c879754db69ea5293782492ee5d4ff01a33bff983
S2,W2-07c873894f38ef87284bb971,BASE_TRAIN,4,0,LG-N1-10016ff903c442ce2f878518,8,0.012171529538418924,uncalibrated_class1_probability,,93d3892b158c35eccfadc27c879754db69ea5293782492ee5d4ff01a33bff983
S2,W2-07dbb93653f44db520ef7eff,BASE_TRAIN,3,0,LG-N1-1ae0f515f3608c6bd04d8099,11,0.0006379706489735308,uncalibrated_class1_probability,,93d3892b158c35eccfadc27c879754db69ea5293782492ee5d4ff01a33bff983
S2,W2-07e5e560ee9934a5dfe47f74,BASE_TRAIN,4,0,LG-N1-8a2d592a323557d6a654866a,9,9.888923543455086e-05,uncalibrated_class1_probability,,93d3892b158c35eccfadc27c879754db69ea5293782492ee5d4ff01a33bff983
S2,W2-0815f81746c523f563f5e977,BASE_TRAIN,3,0,LG-N1-4af8e665b2eb3c1a6fd05e77,11,0.0012815580002351538,uncalibrated_class1_probability,,93d3892b158c35eccfadc27c879754db69ea5293782492ee5d4ff01a33bff983
S2,W2-085199c6f7863b09ca9b7c56,BASE_TRAIN,4,0,LG-N1-652c1277daef72cb2908bd1f,10,0.0001440348487117074,uncalibrated_class1_probability,,93d3892b158c35eccfadc27c879754db69ea5293782492ee5d4ff01a33bff983
S2,W2-08bbfbc0de09c85024bb229f,BASE_TRAIN,0,0,LG-N1-45f50774be9895d83290579f,11,0.002528084558964166,uncalibrated_class1_probability,,93d3892b158c35eccfadc27c879754db69ea5293782492ee5d4ff01a33bff983
S2,W2-090cbc3dd8e14febd4b3a9cd,BASE_TRAIN,2,0,LG-N1-af4304430ad93f2819ee0825,15,0.007044135356690574,uncalibrated_class1_probability,,93d3892b158c35eccfadc27c879754db69ea5293782492ee5d4ff01a33bff983
S2,W2-097aa7b97f5b39a0b061bc87,BASE_TRAIN,0,0,LG-N1-8469ed9eae49976138875d33,11,8.535907064362687e-05,uncalibrated_class1_probability,,93d3892b158c35eccfadc27c879754db69ea5293782492ee5d4ff01a33bff983
S2,W2-09aca32b72653dcefc6309ca,BASE_TRAIN,3,0,LG-N1-6a196f0ab2fb77da2f746f5f,13,0.000865080714036282,uncalibrated_class1_probability,,93d3892b158c35eccfadc27c879754db69ea5293782492ee5d4ff01a33bff983
S2,W2-0a41786cb0de7c264e8af787,BASE_TRAIN,4,1,LG-N1-5ec1268c0eb2a56dedefcfb4,77,0.4551905776513293,uncalibrated_class1_probability,,93d3892b158c35eccfadc27c879754db69ea5293782492ee5d4ff01a33bff983
S2,W2-0a55cd36375fdf2d5cbc27ba,BASE_TRAIN,2,0,LG-N1-acc9af86f5a8e18ecf3f9fac,14,0.0048532092192827775,uncalibrated_class1_probability,,93d3892b158c35eccfadc27c879754db69ea5293782492ee5d4ff01a33bff983
S2,W2-0aa9ab25756e014ad20831e4,BASE_TRAIN,0,0,LG-N1-77f4be19da6698c7243c167d,21,0.004315829442067488,uncalibrated_class1_probability,,93d3892b158c35eccfadc27c879754db69ea5293782492ee5d4ff01a33bff983
S2,W2-0b0e214a9c99a6c2986178b4,BASE_TRAIN,3,1,LG-N1-82ce45b876e78558aa9848b8,19,0.051514325327470016,uncalibrated_class1_probability,,93d3892b158c35eccfadc27c879754db69ea5293782492ee5d4ff01a33bff983
S2,W2-0bbfaccc6c56835926821b31,BASE_TRAIN,0,0,LG-N1-47e2da34a117eae0d1294b9c,6,0.00032500486158415596,uncalibrated_class1_probability,,93d3892b158c35eccfadc27c879754db69ea5293782492ee5d4ff01a33bff983
S2,W2-0bd4eb25a50e16a0bec82fe5,BASE_TRAIN,1,0,LG-N1-00733abeb5511a609c4a9c4c,11,9.686203843403126e-05,uncalibrated_class1_probability,,93d3892b158c35eccfadc27c879754db69ea5293782492ee5d4ff01a33bff983
S2,W2-0c3a2f30a14df774f28c035e,BASE_TRAIN,0,0,LG-N1-10805e051d111fd90afd3dea,8,0.00010100274027828616,uncalibrated_class1_probability,,93d3892b158c35eccfadc27c879754db69ea5293782492ee5d4ff01a33bff983
S2,W2-0ca44674b2d451c7fcda0f39,BASE_TRAIN,0,0,LG-N1-9746f85cf04cedbe10336c41,78,0.05551513712221493,uncalibrated_class1_probability,,93d3892b158c35eccfadc27c879754db69ea5293782492ee5d4ff01a33bff983
S2,W2-0cb8439ce9385dc2498c4180,BASE_TRAIN,4,1,LG-N1-01717fde76e267940a9f4846,30,0.05496098383890961,uncalibrated_class1_probability,,93d3892b158c35eccfadc27c879754db69ea5293782492ee5d4ff01a33bff983
S2,W2-0cbae84614b9603491fb1cae,BASE_TRAIN,2,0,LG-N1-bda915dbdb3851337e765f47,13,0.0078073627738140155,uncalibrated_class1_probability,,93d3892b158c35eccfadc27c879754db69ea5293782492ee5d4ff01a33bff983
S2,W2-0ccec568b3084e4b9c707551,BASE_TRAIN,1,0,LG-N1-3425b23330f7c9ac9a1e5cb3,12,0.0024071129415093023,uncalibrated_class1_probability,,93d3892b158c35eccfadc27c879754db69ea5293782492ee5d4ff01a33bff983
S2,W2-0ce0c85aa9bd7f34281836e7,BASE_TRAIN,1,0,LG-N1-50f85f5ad511d5953edfa957,29,0.03761577811385082,uncalibrated_class1_probability,,93d3892b158c35eccfadc27c879754db69ea5293782492ee5d4ff01a33bff983
S2,W2-0ce207c45b0d1ab175edbb61,BASE_TRAIN,4,1,LG-N1-c99e7c2907facb5ee87fd207,15,0.0004084073451710309,uncalibrated_class1_probability,,93d3892b158c35eccfadc27c879754db69ea5293782492ee5d4ff01a33bff983
S2,W2-0cead47cb4a020c01c06951c,BASE_TRAIN,4,0,LG-N1-bc85090d3166afa830dd2f29,12,0.004362962710385328,uncalibrated_class1_probability,,93d3892b158c35eccfadc27c879754db69ea5293782492ee5d4ff01a33bff983
S2,W2-0cff063bfacb9f506f6d9238,BASE_TRAIN,1,0,LG-N1-60de7e36707ea1033603c7c4,9,0.0017011818473000183,uncalibrated_class1_probability,,93d3892b158c35eccfadc27c879754db69ea5293782492ee5d4ff01a33bff983
S2,W2-0d0c3f0d247435f0ad73f444,BASE_TRAIN,1,0,LG-N1-b45519f9430b39953bbb59b1,26,0.09371595357156741,uncalibrated_class1_probability,,93d3892b158c35eccfadc27c879754db69ea5293782492ee5d4ff01a33bff983
S2,W2-0d99436088714b5703d75b75,BASE_TRAIN,2,0,LG-N1-57c743fb41822e513c42daf9,58,0.3566419972166841,uncalibrated_class1_probability,,93d3892b158c35eccfadc27c879754db69ea5293782492ee5d4ff01a33bff983
S2,W2-0e009a74b43a570f7e265b43,BASE_TRAIN,4,1,LG-N1-d83f1922752ebaa19be74e9c,92,0.9964042561656027,uncalibrated_class1_probability,,93d3892b158c35eccfadc27c879754db69ea5293782492ee5d4ff01a33bff983
S2,W2-0e09f841c0a6daaf6cf4cfe3,BASE_TRAIN,1,0,LG-N1-ad4a1332a1719051bcb4359c,9,0.0002016678448533493,uncalibrated_class1_probability,,93d3892b158c35eccfadc27c879754db69ea5293782492ee5d4ff01a33bff983
S2,W2-0e0a3fcda4ec1fa43a655e91,BASE_TRAIN,2,0,LG-N1-394f146ecfb89ab34186c558,16,0.7623230780382133,uncalibrated_class1_probability,,93d3892b158c35eccfadc27c879754db69ea5293782492ee5d4ff01a33bff983
S2,W2-0e38d5f9af592cd3621aa565,BASE_TRAIN,4,0,LG-N1-0e65bfea042a32c5b89c2f4d,11,0.0002866974052087312,uncalibrated_class1_probability,,93d3892b158c35eccfadc27c879754db69ea5293782492ee5d4ff01a33bff983
S2,W2-0e512e56f64a8f882e2ff0f6,BASE_TRAIN,3,0,LG-N1-6da8e8b69d60c6896ca16971,27,0.04609854618874215,uncalibrated_class1_probability,,93d3892b158c35eccfadc27c879754db69ea5293782492ee5d4ff01a33bff983
S2,W2-0e61ca32c27654112d3bc3ca,BASE_TRAIN,2,1,LG-N1-45bce5ba2ba8559374ca6590,18,0.4182317441443149,uncalibrated_class1_probability,,93d3892b158c35eccfadc27c879754db69ea5293782492ee5d4ff01a33bff983
S2,W2-0ee28e5821c10a52f23e1a53,BASE_TRAIN,0,1,LG-N1-c567bed2b3194d3f44e31878,46,0.998550637900509,uncalibrated_class1_probability,,93d3892b158c35eccfadc27c879754db69ea5293782492ee5d4ff01a33bff983
S2,W2-0ee6327b08a0323321ae34e9,BASE_TRAIN,0,0,LG-N1-56d926e9b4553baaca93d5a5,9,0.00205791370772038,uncalibrated_class1_probability,,93d3892b158c35eccfadc27c879754db69ea5293782492ee5d4ff01a33bff983
S2,W2-0f317fcd82b27eff7b0fd631,BASE_TRAIN,4,0,LG-N1-ec45acbebe45c9dfcbe78622,10,0.0003812494565258049,uncalibrated_class1_probability,,93d3892b158c35eccfadc27c879754db69ea5293782492ee5d4ff01a33bff983
S2,W2-0f497157f8d205abfd53756e,BASE_TRAIN,0,0,LG-N1-134b1565b3e26fda2b867660,13,0.08148538503165695,uncalibrated_class1_probability,,93d3892b158c35eccfadc27c879754db69ea5293782492ee5d4ff01a33bff983
S2,W2-0f65e57c9e18c213e51461bf,BASE_TRAIN,1,0,LG-N1-059d09081a2738b1865c42ad,14,0.024413304314236942,uncalibrated_class1_probability,,93d3892b158c35eccfadc27c879754db69ea5293782492ee5d4ff01a33bff983
S2,W2-0f7c90f64de5473d994a337f,BASE_TRAIN,3,0,LG-N1-7ca3dca21f047a56256a4a12,76,0.43009066836818993,uncalibrated_class1_probability,,93d3892b158c35eccfadc27c879754db69ea5293782492ee5d4ff01a33bff983
S2,W2-0f7da4b36ee883bb63f971b9,BASE_TRAIN,4,0,LG-N1-1f3683722c2d38c58400226b,15,0.0004841144238806543,uncalibrated_class1_probability,,93d3892b158c35eccfadc27c879754db69ea5293782492ee5d4ff01a33bff983
S2,W2-0fa75cf60b21feb983e27290,BASE_TRAIN,4,1,LG-N1-ea06b86e3959e8368d8b3b7e,116,0.9912130458307443,uncalibrated_class1_probability,,93d3892b158c35eccfadc27c879754db69ea5293782492ee5d4ff01a33bff983
S2,W2-0fbd7369b4979b4f21a5bec6,BASE_TRAIN,0,0,LG-N1-8cfb7217f32d9cda0cca294c,7,0.00047293530065574467,uncalibrated_class1_probability,,93d3892b158c35eccfadc27c879754db69ea5293782492ee5d4ff01a33bff983
S2,W2-0fef2b72eb6fac69adc3686f,BASE_TRAIN,0,0,LG-N1-de4a4140f575a2a6fad27933,19,0.009296542511102382,uncalibrated_class1_probability,,93d3892b158c35eccfadc27c879754db69ea5293782492ee5d4ff01a33bff983
S2,W2-0ff5214eb96414ba0789dcef,BASE_TRAIN,2,0,LG-N1-885e5a4254a1840b0cc19fc8,6,6.867436119722401e-05,uncalibrated_class1_probability,,93d3892b158c35eccfadc27c879754db69ea5293782492ee5d4ff01a33bff983
S2,W2-101cc426ceec827b9691e391,BASE_TRAIN,3,1,LG-N1-df414948c2678283bfb2e1bc,40,0.11497815839105745,uncalibrated_class1_probability,,93d3892b158c35eccfadc27c879754db69ea5293782492ee5d4ff01a33bff983
S2,W2-108fbab613fc8caed3f8fab4,BASE_TRAIN,1,0,LG-N1-beb61d14acf42f78bac83cc8,18,0.0008676388541382853,uncalibrated_class1_probability,,93d3892b158c35eccfadc27c879754db69ea5293782492ee5d4ff01a33bff983
S2,W2-10950ba78fc46fd9428114d2,BASE_TRAIN,4,1,LG-N1-6d89789f3c40dfada104ca03,30,0.8169507877057681,uncalibrated_class1_probability,,93d3892b158c35eccfadc27c879754db69ea5293782492ee5d4ff01a33bff983
S2,W2-114f092c82d9dd24cea1386f,BASE_TRAIN,4,0,LG-N1-957629a49d22c8ebf8ee3100,12,0.0007816209844262365,uncalibrated_class1_probability,,93d3892b158c35eccfadc27c879754db69ea5293782492ee5d4ff01a33bff983
S2,W2-117540e2304b353a364a0a15,BASE_TRAIN,2,0,LG-N1-d96298249e105ccb65663d6e,37,0.93226210848064,uncalibrated_class1_probability,,93d3892b158c35eccfadc27c879754db69ea5293782492ee5d4ff01a33bff983
S2,W2-119907116c9ccfd32f5434db,BASE_TRAIN,1,0,LG-N1-4351c027402ed578282760a9,10,0.0007481408622513544,uncalibrated_class1_probability,,93d3892b158c35eccfadc27c879754db69ea5293782492ee5d4ff01a33bff983
S2,W2-11d5f7faad9a82520cada11c,BASE_TRAIN,0,1,LG-N1-33a3c89194a7dfbf5fdaa0a5,38,0.9938062899908562,uncalibrated_class1_probability,,93d3892b158c35eccfadc27c879754db69ea5293782492ee5d4ff01a33bff983
S2,W2-11dd637e258cda3dd929901d,BASE_TRAIN,4,0,LG-N1-10ba9916e239b3eb031bec6c,13,0.007687465022839424,uncalibrated_class1_probability,,93d3892b158c35eccfadc27c879754db69ea5293782492ee5d4ff01a33bff983
S2,W2-11e88f8505cb529d5d58d877,BASE_TRAIN,1,0,LG-N1-8f0ce9a6730a53f3b998b00d,17,0.0010354577688180373,uncalibrated_class1_probability,,93d3892b158c35eccfadc27c879754db69ea5293782492ee5d4ff01a33bff983
S2,W2-1257b66e503afb372e48512b,BASE_TRAIN,4,0,LG-N1-2015c32d6c9c9cfc1dc4bc22,10,0.00023968116612762007,uncalibrated_class1_probability,,93d3892b158c35eccfadc27c879754db69ea5293782492ee5d4ff01a33bff983
S2,W2-127d8c766251a80de743dff6,BASE_TRAIN,3,0,LG-N1-8aff0fca7317b1ab9e4c4453,12,0.007168751766513798,uncalibrated_class1_probability,,93d3892b158c35eccfadc27c879754db69ea5293782492ee5d4ff01a33bff983
S2,W2-129172d06511a6a0b98af867,BASE_TRAIN,4,0,LG-N1-09ea3274ebc38bb25714927a,8,0.00019692485282684553,uncalibrated_class1_probability,,93d3892b158c35eccfadc27c879754db69ea5293782492ee5d4ff01a33bff983
S2,W2-133070455b2ce7da2b70ed55,BASE_TRAIN,1,0,LG-N1-bb5b0a35345f968405c8b77d,9,0.0008334598944924465,uncalibrated_class1_probability,,93d3892b158c35eccfadc27c879754db69ea5293782492ee5d4ff01a33bff983
S2,W2-133810ceb1ecc72a14c691a6,BASE_TRAIN,4,0,LG-N1-99e3b9cce0e687b2d3ba093f,9,0.028975076510830193,uncalibrated_class1_probability,,93d3892b158c35eccfadc27c879754db69ea5293782492ee5d4ff01a33bff983
S2,W2-1358a68c4f6c0912666fa2a5,BASE_TRAIN,4,0,LG-N1-59e4e230f8161abf03f85fe4,7,0.0028862168372700433,uncalibrated_class1_probability,,93d3892b158c35eccfadc27c879754db69ea5293782492ee5d4ff01a33bff983
S2,W2-13b1bee601795417a63ca67c,BASE_TRAIN,2,0,LG-N1-ac1f9d53d978c04aca01ea49,11,0.0068655350974466045,uncalibrated_class1_probability,,93d3892b158c35eccfadc27c879754db69ea5293782492ee5d4ff01a33bff983
S2,W2-13b7e7189ba67eedaad03002,BASE_TRAIN,0,0,LG-N1-aeb0a8519ad014cd56df6996,12,0.013921463645877907,uncalibrated_class1_probability,,93d3892b158c35eccfadc27c879754db69ea5293782492ee5d4ff01a33bff983
S2,W2-14aba838e2ba35ee55ccd61c,BASE_TRAIN,2,0,LG-N1-b3d1e8bd42229bd9221a8bda,7,0.0004820178469504853,uncalibrated_class1_probability,,93d3892b158c35eccfadc27c879754db69ea5293782492ee5d4ff01a33bff983
S2,W2-15b741cb7bbc292d445c5b58,BASE_TRAIN,0,0,LG-N1-89d00440d72a5ec9c0be2a90,7,0.004721986302254191,uncalibrated_class1_probability,,93d3892b158c35eccfadc27c879754db69ea5293782492ee5d4ff01a33bff983
S2,W2-16197f75786399a54c410834,BASE_TRAIN,1,0,LG-N1-9a540678c0648c0094ded781,23,0.0027296264586936184,uncalibrated_class1_probability,,93d3892b158c35eccfadc27c879754db69ea5293782492ee5d4ff01a33bff983
S2,W2-166ea1cc3f56cc974935b0e8,BASE_TRAIN,4,0,LG-N1-9864fbbf2d9b1b744716f951,12,0.00462420551968944,uncalibrated_class1_probability,,93d3892b158c35eccfadc27c879754db69ea5293782492ee5d4ff01a33bff983
S2,W2-171337486482cb901c28e78d,BASE_TRAIN,2,0,LG-N1-2be8b3ab55de0111cf1d6042,9,0.00011926681876908853,uncalibrated_class1_probability,,93d3892b158c35eccfadc27c879754db69ea5293782492ee5d4ff01a33bff983
S2,W2-17524b305b0b9d78a7666484,BASE_TRAIN,2,1,LG-N1-a16e559267996fcfd0c3aea0,19,0.20671841786659753,uncalibrated_class1_probability,,93d3892b158c35eccfadc27c879754db69ea5293782492ee5d4ff01a33bff983
S2,W2-177a11867b41f7aca8167790,BASE_TRAIN,4,0,LG-N1-9245f18f6a059214309834ee,5,0.0001603538719608117,uncalibrated_class1_probability,,93d3892b158c35eccfadc27c879754db69ea5293782492ee5d4ff01a33bff983
S2,W2-17a1c65bac93fcff654499ca,BASE_TRAIN,1,0,LG-N1-3e233ca0da20ec41626a08c1,9,0.003094113091391874,uncalibrated_class1_probability,,93d3892b158c35eccfadc27c879754db69ea5293782492ee5d4ff01a33bff983
S2,W2-17c45256dfcdaf90e294b55a,BASE_TRAIN,1,0,LG-N1-189ece3a5073071b1018db13,11,0.012670850146959291,uncalibrated_class1_probability,,93d3892b158c35eccfadc27c879754db69ea5293782492ee5d4ff01a33bff983
S2,W2-1812badc812ec8ef03517846,BASE_TRAIN,0,0,LG-N1-9c6dbf031b6e307dfcdae928,6,0.0005402444587746473,uncalibrated_class1_probability,,93d3892b158c35eccfadc27c879754db69ea5293782492ee5d4ff01a33bff983
S2,W2-182292c9cb6cc2cd856ad040,BASE_TRAIN,3,0,LG-N1-b6084b208c114c7593b94386,13,0.005864380276461197,uncalibrated_class1_probability,,93d3892b158c35eccfadc27c879754db69ea5293782492ee5d4ff01a33bff983
S2,W2-18a48eeb90a83291b3f8ea6e,BASE_TRAIN,0,0,LG-N1-1b7f4ede4a7731ea51f04489,9,0.0002298970778165541,uncalibrated_class1_probability,,93d3892b158c35eccfadc27c879754db69ea5293782492ee5d4ff01a33bff983
S2,W2-18d8cb9b9d5246c424553af9,BASE_TRAIN,4,0,LG-N1-6cab45c49f6961ae8930b04c,7,0.0003619023027457892,uncalibrated_class1_probability,,93d3892b158c35eccfadc27c879754db69ea5293782492ee5d4ff01a33bff983
S2,W2-1927fa3a1aba63e44e5ad9b4,BASE_TRAIN,3,0,LG-N1-0e92547c0467662f57999fb6,8,0.014563691298475142,uncalibrated_class1_probability,,93d3892b158c35eccfadc27c879754db69ea5293782492ee5d4ff01a33bff983
S2,W2-19d010cf25be35dbc8e97667,BASE_TRAIN,0,0,LG-N1-e14eeca9d2e2e49f9c650f75,11,0.0013827134863694543,uncalibrated_class1_probability,,93d3892b158c35eccfadc27c879754db69ea5293782492ee5d4ff01a33bff983
S2,W2-19ec970d00164104be2be29d,BASE_TRAIN,0,1,LG-N1-d328a5277b954feb2bd593da,15,0.0009705910002104259,uncalibrated_class1_probability,,93d3892b158c35eccfadc27c879754db69ea5293782492ee5d4ff01a33bff983
S2,W2-19f7bac8593c14e5928498c9,BASE_TRAIN,3,0,LG-N1-9cef6a14ceaf692a285dd0d3,9,0.001200734108519659,uncalibrated_class1_probability,,93d3892b158c35eccfadc27c879754db69ea5293782492ee5d4ff01a33bff983
S2,W2-1a4ac34660c40878c5d81eab,BASE_TRAIN,4,0,LG-N1-5932e7a6915a7e683b27ac64,12,0.027306787796430133,uncalibrated_class1_probability,,93d3892b158c35eccfadc27c879754db69ea5293782492ee5d4ff01a33bff983
S2,W2-1a672f7761531b7fe13cf40d,BASE_TRAIN,3,0,LG-N1-de1d02db3ba2767634b52b3a,14,0.00808280201841319,uncalibrated_class1_probability,,93d3892b158c35eccfadc27c879754db69ea5293782492ee5d4ff01a33bff983
S2,W2-1a9b1ec54abed4a2e135cc16,BASE_TRAIN,1,0,LG-N1-abebd482e30c4e61eb5b153b,13,0.002603148447268298,uncalibrated_class1_probability,,93d3892b158c35eccfadc27c879754db69ea5293782492ee5d4ff01a33bff983
S2,W2-1abc4e84595c92b6c82e61bf,BASE_TRAIN,0,0,LG-N1-1e9eadc1323b4862050b5ee5,10,0.00031557422031414415,uncalibrated_class1_probability,,93d3892b158c35eccfadc27c879754db69ea5293782492ee5d4ff01a33bff983
S2,W2-1b2ea964ae75b516affae1d4,BASE_TRAIN,4,0,LG-N1-e2490a1fd724476ad8112a23,15,0.08976101572009826,uncalibrated_class1_probability,,93d3892b158c35eccfadc27c879754db69ea5293782492ee5d4ff01a33bff983
S2,W2-1b4b3759773876b3c3cf9fd8,BASE_TRAIN,0,0,LG-N1-7750d2a34b0eb68d85593127,6,0.0002813235365616623,uncalibrated_class1_probability,,93d3892b158c35eccfadc27c879754db69ea5293782492ee5d4ff01a33bff983
S2,W2-1b5b99ba64bd349f7fbd882d,BASE_TRAIN,3,0,LG-N1-c9076e76f74f890ae6d58549,11,0.00017932290010574096,uncalibrated_class1_probability,,93d3892b158c35eccfadc27c879754db69ea5293782492ee5d4ff01a33bff983
S2,W2-1c04a70084e09a9fda9ea969,BASE_TRAIN,1,0,LG-N1-0ef38fc66ed35d541bd918ee,8,0.000271312819885976,uncalibrated_class1_probability,,93d3892b158c35eccfadc27c879754db69ea5293782492ee5d4ff01a33bff983
S2,W2-1c5f4bea38afd7b8101404c8,BASE_TRAIN,4,0,LG-N1-cf688e21599b9077128e3cdb,13,0.0009748274921268301,uncalibrated_class1_probability,,93d3892b158c35eccfadc27c879754db69ea5293782492ee5d4ff01a33bff983
S2,W2-1c75b8e44c3a26c961f974be,BASE_TRAIN,1,1,LG-N1-0f553d6379975a5b5dafcb57,169,0.9998672779247717,uncalibrated_class1_probability,,93d3892b158c35eccfadc27c879754db69ea5293782492ee5d4ff01a33bff983
S2,W2-1cd8b29792672649c6871424,BASE_TRAIN,4,0,LG-N1-af21955a44aca6fad3345928,8,0.0006404613357566819,uncalibrated_class1_probability,,93d3892b158c35eccfadc27c879754db69ea5293782492ee5d4ff01a33bff983
S2,W2-1cfbf1159f11d654670ebacd,BASE_TRAIN,2,1,LG-N1-c16e6318e8e94fec8a3591d9,15,0.00044008237293168586,uncalibrated_class1_probability,,93d3892b158c35eccfadc27c879754db69ea5293782492ee5d4ff01a33bff983
S2,W2-1d94bee2b247d08f0de61317,BASE_TRAIN,4,0,LG-N1-10830c92b957b3ebab99f51e,10,0.00026440116665214753,uncalibrated_class1_probability,,93d3892b158c35eccfadc27c879754db69ea5293782492ee5d4ff01a33bff983
S2,W2-1e0bc284d65d1fc7edeea0ec,BASE_TRAIN,2,0,LG-N1-a9a93bc5449db348471551fc,12,0.0008538182842307502,uncalibrated_class1_probability,,93d3892b158c35eccfadc27c879754db69ea5293782492ee5d4ff01a33bff983
S2,W2-1e68e094980a0ecd9f6211a2,BASE_TRAIN,4,0,LG-N1-6890eb7b276f1371a234353a,10,0.0003363515159994964,uncalibrated_class1_probability,,93d3892b158c35eccfadc27c879754db69ea5293782492ee5d4ff01a33bff983
S2,W2-1e6e30e1b50e8b2e79a895de,BASE_TRAIN,3,0,LG-N1-ebb682229c84d223a2c75144,10,0.004559921359115515,uncalibrated_class1_probability,,93d3892b158c35eccfadc27c879754db69ea5293782492ee5d4ff01a33bff983
S2,W2-1eb47d517a94c494edf398aa,BASE_TRAIN,2,1,LG-N1-38ac9bfd06974e37f7313791,26,0.9765748199295248,uncalibrated_class1_probability,,93d3892b158c35eccfadc27c879754db69ea5293782492ee5d4ff01a33bff983
S2,W2-1edb5d8184ebeffd70e13f83,BASE_TRAIN,3,0,LG-N1-da8134c6dd34cd531cd8b1a8,11,0.0025973968872623657,uncalibrated_class1_probability,,93d3892b158c35eccfadc27c879754db69ea5293782492ee5d4ff01a33bff983
S2,W2-1ee79c5d5687b9392d7b9837,BASE_TRAIN,2,0,LG-N1-dcb4c5114069b25da6aa822a,31,0.01319373674801297,uncalibrated_class1_probability,,93d3892b158c35eccfadc27c879754db69ea5293782492ee5d4ff01a33bff983
S2,W2-1f19690753305e65867cf10e,BASE_TRAIN,2,0,LG-N1-729c085975fdea568144a5aa,33,0.053352388810288386,uncalibrated_class1_probability,,93d3892b158c35eccfadc27c879754db69ea5293782492ee5d4ff01a33bff983
S2,W2-1f43cad704446bea5260274c,BASE_TRAIN,2,0,LG-N1-9e00e068f913cf8dbdd8184c,9,0.0017775589900253872,uncalibrated_class1_probability,,93d3892b158c35eccfadc27c879754db69ea5293782492ee5d4ff01a33bff983
S2,W2-1f78d5155aaf6e2490c4e687,BASE_TRAIN,3,0,LG-N1-a95398710f2970dba5aebbbc,15,0.0028388893266941577,uncalibrated_class1_probability,,93d3892b158c35eccfadc27c879754db69ea5293782492ee5d4ff01a33bff983
S2,W2-1fa1ce5a80e079560b3b2cdf,BASE_TRAIN,1,0,LG-N1-db79ad7adf852d06a4d73a5e,10,0.003508558802705246,uncalibrated_class1_probability,,93d3892b158c35eccfadc27c879754db69ea5293782492ee5d4ff01a33bff983
S2,W2-2080fb9b7dddf0335ff0d330,BASE_TRAIN,0,0,LG-N1-de4563966de0eb1a0e4356e1,16,0.1137968022439914,uncalibrated_class1_probability,,93d3892b158c35eccfadc27c879754db69ea5293782492ee5d4ff01a33bff983
S2,W2-20abc6f9821595fddc79fff4,BASE_TRAIN,4,0,LG-N1-b1626ea270ded1ad06a77ded,7,0.00017801629914411621,uncalibrated_class1_probability,,93d3892b158c35eccfadc27c879754db69ea5293782492ee5d4ff01a33bff983
S2,W2-20e13a9095fb8e96c32f47c2,BASE_TRAIN,4,0,LG-N1-d6b4a4046e5750cf1d568c1b,12,0.0007057772725591778,uncalibrated_class1_probability,,93d3892b158c35eccfadc27c879754db69ea5293782492ee5d4ff01a33bff983
S2,W2-2123c9957dbf14e286b2ed88,BASE_TRAIN,2,0,LG-N1-e066668f9eacb2948b72d5f9,9,0.0003553601304622728,uncalibrated_class1_probability,,93d3892b158c35eccfadc27c879754db69ea5293782492ee5d4ff01a33bff983
S2,W2-21603d9678b197ba16b28f9d,BASE_TRAIN,3,0,LG-N1-86d8e480394f5c34b158abef,15,0.13994636000581223,uncalibrated_class1_probability,,93d3892b158c35eccfadc27c879754db69ea5293782492ee5d4ff01a33bff983
S2,W2-21b463942ccd449bdbead614,BASE_TRAIN,4,0,LG-N1-b283451000ea5695bfddbe32,5,0.0005792875622399693,uncalibrated_class1_probability,,93d3892b158c35eccfadc27c879754db69ea5293782492ee5d4ff01a33bff983
S2,W2-21e29a5f0c55994269d1f4b8,BASE_TRAIN,2,0,LG-N1-0f7367788f7366a7c70a49b6,16,0.9659061547364157,uncalibrated_class1_probability,,93d3892b158c35eccfadc27c879754db69ea5293782492ee5d4ff01a33bff983
S2,W2-21ff1580e9595a0d5cb0b3a6,BASE_TRAIN,3,1,LG-N1-4a7c634bd35c4592a2d23a5a,22,0.003404595206988229,uncalibrated_class1_probability,,93d3892b158c35eccfadc27c879754db69ea5293782492ee5d4ff01a33bff983
S2,W2-223afedc4fea975882eb3115,BASE_TRAIN,2,0,LG-N1-07290f0c773436b2f8b08d46,9,0.0018380969090125542,uncalibrated_class1_probability,,93d3892b158c35eccfadc27c879754db69ea5293782492ee5d4ff01a33bff983
S2,W2-2255901bbe71a5b844fcfd0a,BASE_TRAIN,4,0,LG-N1-e7e744d6a54747a2403b8bc5,21,0.428658882766009,uncalibrated_class1_probability,,93d3892b158c35eccfadc27c879754db69ea5293782492ee5d4ff01a33bff983
S2,W2-22822bd94e18271be83e5e5f,BASE_TRAIN,0,0,LG-N1-ce66a635c8eb355954e4942e,18,0.01156187274766565,uncalibrated_class1_probability,,93d3892b158c35eccfadc27c879754db69ea5293782492ee5d4ff01a33bff983
S2,W2-228917928f2d16d4f5af3d2a,BASE_TRAIN,0,0,LG-N1-a3fad77b657662b9bff3112f,9,0.010353509029453306,uncalibrated_class1_probability,,93d3892b158c35eccfadc27c879754db69ea5293782492ee5d4ff01a33bff983
S2,W2-235209123d94135466034bc6,BASE_TRAIN,2,0,LG-N1-702de813ddc2eccb32385160,25,0.036350402176562095,uncalibrated_class1_probability,,93d3892b158c35eccfadc27c879754db69ea5293782492ee5d4ff01a33bff983
S2,W2-235a62b40fb0676cb8442b45,BASE_TRAIN,3,0,LG-N1-ea0f16adffcaf79466b50566,21,0.3753056759574231,uncalibrated_class1_probability,,93d3892b158c35eccfadc27c879754db69ea5293782492ee5d4ff01a33bff983
S2,W2-23cd212fd22304ac522af9d0,BASE_TRAIN,1,1,LG-N1-b549b1b082d58983a1ea264a,219,0.9997334748791226,uncalibrated_class1_probability,,93d3892b158c35eccfadc27c879754db69ea5293782492ee5d4ff01a33bff983
S2,W2-23f0732f84c09ff6a632e7a9,BASE_TRAIN,3,1,LG-N1-82a79674d8660fdeefb5e43e,40,0.9997565033092518,uncalibrated_class1_probability,,93d3892b158c35eccfadc27c879754db69ea5293782492ee5d4ff01a33bff983
S2,W2-2404cc135c5effd5af8e15d6,BASE_TRAIN,0,0,LG-N1-cd0deac0901ca60745bb78d2,6,0.0014503964128470838,uncalibrated_class1_probability,,93d3892b158c35eccfadc27c879754db69ea5293782492ee5d4ff01a33bff983
S2,W2-240cd73ed32a94d7c91603b5,BASE_TRAIN,4,1,LG-N1-c3b932bb4a3b14e4ddbc9fa2,64,0.35934508489883676,uncalibrated_class1_probability,,93d3892b158c35eccfadc27c879754db69ea5293782492ee5d4ff01a33bff983
S2,W2-246ccb50ed6e165ccbca80e9,BASE_TRAIN,0,0,LG-N1-def2a744475e93089d45804c,7,0.0013148101205651883,uncalibrated_class1_probability,,93d3892b158c35eccfadc27c879754db69ea5293782492ee5d4ff01a33bff983
S2,W2-2569f0e759bb7508133b8fdb,BASE_TRAIN,1,0,LG-N1-9c06b570ad3473e00aab3786,105,0.38630621809088755,uncalibrated_class1_probability,,93d3892b158c35eccfadc27c879754db69ea5293782492ee5d4ff01a33bff983
S2,W2-25de5b468cc7652d0685cf5d,BASE_TRAIN,1,0,LG-N1-6ecc8a5d6fa59af5253e88af,32,0.07577400133927532,uncalibrated_class1_probability,,93d3892b158c35eccfadc27c879754db69ea5293782492ee5d4ff01a33bff983
S2,W2-260e80427f3715018aca3df9,BASE_TRAIN,0,0,LG-N1-473e3f417ab391c6a03a6f50,69,0.9987792891191674,uncalibrated_class1_probability,,93d3892b158c35eccfadc27c879754db69ea5293782492ee5d4ff01a33bff983
S2,W2-2638f6d5c6208f09ce1c68ab,BASE_TRAIN,2,0,LG-N1-17a4c595df1175a511971f2f,8,0.0006371303970254436,uncalibrated_class1_probability,,93d3892b158c35eccfadc27c879754db69ea5293782492ee5d4ff01a33bff983
S2,W2-263f40b78486c33cb331795e,BASE_TRAIN,4,1,LG-N1-1fac31bac3d1290055863fb0,19,0.0007454767002250757,uncalibrated_class1_probability,,93d3892b158c35eccfadc27c879754db69ea5293782492ee5d4ff01a33bff983
S2,W2-266cf0f31125f12d26fe73e7,BASE_TRAIN,2,0,LG-N1-88200277ae8d6063dcb039b7,13,0.0013890787946950467,uncalibrated_class1_probability,,93d3892b158c35eccfadc27c879754db69ea5293782492ee5d4ff01a33bff983
S2,W2-26919a6538e4c252f9f01ddb,BASE_TRAIN,2,0,LG-N1-656aab06712b3db24d1bbf40,6,0.005624887887756505,uncalibrated_class1_probability,,93d3892b158c35eccfadc27c879754db69ea5293782492ee5d4ff01a33bff983
S2,W2-26e156db8415906f3420acd3,BASE_TRAIN,2,1,LG-N1-a7415299e5b480b583718625,136,0.9976153878012569,uncalibrated_class1_probability,,93d3892b158c35eccfadc27c879754db69ea5293782492ee5d4ff01a33bff983
S2,W2-27e91f792106ea3417d09d71,BASE_TRAIN,2,0,LG-N1-bc3dc49604f7295e30e99221,9,0.006096928685845081,uncalibrated_class1_probability,,93d3892b158c35eccfadc27c879754db69ea5293782492ee5d4ff01a33bff983
S2,W2-27f9c834b619707dc104541f,BASE_TRAIN,1,0,LG-N1-753ea1a66aa113ddb4924aa5,13,0.011334998716875083,uncalibrated_class1_probability,,93d3892b158c35eccfadc27c879754db69ea5293782492ee5d4ff01a33bff983
S2,W2-284d1b72cf2bfa2a1c9e3484,BASE_TRAIN,0,0,LG-N1-e948cb6752e04df110fcdb50,7,0.00017358909329059525,uncalibrated_class1_probability,,93d3892b158c35eccfadc27c879754db69ea5293782492ee5d4ff01a33bff983
S2,W2-28987c22bcaa415b5e7246c7,BASE_TRAIN,2,0,LG-N1-1ccb4f12bb3822ff1f831fa1,13,0.045863509044129835,uncalibrated_class1_probability,,93d3892b158c35eccfadc27c879754db69ea5293782492ee5d4ff01a33bff983
S2,W2-289e69ec347686dc149919b1,BASE_TRAIN,2,0,LG-N1-f113a02347d7a75a0960344d,16,0.0026927289029694537,uncalibrated_class1_probability,,93d3892b158c35eccfadc27c879754db69ea5293782492ee5d4ff01a33bff983
S2,W2-29751c95ba43353064a8c8f1,BASE_TRAIN,3,0,LG-N1-c03777b68d91228e60531ae4,7,5.1849614099333835e-05,uncalibrated_class1_probability,,93d3892b158c35eccfadc27c879754db69ea5293782492ee5d4ff01a33bff983
S2,W2-29870cbb16f79586a291e7cd,BASE_TRAIN,1,0,LG-N1-0780a6bdcc713db0386607da,9,0.000726292628269817,uncalibrated_class1_probability,,93d3892b158c35eccfadc27c879754db69ea5293782492ee5d4ff01a33bff983
S2,W2-29c552288cff3c23a41ffb88,BASE_TRAIN,3,0,LG-N1-1fd8e1caa5274eb447a88fb7,10,0.00026517398065312864,uncalibrated_class1_probability,,93d3892b158c35eccfadc27c879754db69ea5293782492ee5d4ff01a33bff983
S2,W2-29e3cab3e3a5f69302f642fe,BASE_TRAIN,1,1,LG-N1-ce98e4bd33cca0720b5c38f6,18,0.9677383810087836,uncalibrated_class1_probability,,93d3892b158c35eccfadc27c879754db69ea5293782492ee5d4ff01a33bff983
S2,W2-29e7dc32d6f8d1234b5cb4db,BASE_TRAIN,3,0,LG-N1-650fac2a92e075b321a0435d,11,0.00034317767841516536,uncalibrated_class1_probability,,93d3892b158c35eccfadc27c879754db69ea5293782492ee5d4ff01a33bff983
S2,W2-2a4d2ba3f8705e9e3d202ab6,BASE_TRAIN,2,0,LG-N1-5c06d01849075b014b46f172,13,0.001673728941950394,uncalibrated_class1_probability,,93d3892b158c35eccfadc27c879754db69ea5293782492ee5d4ff01a33bff983
S2,W2-2ad1d1769b8c4f91cfa39d67,BASE_TRAIN,4,1,LG-N1-5bdd16d95caa5ed3287137fb,29,0.3733132209004803,uncalibrated_class1_probability,,93d3892b158c35eccfadc27c879754db69ea5293782492ee5d4ff01a33bff983
S2,W2-2ae69cab23f1fd0de8dc6123,BASE_TRAIN,2,0,LG-N1-58a355e03f9f1d33d955fc03,13,0.0001254733930090883,uncalibrated_class1_probability,,93d3892b158c35eccfadc27c879754db69ea5293782492ee5d4ff01a33bff983
S2,W2-2b2b2e89ea98b89a4f8e8fcf,BASE_TRAIN,3,0,LG-N1-2526f7da6dc16e8c70625dc7,12,0.005210964665574314,uncalibrated_class1_probability,,93d3892b158c35eccfadc27c879754db69ea5293782492ee5d4ff01a33bff983
S2,W2-2b645695cc180fc8c30695cb,BASE_TRAIN,4,0,LG-N1-0e5cba5c83d0b3ed2649188a,15,0.2067432212381973,uncalibrated_class1_probability,,93d3892b158c35eccfadc27c879754db69ea5293782492ee5d4ff01a33bff983
S2,W2-2c6407c2418ec4fc806e4253,BASE_TRAIN,0,1,LG-N1-7e69d49fbb6e7f23992b7a75,53,0.9950461152408918,uncalibrated_class1_probability,,93d3892b158c35eccfadc27c879754db69ea5293782492ee5d4ff01a33bff983
S2,W2-2c822b2092b96810d0dc7d26,BASE_TRAIN,3,0,LG-N1-2f1f8683b9529f5a1eee693a,11,0.00030104552819537356,uncalibrated_class1_probability,,93d3892b158c35eccfadc27c879754db69ea5293782492ee5d4ff01a33bff983
S2,W2-2c9d35f763df3ed76bed4602,BASE_TRAIN,1,0,LG-N1-68253eb030d23e5ce8c3f86d,16,0.4621099206955521,uncalibrated_class1_probability,,93d3892b158c35eccfadc27c879754db69ea5293782492ee5d4ff01a33bff983
S2,W2-2d1ee7d735aa498caa348978,BASE_TRAIN,3,0,LG-N1-0755230fdb4cc792cc043253,13,0.0003453152004448953,uncalibrated_class1_probability,,93d3892b158c35eccfadc27c879754db69ea5293782492ee5d4ff01a33bff983
S2,W2-2d60975c8dcdf216bc822f8a,BASE_TRAIN,3,1,LG-N1-f5ef3052ef580f7972e12324,8,0.002263252478353031,uncalibrated_class1_probability,,93d3892b158c35eccfadc27c879754db69ea5293782492ee5d4ff01a33bff983
S2,W2-2da53150347dd43de8d59a2b,BASE_TRAIN,0,0,LG-N1-85853856008b72a5c444097e,12,0.00033263973639255097,uncalibrated_class1_probability,,93d3892b158c35eccfadc27c879754db69ea5293782492ee5d4ff01a33bff983
S2,W2-2dc5b6a206eac1ac7a169d55,BASE_TRAIN,0,0,LG-N1-1cd1370f49ce61a7db5e2ef3,10,0.00046998103701825517,uncalibrated_class1_probability,,93d3892b158c35eccfadc27c879754db69ea5293782492ee5d4ff01a33bff983
S2,W2-2e5268f9644a615fbba1fb0a,BASE_TRAIN,4,0,LG-N1-3970bdbb207d3d99e4a990de,12,0.0002102878640217936,uncalibrated_class1_probability,,93d3892b158c35eccfadc27c879754db69ea5293782492ee5d4ff01a33bff983
S2,W2-2e5c0b7b868cdf69b5d982aa,BASE_TRAIN,4,1,LG-N1-9cd5921fab7c695c055609de,17,0.7627316392095934,uncalibrated_class1_probability,,93d3892b158c35eccfadc27c879754db69ea5293782492ee5d4ff01a33bff983
S2,W2-2e7d16e54bbdf7cf690fb4d4,BASE_TRAIN,0,0,LG-N1-07873429a87a3ef646f16c04,9,0.0013019921431972135,uncalibrated_class1_probability,,93d3892b158c35eccfadc27c879754db69ea5293782492ee5d4ff01a33bff983
S2,W2-2ed0f5f420e8459fecdf3214,BASE_TRAIN,0,1,LG-N1-56f62becd5c81af438298464,9,0.0003636463092125357,uncalibrated_class1_probability,,93d3892b158c35eccfadc27c879754db69ea5293782492ee5d4ff01a33bff983
S2,W2-2fdbde42de04407c1c8849e3,BASE_TRAIN,4,0,LG-N1-1c427d174db12b0c1b210db9,7,0.006330474275845191,uncalibrated_class1_probability,,93d3892b158c35eccfadc27c879754db69ea5293782492ee5d4ff01a33bff983
S2,W2-303f4b2a371e72661137710d,BASE_TRAIN,1,1,LG-N1-e83623e5dea40f001257a7bb,9,0.005530983251167705,uncalibrated_class1_probability,,93d3892b158c35eccfadc27c879754db69ea5293782492ee5d4ff01a33bff983
S2,W2-30aaaefa95fd4730cb9e9273,BASE_TRAIN,1,0,LG-N1-8853f7833e29f0cecfe82370,8,0.0008375022156985568,uncalibrated_class1_probability,,93d3892b158c35eccfadc27c879754db69ea5293782492ee5d4ff01a33bff983
S2,W2-312d3338c819a5f28800bcfe,BASE_TRAIN,0,0,LG-N1-05521d9d6c5f01ef0806526b,14,0.005297145877497934,uncalibrated_class1_probability,,93d3892b158c35eccfadc27c879754db69ea5293782492ee5d4ff01a33bff983
S2,W2-316cf61c1d723b39715e0f43,BASE_TRAIN,4,0,LG-N1-2b770b49c04f9414eb036684,13,8.663797283880897e-05,uncalibrated_class1_probability,,93d3892b158c35eccfadc27c879754db69ea5293782492ee5d4ff01a33bff983
S2,W2-316da585a86ff8018df920d9,BASE_TRAIN,2,0,LG-N1-9544d45a36b6728faefd8373,9,0.004946450864677775,uncalibrated_class1_probability,,93d3892b158c35eccfadc27c879754db69ea5293782492ee5d4ff01a33bff983
S2,W2-31b8d983c738cd813b243a7f,BASE_TRAIN,0,0,LG-N1-1bf07d7dee28a3fb32fd3903,13,0.00016108173997642848,uncalibrated_class1_probability,,93d3892b158c35eccfadc27c879754db69ea5293782492ee5d4ff01a33bff983
S2,W2-31da0ebe950f575f2487cac9,BASE_TRAIN,3,0,LG-N1-87fbf6b75fd3b472a0662494,15,0.0007020755054748099,uncalibrated_class1_probability,,93d3892b158c35eccfadc27c879754db69ea5293782492ee5d4ff01a33bff983
S2,W2-31eaa7123d324d6d8456a37d,BASE_TRAIN,2,0,LG-N1-054c28a6f395143d1a1d18ad,11,0.0025594258974489105,uncalibrated_class1_probability,,93d3892b158c35eccfadc27c879754db69ea5293782492ee5d4ff01a33bff983
S2,W2-31f73481d477c9cfea1e8091,BASE_TRAIN,0,0,LG-N1-160a5c591a3b444dbb47d62c,8,0.0001047405219914295,uncalibrated_class1_probability,,93d3892b158c35eccfadc27c879754db69ea5293782492ee5d4ff01a33bff983
S2,W2-3224646da703e491e015baa8,BASE_TRAIN,2,0,LG-N1-a07646ecf3be10dc67597ffd,12,0.0033935087436078202,uncalibrated_class1_probability,,93d3892b158c35eccfadc27c879754db69ea5293782492ee5d4ff01a33bff983
S2,W2-323452cea15af819361fa021,BASE_TRAIN,2,0,LG-N1-1365c0d70666e73e37c5c725,10,0.0022409933166031544,uncalibrated_class1_probability,,93d3892b158c35eccfadc27c879754db69ea5293782492ee5d4ff01a33bff983
S2,W2-3262136785bd83bdc3eda7f7,BASE_TRAIN,2,0,LG-N1-98b317cbf4669ebf4a46fc64,13,0.015873851254354532,uncalibrated_class1_probability,,93d3892b158c35eccfadc27c879754db69ea5293782492ee5d4ff01a33bff983
S2,W2-32c01abc147e5707edd573aa,BASE_TRAIN,3,1,LG-N1-1ddb66de2b6ccb70652011c8,17,0.14118784263949977,uncalibrated_class1_probability,,93d3892b158c35eccfadc27c879754db69ea5293782492ee5d4ff01a33bff983
S2,W2-3316b4a505df994985129f0f,BASE_TRAIN,1,1,LG-N1-935fe8fe3ce8c4f16e873ee2,31,0.3943764791952499,uncalibrated_class1_probability,,93d3892b158c35eccfadc27c879754db69ea5293782492ee5d4ff01a33bff983
S2,W2-3338f47a47286b8e733c1312,BASE_TRAIN,0,1,LG-N1-e2711bde2fba842f23f97be3,19,0.6244404187843685,uncalibrated_class1_probability,,93d3892b158c35eccfadc27c879754db69ea5293782492ee5d4ff01a33bff983
S2,W2-3357aad342c418b4e8d48c5d,BASE_TRAIN,4,1,LG-N1-2fa4410b58cac493f18c8df6,70,0.12391946371834567,uncalibrated_class1_probability,,93d3892b158c35eccfadc27c879754db69ea5293782492ee5d4ff01a33bff983
S2,W2-337b4512208b717625fdc3d7,BASE_TRAIN,2,0,LG-N1-f46b9a6f97bb584d9f975b5e,6,0.00015404567133722185,uncalibrated_class1_probability,,93d3892b158c35eccfadc27c879754db69ea5293782492ee5d4ff01a33bff983
S2,W2-348be904545fc67f0cf9da9f,BASE_TRAIN,0,0,LG-N1-50106044eaf38d15169a8789,12,0.00035709023481857275,uncalibrated_class1_probability,,93d3892b158c35eccfadc27c879754db69ea5293782492ee5d4ff01a33bff983
S2,W2-3500791b067f2ff6b7d10c3b,BASE_TRAIN,0,0,LG-N1-719db5751e5e6d981d8455d8,12,0.016138381615844948,uncalibrated_class1_probability,,93d3892b158c35eccfadc27c879754db69ea5293782492ee5d4ff01a33bff983
S2,W2-3516b6590258e0cec95eff08,BASE_TRAIN,0,1,LG-N1-e56d2636a8b917aafe359c2a,34,0.03318746705088412,uncalibrated_class1_probability,,93d3892b158c35eccfadc27c879754db69ea5293782492ee5d4ff01a33bff983
S2,W2-351e8f6a85aaee27a0b493a1,BASE_TRAIN,1,0,LG-N1-1adf6024f42c10da8c0d5913,9,0.00041370824141428244,uncalibrated_class1_probability,,93d3892b158c35eccfadc27c879754db69ea5293782492ee5d4ff01a33bff983
S2,W2-354537df37f55badae7a30c6,BASE_TRAIN,4,0,LG-N1-9a25942a160da819d3210402,12,0.0004631732521562451,uncalibrated_class1_probability,,93d3892b158c35eccfadc27c879754db69ea5293782492ee5d4ff01a33bff983
S2,W2-35d75f00ad21b9084a518802,BASE_TRAIN,1,0,LG-N1-2de21d1083495def31e59643,14,0.003105112104390831,uncalibrated_class1_probability,,93d3892b158c35eccfadc27c879754db69ea5293782492ee5d4ff01a33bff983
S2,W2-3632be8b8de437281078fae8,BASE_TRAIN,3,0,LG-N1-478b8af7cabdcc643da43166,12,0.0025179295453011926,uncalibrated_class1_probability,,93d3892b158c35eccfadc27c879754db69ea5293782492ee5d4ff01a33bff983
S2,W2-36774097e708f141ce5f5e76,BASE_TRAIN,4,0,LG-N1-a8e425f82a8886f02cdd53b7,16,0.066638091085692,uncalibrated_class1_probability,,93d3892b158c35eccfadc27c879754db69ea5293782492ee5d4ff01a33bff983
S2,W2-3697ecac0088ac0298a8f6a3,BASE_TRAIN,2,0,LG-N1-f659450e739e0c45114cb4c6,87,0.8440243636269527,uncalibrated_class1_probability,,93d3892b158c35eccfadc27c879754db69ea5293782492ee5d4ff01a33bff983
S2,W2-36c5934d6596cd117c2a5c5c,BASE_TRAIN,3,0,LG-N1-cdd70bd2f03ff7654999516b,4,0.00013491504546811112,uncalibrated_class1_probability,,93d3892b158c35eccfadc27c879754db69ea5293782492ee5d4ff01a33bff983
S2,W2-36c771897217bc76004ffb83,BASE_TRAIN,3,0,LG-N1-f2d650dd8ed7627c73545d18,16,0.0026186459658761874,uncalibrated_class1_probability,,93d3892b158c35eccfadc27c879754db69ea5293782492ee5d4ff01a33bff983
S2,W2-36d08d90e8c79fa2f558c4c7,BASE_TRAIN,2,0,LG-N1-10d9dcce46cb629819209fd6,17,0.5145782485920116,uncalibrated_class1_probability,,93d3892b158c35eccfadc27c879754db69ea5293782492ee5d4ff01a33bff983
S2,W2-3701596b53ad7fab261e2454,BASE_TRAIN,4,0,LG-N1-ddeaac4812a535030c0e06dc,11,0.001055909882155939,uncalibrated_class1_probability,,93d3892b158c35eccfadc27c879754db69ea5293782492ee5d4ff01a33bff983
S2,W2-3762ec19d723959b3c4da801,BASE_TRAIN,1,0,LG-N1-3f8fc5d202d3ba5012f075c1,17,0.00021152618198724265,uncalibrated_class1_probability,,93d3892b158c35eccfadc27c879754db69ea5293782492ee5d4ff01a33bff983
S2,W2-3763f9076834a3f9fcf99806,BASE_TRAIN,3,0,LG-N1-d050bd249ca442ac1350b43e,17,0.0005247261402513733,uncalibrated_class1_probability,,93d3892b158c35eccfadc27c879754db69ea5293782492ee5d4ff01a33bff983
S2,W2-378b29562a68a9eb6bd0660d,BASE_TRAIN,1,0,LG-N1-5ef309dc59abf1fb20ee44d9,10,0.003511917567691456,uncalibrated_class1_probability,,93d3892b158c35eccfadc27c879754db69ea5293782492ee5d4ff01a33bff983
S2,W2-378c9c49d03bef58a01e2e44,BASE_TRAIN,1,0,LG-N1-232655db463d8fd0d8ad7ce8,10,0.00022187385448695974,uncalibrated_class1_probability,,93d3892b158c35eccfadc27c879754db69ea5293782492ee5d4ff01a33bff983
S2,W2-37c8ee81416c71f65751d37c,BASE_TRAIN,1,0,LG-N1-9fd5885790294433dfc0ed9a,17,0.050048857740136114,uncalibrated_class1_probability,,93d3892b158c35eccfadc27c879754db69ea5293782492ee5d4ff01a33bff983
S2,W2-3818e07c253019ab00c02269,BASE_TRAIN,2,0,LG-N1-859e8654f4d6bf33805ba164,15,0.004058432357025525,uncalibrated_class1_probability,,93d3892b158c35eccfadc27c879754db69ea5293782492ee5d4ff01a33bff983
S2,W2-383674ea64091b6f022179c0,BASE_TRAIN,0,0,LG-N1-d080d9d94cc099f3336cfde6,11,0.000741451731170554,uncalibrated_class1_probability,,93d3892b158c35eccfadc27c879754db69ea5293782492ee5d4ff01a33bff983
S2,W2-385ffdcf65e7a4277d80be06,BASE_TRAIN,0,0,LG-N1-792b75e847bd71a6cf97972d,15,0.006454346749658611,uncalibrated_class1_probability,,93d3892b158c35eccfadc27c879754db69ea5293782492ee5d4ff01a33bff983
S2,W2-387255769f9e7fe2b20a7c00,BASE_TRAIN,3,0,LG-N1-6da606faae72f11b36f513db,7,0.0008394413937267863,uncalibrated_class1_probability,,93d3892b158c35eccfadc27c879754db69ea5293782492ee5d4ff01a33bff983
S2,W2-387736d401c8449aa3a09035,BASE_TRAIN,4,1,LG-N1-e3504b23ffe26bfca61b894a,7,0.0021271817038223577,uncalibrated_class1_probability,,93d3892b158c35eccfadc27c879754db69ea5293782492ee5d4ff01a33bff983
S2,W2-38a024307c4c2d5ac89611ef,BASE_TRAIN,4,0,LG-N1-aedb0f0ee160e8c261ff71b6,15,0.0038378422090276647,uncalibrated_class1_probability,,93d3892b158c35eccfadc27c879754db69ea5293782492ee5d4ff01a33bff983
S2,W2-38d00ef51a154c100280a0ed,BASE_TRAIN,3,0,LG-N1-ab2be04832c6378c49e65136,6,0.0007495399692115274,uncalibrated_class1_probability,,93d3892b158c35eccfadc27c879754db69ea5293782492ee5d4ff01a33bff983
S2,W2-38d71cd23ce34ede64da4c5c,BASE_TRAIN,4,0,LG-N1-477af9ddc108ca4a55d0c7b8,14,0.00043439225068602454,uncalibrated_class1_probability,,93d3892b158c35eccfadc27c879754db69ea5293782492ee5d4ff01a33bff983
S2,W2-38ef342d1eb17088b9a9e738,BASE_TRAIN,3,0,LG-N1-243a8443f04f6b78abd8fa8f,11,0.0008045337155592441,uncalibrated_class1_probability,,93d3892b158c35eccfadc27c879754db69ea5293782492ee5d4ff01a33bff983
S2,W2-39070bc2b83e6fdcade4f483,BASE_TRAIN,0,0,LG-N1-ab065582d5e3fd5ff4719fa6,13,0.00108818654439947,uncalibrated_class1_probability,,93d3892b158c35eccfadc27c879754db69ea5293782492ee5d4ff01a33bff983
S2,W2-39166be3816cc6b85549bed6,BASE_TRAIN,2,0,LG-N1-fbe9bc65a91188acc2e0261d,15,0.014159758314911074,uncalibrated_class1_probability,,93d3892b158c35eccfadc27c879754db69ea5293782492ee5d4ff01a33bff983
S2,W2-3934dbc180e89391191e1293,BASE_TRAIN,2,0,LG-N1-0920e72061fbfa8f3e8ac14c,8,0.0004247235800618391,uncalibrated_class1_probability,,93d3892b158c35eccfadc27c879754db69ea5293782492ee5d4ff01a33bff983
S2,W2-394f2e39d1193c63fe69b3cd,BASE_TRAIN,0,0,LG-N1-661ddef2c90583e452e9d588,10,9.021803002932252e-05,uncalibrated_class1_probability,,93d3892b158c35eccfadc27c879754db69ea5293782492ee5d4ff01a33bff983
S2,W2-396f4df2c11ebb1539d957ed,BASE_TRAIN,1,0,LG-N1-25b350ec45c1b8cc99c7e614,18,0.35605075359133,uncalibrated_class1_probability,,93d3892b158c35eccfadc27c879754db69ea5293782492ee5d4ff01a33bff983
S2,W2-397c1652d9ce3cd47f47c734,BASE_TRAIN,4,0,LG-N1-ab23889b064310996498223a,14,0.07569716423024941,uncalibrated_class1_probability,,93d3892b158c35eccfadc27c879754db69ea5293782492ee5d4ff01a33bff983
S2,W2-397da796e450459084eadee5,BASE_TRAIN,1,0,LG-N1-22954358097911ef24e160b5,25,0.9204786112771673,uncalibrated_class1_probability,,93d3892b158c35eccfadc27c879754db69ea5293782492ee5d4ff01a33bff983
S2,W2-3996bf571a873a9a1141fbf5,BASE_TRAIN,4,0,LG-N1-391d7a83d0c1f9078c0c93af,12,0.03712212468383651,uncalibrated_class1_probability,,93d3892b158c35eccfadc27c879754db69ea5293782492ee5d4ff01a33bff983
S2,W2-3a273a1e3a038bc7c8eace0d,BASE_TRAIN,0,1,LG-N1-3ef3c795f71e3a598b3553fe,42,0.9011300156579231,uncalibrated_class1_probability,,93d3892b158c35eccfadc27c879754db69ea5293782492ee5d4ff01a33bff983
S2,W2-3a3c308c17df903acb2c31fe,BASE_TRAIN,4,0,LG-N1-f3ae372b7783814faa0093df,68,0.3107610404440812,uncalibrated_class1_probability,,93d3892b158c35eccfadc27c879754db69ea5293782492ee5d4ff01a33bff983
S2,W2-3a49bfeadb180770fe0da23a,BASE_TRAIN,1,0,LG-N1-2e00117dffc0b8931732fcdf,11,0.000847087486801298,uncalibrated_class1_probability,,93d3892b158c35eccfadc27c879754db69ea5293782492ee5d4ff01a33bff983
S2,W2-3af27f5bee00160a63dd5014,BASE_TRAIN,0,0,LG-N1-9334f0b27af9e014c86a2395,13,0.0011490802613564799,uncalibrated_class1_probability,,93d3892b158c35eccfadc27c879754db69ea5293782492ee5d4ff01a33bff983
S2,W2-3b1196748ebf2e72ab8dff25,BASE_TRAIN,4,0,LG-N1-f6ac75e79663bdad2eaed386,10,0.00554687014624469,uncalibrated_class1_probability,,93d3892b158c35eccfadc27c879754db69ea5293782492ee5d4ff01a33bff983
S2,W2-3b21399bb14c96b20ff45082,BASE_TRAIN,3,0,LG-N1-4d9c2b866d64dba9f2ccb3c0,7,0.0002057079975240669,uncalibrated_class1_probability,,93d3892b158c35eccfadc27c879754db69ea5293782492ee5d4ff01a33bff983
S2,W2-3b3700954f59845d7dae65a4,BASE_TRAIN,2,0,LG-N1-b05d14503041760a08dd1806,10,0.12792654439434162,uncalibrated_class1_probability,,93d3892b158c35eccfadc27c879754db69ea5293782492ee5d4ff01a33bff983
S2,W2-3b69e736d979c931c332b60e,BASE_TRAIN,3,0,LG-N1-476311bd17985f5f21c1a595,14,0.00037068002236218363,uncalibrated_class1_probability,,93d3892b158c35eccfadc27c879754db69ea5293782492ee5d4ff01a33bff983
S2,W2-3c1834dbd3f9696bc5f39b5c,BASE_TRAIN,4,0,LG-N1-7708a107acd9b85e7a53f12f,15,0.00025148742840589084,uncalibrated_class1_probability,,93d3892b158c35eccfadc27c879754db69ea5293782492ee5d4ff01a33bff983
S2,W2-3c39f4b27e22877298cdb8f3,BASE_TRAIN,2,0,LG-N1-d320302aab615593df94c234,11,0.0011913480842030745,uncalibrated_class1_probability,,93d3892b158c35eccfadc27c879754db69ea5293782492ee5d4ff01a33bff983
S2,W2-3c55f35cfb822348ea28f81f,BASE_TRAIN,4,0,LG-N1-279142101d669ded243f02ce,11,0.0006930611325864654,uncalibrated_class1_probability,,93d3892b158c35eccfadc27c879754db69ea5293782492ee5d4ff01a33bff983
S2,W2-3c70cf8cb518ea237309e896,BASE_TRAIN,2,0,LG-N1-87e834aaa561dc3d8dcc19a0,19,0.19869891765405145,uncalibrated_class1_probability,,93d3892b158c35eccfadc27c879754db69ea5293782492ee5d4ff01a33bff983
S2,W2-3c774fc7e7cea0e536842504,BASE_TRAIN,2,0,LG-N1-31c93696f5cca0bcc01d4377,12,0.0009241026157208173,uncalibrated_class1_probability,,93d3892b158c35eccfadc27c879754db69ea5293782492ee5d4ff01a33bff983
S2,W2-3cc0e4a42a9ef53166e20c05,BASE_TRAIN,3,0,LG-N1-b2f27f8e3b2aa080cd4a22e5,10,0.0013151164576725696,uncalibrated_class1_probability,,93d3892b158c35eccfadc27c879754db69ea5293782492ee5d4ff01a33bff983
S2,W2-3df12f3466b8930786cfca28,BASE_TRAIN,3,0,LG-N1-954b8d7f64ea19c602bd541a,7,0.0007702994423536142,uncalibrated_class1_probability,,93d3892b158c35eccfadc27c879754db69ea5293782492ee5d4ff01a33bff983
S2,W2-3e4f5a750f03f14190697515,BASE_TRAIN,3,1,LG-N1-4deb92a7f359c64a37eaae51,42,0.8151776021969661,uncalibrated_class1_probability,,93d3892b158c35eccfadc27c879754db69ea5293782492ee5d4ff01a33bff983
S2,W2-3e89e08229e5e7bd4734f892,BASE_TRAIN,4,1,LG-N1-22e10bf6fa3a468d39a7e793,11,0.00011093710360314516,uncalibrated_class1_probability,,93d3892b158c35eccfadc27c879754db69ea5293782492ee5d4ff01a33bff983
S2,W2-3e8e6ac4a78592c53046c0d3,BASE_TRAIN,4,0,LG-N1-a3d50a3f99c9eabe4f1ff598,29,0.009167774513564902,uncalibrated_class1_probability,,93d3892b158c35eccfadc27c879754db69ea5293782492ee5d4ff01a33bff983
S2,W2-3f0944657edccd8f3d60d506,BASE_TRAIN,2,1,LG-N1-9691170ad4a8a6bbc4078ea2,135,0.9974339896952217,uncalibrated_class1_probability,,93d3892b158c35eccfadc27c879754db69ea5293782492ee5d4ff01a33bff983
S2,W2-3f1cc89107b926c466d65acf,BASE_TRAIN,1,0,LG-N1-a388b2894a8d0ac56fef747d,6,0.0006801296465048401,uncalibrated_class1_probability,,93d3892b158c35eccfadc27c879754db69ea5293782492ee5d4ff01a33bff983
S2,W2-3f72c5a156b02d6d0bda69b0,BASE_TRAIN,2,0,LG-N1-100ac6ae9948248ed4479fdf,6,0.00010318777128135519,uncalibrated_class1_probability,,93d3892b158c35eccfadc27c879754db69ea5293782492ee5d4ff01a33bff983
S2,W2-3f8b215888b909b4e0641e5b,BASE_TRAIN,3,0,LG-N1-b6c1cb9e95874cc872578823,16,0.000813900762775145,uncalibrated_class1_probability,,93d3892b158c35eccfadc27c879754db69ea5293782492ee5d4ff01a33bff983
S2,W2-3f90d51ecfe30bdfef3b2b96,BASE_TRAIN,1,0,LG-N1-cf10fcdae427ef62c74055e9,14,0.0007419541051777283,uncalibrated_class1_probability,,93d3892b158c35eccfadc27c879754db69ea5293782492ee5d4ff01a33bff983
S2,W2-40409c0f82465f8efe807ca0,BASE_TRAIN,2,0,LG-N1-d407ea115c748bf8d8df33db,27,0.6468689918850626,uncalibrated_class1_probability,,93d3892b158c35eccfadc27c879754db69ea5293782492ee5d4ff01a33bff983
S2,W2-40888203fdceb846c450c80b,BASE_TRAIN,3,0,LG-N1-f5b5c28b2588f311729e49cc,23,0.028017415542493755,uncalibrated_class1_probability,,93d3892b158c35eccfadc27c879754db69ea5293782492ee5d4ff01a33bff983
S2,W2-40ab5396ee2d806f6c5dd012,BASE_TRAIN,1,0,LG-N1-e289cafaac0282d4ce915a71,13,0.006602765374641578,uncalibrated_class1_probability,,93d3892b158c35eccfadc27c879754db69ea5293782492ee5d4ff01a33bff983
S2,W2-40c27e95ba9d1e2070e7293d,BASE_TRAIN,4,0,LG-N1-12e21b47ca1a7d27ea217011,32,0.012810634296703864,uncalibrated_class1_probability,,93d3892b158c35eccfadc27c879754db69ea5293782492ee5d4ff01a33bff983
S2,W2-41359c7265208f3adc4da8c0,BASE_TRAIN,2,0,LG-N1-11281273c88cd6e2ba474863,62,0.11550887154780286,uncalibrated_class1_probability,,93d3892b158c35eccfadc27c879754db69ea5293782492ee5d4ff01a33bff983
S2,W2-414a5e1142dd21b915cf1f19,BASE_TRAIN,3,0,LG-N1-811e0804c2bfee0e8fc6ecee,10,0.009982982116912693,uncalibrated_class1_probability,,93d3892b158c35eccfadc27c879754db69ea5293782492ee5d4ff01a33bff983
S2,W2-419ddb7a668fb5d964bb573c,BASE_TRAIN,2,0,LG-N1-d9f8dce009bbac3f11c6d5b7,13,0.0011668678532065096,uncalibrated_class1_probability,,93d3892b158c35eccfadc27c879754db69ea5293782492ee5d4ff01a33bff983
S2,W2-424dc5b98bc93fadaf5608f2,BASE_TRAIN,2,0,LG-N1-782c510c28c2e5acd0c64445,5,0.0002739342995978471,uncalibrated_class1_probability,,93d3892b158c35eccfadc27c879754db69ea5293782492ee5d4ff01a33bff983
S2,W2-427404392d70ee08a35328d1,BASE_TRAIN,4,0,LG-N1-2b97be7b81656218ea460698,44,0.055496589786542996,uncalibrated_class1_probability,,93d3892b158c35eccfadc27c879754db69ea5293782492ee5d4ff01a33bff983
S2,W2-429fac0673af3f09eda9398f,BASE_TRAIN,3,0,LG-N1-21c5057d090e39a17b5d971b,12,0.0012063556058571733,uncalibrated_class1_probability,,93d3892b158c35eccfadc27c879754db69ea5293782492ee5d4ff01a33bff983
S2,W2-42eb0e3be3e6143340ce6d39,BASE_TRAIN,2,0,LG-N1-48754fb21b319eeebeba91f9,9,0.09144185636574981,uncalibrated_class1_probability,,93d3892b158c35eccfadc27c879754db69ea5293782492ee5d4ff01a33bff983
S2,W2-42fbfac01057aebb6ef4fe2c,BASE_TRAIN,2,0,LG-N1-c190e8be241396d6fb934a8e,13,0.0017108351773580555,uncalibrated_class1_probability,,93d3892b158c35eccfadc27c879754db69ea5293782492ee5d4ff01a33bff983
S2,W2-4316f71a27854f4fa898bd76,BASE_TRAIN,3,1,LG-N1-53d5f573f27c925088c16386,47,0.9399003243749664,uncalibrated_class1_probability,,93d3892b158c35eccfadc27c879754db69ea5293782492ee5d4ff01a33bff983
S2,W2-435e7bb9cf27fb9585c70b9b,BASE_TRAIN,0,0,LG-N1-3005bc98ac516ff3da65f136,12,0.00019392258680668497,uncalibrated_class1_probability,,93d3892b158c35eccfadc27c879754db69ea5293782492ee5d4ff01a33bff983
S2,W2-435f7821306b4bff29bf4600,BASE_TRAIN,0,0,LG-N1-ce2e8e4d42199db0af1443d4,7,0.042181329046833395,uncalibrated_class1_probability,,93d3892b158c35eccfadc27c879754db69ea5293782492ee5d4ff01a33bff983
S2,W2-43ee67bad7e01dc935dba53c,BASE_TRAIN,2,0,LG-N1-e69bc268810b1c192e067ba4,12,0.0004751780117914309,uncalibrated_class1_probability,,93d3892b158c35eccfadc27c879754db69ea5293782492ee5d4ff01a33bff983
S2,W2-440466243ecafdd6f26aa36a,BASE_TRAIN,0,0,LG-N1-38fbf72963a32bee51b62a3b,8,0.00044979078274164596,uncalibrated_class1_probability,,93d3892b158c35eccfadc27c879754db69ea5293782492ee5d4ff01a33bff983
S2,W2-442b623ea6bec1942c62f398,BASE_TRAIN,0,0,LG-N1-533096d73948b7e52c256bf3,7,0.000355378829667485,uncalibrated_class1_probability,,93d3892b158c35eccfadc27c879754db69ea5293782492ee5d4ff01a33bff983
S2,W2-44390a9e52eee7d1940fd218,BASE_TRAIN,1,1,LG-N1-626ad4fa0daf52189b5265d6,33,0.996791311696472,uncalibrated_class1_probability,,93d3892b158c35eccfadc27c879754db69ea5293782492ee5d4ff01a33bff983
S2,W2-4470e45ab7547d6307fd8b6b,BASE_TRAIN,4,1,LG-N1-55c112a3ccd47d1a8840b5fd,32,0.7814620226201636,uncalibrated_class1_probability,,93d3892b158c35eccfadc27c879754db69ea5293782492ee5d4ff01a33bff983
S2,W2-4493440ffd5d7c684fe71759,BASE_TRAIN,0,0,LG-N1-d2a10b50fbe7cf727f0c5b8f,5,0.00026852747163138267,uncalibrated_class1_probability,,93d3892b158c35eccfadc27c879754db69ea5293782492ee5d4ff01a33bff983
S2,W2-44c9856079adb58624a0e103,BASE_TRAIN,3,0,LG-N1-ee306b00e5780a89315b0281,13,0.00233088371411131,uncalibrated_class1_probability,,93d3892b158c35eccfadc27c879754db69ea5293782492ee5d4ff01a33bff983
S2,W2-454d721c43d5540375d8223e,BASE_TRAIN,0,0,LG-N1-df2faad895df6026132d3b3d,5,0.00015375966693555147,uncalibrated_class1_probability,,93d3892b158c35eccfadc27c879754db69ea5293782492ee5d4ff01a33bff983
S2,W2-45ad723d7d88ced23e2cb927,BASE_TRAIN,1,0,LG-N1-87445eb9cd8ae523fc184530,7,0.003504047581423324,uncalibrated_class1_probability,,93d3892b158c35eccfadc27c879754db69ea5293782492ee5d4ff01a33bff983
S2,W2-45cf8fc92889d9ec4d3f506b,BASE_TRAIN,2,0,LG-N1-2716ec53e45e4d323372f07a,8,0.0008845799849985065,uncalibrated_class1_probability,,93d3892b158c35eccfadc27c879754db69ea5293782492ee5d4ff01a33bff983
S2,W2-45e668b381769163efdca2b6,BASE_TRAIN,3,0,LG-N1-a365ef57aac63372c5fce171,9,0.002220673324867982,uncalibrated_class1_probability,,93d3892b158c35eccfadc27c879754db69ea5293782492ee5d4ff01a33bff983
S2,W2-4647a89ff0e9d942f9eef445,BASE_TRAIN,1,0,LG-N1-c1d031579750e82055e48ef3,27,0.38161054565567903,uncalibrated_class1_probability,,93d3892b158c35eccfadc27c879754db69ea5293782492ee5d4ff01a33bff983
S2,W2-46814d24e2df8348e705e47e,BASE_TRAIN,2,0,LG-N1-008429d315e5c38b6d837fb2,13,0.0017396602426217576,uncalibrated_class1_probability,,93d3892b158c35eccfadc27c879754db69ea5293782492ee5d4ff01a33bff983
S2,W2-4685ec350a45db4feb88b774,BASE_TRAIN,1,0,LG-N1-f4cfb64bb09c8c3c9e658b24,14,0.00010842611995083302,uncalibrated_class1_probability,,93d3892b158c35eccfadc27c879754db69ea5293782492ee5d4ff01a33bff983
S2,W2-46dc1c282be75c6f8eee4e61,BASE_TRAIN,2,1,LG-N1-3d61cc5490600c1ac4bba4fd,38,0.9945335438742157,uncalibrated_class1_probability,,93d3892b158c35eccfadc27c879754db69ea5293782492ee5d4ff01a33bff983
S2,W2-4703c827057d3994c02383b0,BASE_TRAIN,4,0,LG-N1-7ef19e62281f3faac0b2c855,14,0.0007524805996866315,uncalibrated_class1_probability,,93d3892b158c35eccfadc27c879754db69ea5293782492ee5d4ff01a33bff983
S2,W2-47089a2fc0d3fd9ab488899b,BASE_TRAIN,1,1,LG-N1-22771f79261b42d6c0cc003b,19,0.7099962873044694,uncalibrated_class1_probability,,93d3892b158c35eccfadc27c879754db69ea5293782492ee5d4ff01a33bff983
S2,W2-4719dbce07f5c4a6b56ce8ce,BASE_TRAIN,4,0,LG-N1-0a76a28b958cd05b7cbb45f4,83,0.9774676426049526,uncalibrated_class1_probability,,93d3892b158c35eccfadc27c879754db69ea5293782492ee5d4ff01a33bff983
S2,W2-475f0fd69738567be6e309cd,BASE_TRAIN,1,0,LG-N1-93456894db017212efedffca,20,0.03479789914449936,uncalibrated_class1_probability,,93d3892b158c35eccfadc27c879754db69ea5293782492ee5d4ff01a33bff983
S2,W2-478a3d413669bd464929ed14,BASE_TRAIN,3,1,LG-N1-44069bb14019a1bf9e1b66be,57,0.9996802503442785,uncalibrated_class1_probability,,93d3892b158c35eccfadc27c879754db69ea5293782492ee5d4ff01a33bff983
S2,W2-47b5f14a2445ad21ad1055bc,BASE_TRAIN,4,0,LG-N1-ae1c3062c2d023bf7511d3a4,11,0.03254751370958187,uncalibrated_class1_probability,,93d3892b158c35eccfadc27c879754db69ea5293782492ee5d4ff01a33bff983
S2,W2-47f2a17839386e57ef52fc16,BASE_TRAIN,0,0,LG-N1-1e4a034b286ab4fc6720a38f,31,0.7283371058910956,uncalibrated_class1_probability,,93d3892b158c35eccfadc27c879754db69ea5293782492ee5d4ff01a33bff983
S2,W2-482a3f739792ff3007226025,BASE_TRAIN,0,0,LG-N1-7db365cba1a59b2375c5844c,22,0.021724634725474885,uncalibrated_class1_probability,,93d3892b158c35eccfadc27c879754db69ea5293782492ee5d4ff01a33bff983
S2,W2-48466d88097c16857d27eb6b,BASE_TRAIN,2,0,LG-N1-3db562d261f136f0aa0f5b6e,26,0.1709839255685573,uncalibrated_class1_probability,,93d3892b158c35eccfadc27c879754db69ea5293782492ee5d4ff01a33bff983
S2,W2-48a998bbc23a5177d60f1813,BASE_TRAIN,3,0,LG-N1-51bdb97f8a15f3656ae93bba,11,0.00016136124770246404,uncalibrated_class1_probability,,93d3892b158c35eccfadc27c879754db69ea5293782492ee5d4ff01a33bff983
S2,W2-492ed671a5833ef8338f49e6,BASE_TRAIN,2,0,LG-N1-98895ee9681ca0401f772df1,7,0.12947424858038822,uncalibrated_class1_probability,,93d3892b158c35eccfadc27c879754db69ea5293782492ee5d4ff01a33bff983
S2,W2-4988c77373956aac9252468f,BASE_TRAIN,4,1,LG-N1-9c16fb704840776c16c204e3,38,0.9996289389951124,uncalibrated_class1_probability,,93d3892b158c35eccfadc27c879754db69ea5293782492ee5d4ff01a33bff983
S2,W2-499c791965f63d94fdfc63ef,BASE_TRAIN,4,0,LG-N1-cbe0e4abe05c8037ce4c8aff,11,6.07578782903089e-05,uncalibrated_class1_probability,,93d3892b158c35eccfadc27c879754db69ea5293782492ee5d4ff01a33bff983
S2,W2-49b9cdc579dc7b729e2dc96f,BASE_TRAIN,0,0,LG-N1-7c767e18982a4279a6bb3e84,10,0.0004897178410890786,uncalibrated_class1_probability,,93d3892b158c35eccfadc27c879754db69ea5293782492ee5d4ff01a33bff983
S2,W2-49d093bf51f596b972c7999c,BASE_TRAIN,2,0,LG-N1-c2e0c6adc3bce2d9cfafb449,10,0.008051931661761123,uncalibrated_class1_probability,,93d3892b158c35eccfadc27c879754db69ea5293782492ee5d4ff01a33bff983
S2,W2-49dd8e41e6e99c24c874f285,BASE_TRAIN,3,0,LG-N1-06badf44ecdfc4209cbaed0b,9,0.002554020985244341,uncalibrated_class1_probability,,93d3892b158c35eccfadc27c879754db69ea5293782492ee5d4ff01a33bff983
S2,W2-4a16f5832ec60eff8daff518,BASE_TRAIN,3,0,LG-N1-83713fe7e0eb5cb98820e91b,12,0.00152910241650656,uncalibrated_class1_probability,,93d3892b158c35eccfadc27c879754db69ea5293782492ee5d4ff01a33bff983
S2,W2-4a743a31ffbb8adfff1d3bc6,BASE_TRAIN,1,1,LG-N1-2b226c8b780a10528b9209c8,62,0.8591666271038302,uncalibrated_class1_probability,,93d3892b158c35eccfadc27c879754db69ea5293782492ee5d4ff01a33bff983
S2,W2-4a78e5eca8c57f058da938a4,BASE_TRAIN,0,0,LG-N1-5845d8fd861db22bc4bbf5bb,11,0.0003777728566234649,uncalibrated_class1_probability,,93d3892b158c35eccfadc27c879754db69ea5293782492ee5d4ff01a33bff983
S2,W2-4a943c913bf4b25be1ae1424,BASE_TRAIN,4,0,LG-N1-b12d5c258e54ea61e0ec9953,15,0.014745827244350005,uncalibrated_class1_probability,,93d3892b158c35eccfadc27c879754db69ea5293782492ee5d4ff01a33bff983
S2,W2-4abb2dd48ec62f908edf0fa4,BASE_TRAIN,0,1,LG-N1-58694cacd0d2ff62b89cc74d,14,0.6460994091715682,uncalibrated_class1_probability,,93d3892b158c35eccfadc27c879754db69ea5293782492ee5d4ff01a33bff983
S2,W2-4ac856b53a718fee46ece55e,BASE_TRAIN,0,0,LG-N1-911c382f3e75d5f321c1deb2,7,0.003844943043421461,uncalibrated_class1_probability,,93d3892b158c35eccfadc27c879754db69ea5293782492ee5d4ff01a33bff983
S2,W2-4af49e041612715e6fb179a6,BASE_TRAIN,4,0,LG-N1-f3bc3a8f2cf773d06b3d6203,14,0.6287132762615816,uncalibrated_class1_probability,,93d3892b158c35eccfadc27c879754db69ea5293782492ee5d4ff01a33bff983
S2,W2-4af96a8d350747639cea42c0,BASE_TRAIN,1,0,LG-N1-9235081d04690db652bc3ca2,8,8.759655187321732e-05,uncalibrated_class1_probability,,93d3892b158c35eccfadc27c879754db69ea5293782492ee5d4ff01a33bff983
S2,W2-4b1d1f6b25ddb7f92340e9e0,BASE_TRAIN,2,1,LG-N1-66e8d6501a7a537ac468ca16,252,0.9996421663326422,uncalibrated_class1_probability,,93d3892b158c35eccfadc27c879754db69ea5293782492ee5d4ff01a33bff983
S2,W2-4b25da90c862d04acb922a8b,BASE_TRAIN,1,0,LG-N1-b2c6def33363fd2435bd1d78,10,0.0017747423592576568,uncalibrated_class1_probability,,93d3892b158c35eccfadc27c879754db69ea5293782492ee5d4ff01a33bff983
S2,W2-4b3b543df8ec84c5cbe71574,BASE_TRAIN,2,0,LG-N1-dd2cd5add665e1c57f07a1ee,12,0.00013949181930558754,uncalibrated_class1_probability,,93d3892b158c35eccfadc27c879754db69ea5293782492ee5d4ff01a33bff983
S2,W2-4b4aa1588ebeb625fde23199,BASE_TRAIN,0,0,LG-N1-60abd55a3d2bde59e3d52ac9,15,0.00015335438466559015,uncalibrated_class1_probability,,93d3892b158c35eccfadc27c879754db69ea5293782492ee5d4ff01a33bff983
S2,W2-4c0d57a61d2cdbc9b9447635,BASE_TRAIN,4,1,LG-N1-309f0f02da4a6c8a69595f6a,22,0.007069754975278128,uncalibrated_class1_probability,,93d3892b158c35eccfadc27c879754db69ea5293782492ee5d4ff01a33bff983
S2,W2-4c39360b1888d3fe21b5bb77,BASE_TRAIN,1,0,LG-N1-8b30ab93ef3f65a1d5b27233,7,0.0001510782937139725,uncalibrated_class1_probability,,93d3892b158c35eccfadc27c879754db69ea5293782492ee5d4ff01a33bff983
S2,W2-4caab1d8aeb0ac92fd3613f6,BASE_TRAIN,3,0,LG-N1-2ca642b76f9deb2bc61e9254,37,0.07333880393564372,uncalibrated_class1_probability,,93d3892b158c35eccfadc27c879754db69ea5293782492ee5d4ff01a33bff983
S2,W2-4cb2756da4a3935b0afecdb1,BASE_TRAIN,4,0,LG-N1-e39499c80dee790eefc86451,11,0.0002578130259842602,uncalibrated_class1_probability,,93d3892b158c35eccfadc27c879754db69ea5293782492ee5d4ff01a33bff983
S2,W2-4cc5b3a365238738294de097,BASE_TRAIN,2,0,LG-N1-a9fd3046fca24b27bc70b41d,13,0.004503812764139942,uncalibrated_class1_probability,,93d3892b158c35eccfadc27c879754db69ea5293782492ee5d4ff01a33bff983
S2,W2-4ce753b37f21c76efbcc2674,BASE_TRAIN,4,0,LG-N1-92e90087b2f57d082b5cd222,13,0.0027588727142422776,uncalibrated_class1_probability,,93d3892b158c35eccfadc27c879754db69ea5293782492ee5d4ff01a33bff983
S2,W2-4d272561f2268e2f3a3c162c,BASE_TRAIN,4,0,LG-N1-cafa5f5169719af851f49f0a,12,0.00011145971492644792,uncalibrated_class1_probability,,93d3892b158c35eccfadc27c879754db69ea5293782492ee5d4ff01a33bff983
S2,W2-4d5916ec7885df06e0164601,BASE_TRAIN,4,0,LG-N1-75ba0ad652e16d6e18376444,43,0.02403517180609716,uncalibrated_class1_probability,,93d3892b158c35eccfadc27c879754db69ea5293782492ee5d4ff01a33bff983
S2,W2-4d5dbf78be5864342011e2da,BASE_TRAIN,0,0,LG-N1-b2097a697185ff63a4b9a91e,10,0.0005939743112701788,uncalibrated_class1_probability,,93d3892b158c35eccfadc27c879754db69ea5293782492ee5d4ff01a33bff983
S2,W2-4de7f11fce981102698ae72d,BASE_TRAIN,4,0,LG-N1-ab7994cf23d26593e9e11cc3,15,0.0019340625354631565,uncalibrated_class1_probability,,93d3892b158c35eccfadc27c879754db69ea5293782492ee5d4ff01a33bff983
S2,W2-4e497cec6113b066303e74d0,BASE_TRAIN,3,0,LG-N1-9538dc84dc2ef877943abcea,13,0.0734715189099925,uncalibrated_class1_probability,,93d3892b158c35eccfadc27c879754db69ea5293782492ee5d4ff01a33bff983
S2,W2-4e7f240fe89bcce512d231a7,BASE_TRAIN,3,1,LG-N1-5d9bf779c6dbb97fa1d7c103,13,0.3221427802222727,uncalibrated_class1_probability,,93d3892b158c35eccfadc27c879754db69ea5293782492ee5d4ff01a33bff983
S2,W2-4ea3a3ca32b97754fdbb58e9,BASE_TRAIN,2,0,LG-N1-973b87f601e4235ff49b8474,7,0.0009014351103681728,uncalibrated_class1_probability,,93d3892b158c35eccfadc27c879754db69ea5293782492ee5d4ff01a33bff983
S2,W2-4ebf92e7a325d8c653c245c0,BASE_TRAIN,3,0,LG-N1-d6bfa7fa05e667486c90e975,9,0.0013405206273600406,uncalibrated_class1_probability,,93d3892b158c35eccfadc27c879754db69ea5293782492ee5d4ff01a33bff983
S2,W2-4f151e55b048d14d12f61fa8,BASE_TRAIN,2,0,LG-N1-364cb32cefb6bece30c40991,10,0.000234375460057189,uncalibrated_class1_probability,,93d3892b158c35eccfadc27c879754db69ea5293782492ee5d4ff01a33bff983
S2,W2-4f19629d6830eef9a7e2d5db,BASE_TRAIN,1,0,LG-N1-f70f3b843d79e7494f51e88b,8,0.000163104163168878,uncalibrated_class1_probability,,93d3892b158c35eccfadc27c879754db69ea5293782492ee5d4ff01a33bff983
S2,W2-4f6de2122e711b28975e9466,BASE_TRAIN,2,1,LG-N1-9bd7646ceadf4e6694def686,58,0.9945937634080374,uncalibrated_class1_probability,,93d3892b158c35eccfadc27c879754db69ea5293782492ee5d4ff01a33bff983
S2,W2-4faadbfa0eb059121a13baa5,BASE_TRAIN,4,1,LG-N1-9214fc1b18b6a2a76a2575f4,50,0.9994879639527078,uncalibrated_class1_probability,,93d3892b158c35eccfadc27c879754db69ea5293782492ee5d4ff01a33bff983
S2,W2-4fb41b76bd0f9e4cb78454a7,BASE_TRAIN,2,0,LG-N1-451c20c2e57f065b591f5f1f,13,0.0002765011255626067,uncalibrated_class1_probability,,93d3892b158c35eccfadc27c879754db69ea5293782492ee5d4ff01a33bff983
S2,W2-4fcbf32d47cc58188d19c5d9,BASE_TRAIN,4,0,LG-N1-29379db48a0a5498a629ad4f,14,7.808010474504418e-05,uncalibrated_class1_probability,,93d3892b158c35eccfadc27c879754db69ea5293782492ee5d4ff01a33bff983
S2,W2-50177e29dfeb9744102ff32a,BASE_TRAIN,0,0,LG-N1-b2da4e676c6784d3c4e5e27d,18,0.001048040229263943,uncalibrated_class1_probability,,93d3892b158c35eccfadc27c879754db69ea5293782492ee5d4ff01a33bff983
S2,W2-506afda3b7f9105388f3cf0e,BASE_TRAIN,0,0,LG-N1-9cb50771e375d3cbd45e0924,13,0.007691543936018842,uncalibrated_class1_probability,,93d3892b158c35eccfadc27c879754db69ea5293782492ee5d4ff01a33bff983
S2,W2-506afe441773016a2fec7edf,BASE_TRAIN,4,0,LG-N1-6327ea07729462b1a92522b2,6,0.00037129064625566604,uncalibrated_class1_probability,,93d3892b158c35eccfadc27c879754db69ea5293782492ee5d4ff01a33bff983
S2,W2-50f18f5146e07dafec94907e,BASE_TRAIN,1,0,LG-N1-a030458393b8df1a7de95f36,35,0.05248829963338492,uncalibrated_class1_probability,,93d3892b158c35eccfadc27c879754db69ea5293782492ee5d4ff01a33bff983
S2,W2-51256b1e2c8df67059db62f6,BASE_TRAIN,1,0,LG-N1-322ab56d093977a2137ad497,16,0.04924119084400266,uncalibrated_class1_probability,,93d3892b158c35eccfadc27c879754db69ea5293782492ee5d4ff01a33bff983
S2,W2-5125838b3a5d3af08c02e707,BASE_TRAIN,3,0,LG-N1-3f7377dd871ed28ad0c91478,12,0.07021063626724372,uncalibrated_class1_probability,,93d3892b158c35eccfadc27c879754db69ea5293782492ee5d4ff01a33bff983
S2,W2-5136aa26324b8c18b273f571,BASE_TRAIN,3,0,LG-N1-240ea4e314efecd5170adcd0,12,7.096071214463239e-05,uncalibrated_class1_probability,,93d3892b158c35eccfadc27c879754db69ea5293782492ee5d4ff01a33bff983
S2,W2-513c640c0e300202340b8619,BASE_TRAIN,3,0,LG-N1-93efcd7198041463d04defca,7,0.0003391912501572272,uncalibrated_class1_probability,,93d3892b158c35eccfadc27c879754db69ea5293782492ee5d4ff01a33bff983
S2,W2-5165550aecb8c2097f5081e4,BASE_TRAIN,2,0,LG-N1-bd278d547695bd090213136b,7,0.0004019983790379167,uncalibrated_class1_probability,,93d3892b158c35eccfadc27c879754db69ea5293782492ee5d4ff01a33bff983
S2,W2-518a9486657b857519d321ee,BASE_TRAIN,2,1,LG-N1-f450f86a27eec264642e4e19,290,0.9997794572174491,uncalibrated_class1_probability,,93d3892b158c35eccfadc27c879754db69ea5293782492ee5d4ff01a33bff983
S2,W2-519b4dda6b5c044bf7b80d0a,BASE_TRAIN,0,0,LG-N1-63d38b0ee83f6e34dc338f92,11,0.0189822926192279,uncalibrated_class1_probability,,93d3892b158c35eccfadc27c879754db69ea5293782492ee5d4ff01a33bff983
S2,W2-51b8cdd30d42365c2afb2e52,BASE_TRAIN,1,0,LG-N1-c6d0635c8307df1ca1a634aa,12,0.0027204408815832987,uncalibrated_class1_probability,,93d3892b158c35eccfadc27c879754db69ea5293782492ee5d4ff01a33bff983
S2,W2-51bc239abc53c85f127e8ec2,BASE_TRAIN,4,1,LG-N1-71fa1798e3781e980804a225,21,0.048008231087215796,uncalibrated_class1_probability,,93d3892b158c35eccfadc27c879754db69ea5293782492ee5d4ff01a33bff983
S2,W2-5230b86ab28f40ee05bbbe21,BASE_TRAIN,3,0,LG-N1-da38fabe428415076413b8c4,47,0.39243403010035394,uncalibrated_class1_probability,,93d3892b158c35eccfadc27c879754db69ea5293782492ee5d4ff01a33bff983
S2,W2-523749f6368e3771b13b7bb2,BASE_TRAIN,2,0,LG-N1-f5b282a33c22a4c34b753478,7,0.00014036673432730242,uncalibrated_class1_probability,,93d3892b158c35eccfadc27c879754db69ea5293782492ee5d4ff01a33bff983
S2,W2-525b9e99e885c183347fb031,BASE_TRAIN,4,0,LG-N1-71c2387a99cdeeebd579f15e,40,0.049752622967250776,uncalibrated_class1_probability,,93d3892b158c35eccfadc27c879754db69ea5293782492ee5d4ff01a33bff983
S2,W2-5269896f929469225f5d9991,BASE_TRAIN,4,0,LG-N1-2c81c4f88ff5bcb7ea05984d,16,0.0009468863133514055,uncalibrated_class1_probability,,93d3892b158c35eccfadc27c879754db69ea5293782492ee5d4ff01a33bff983
S2,W2-52984860724168e03b51cf2a,BASE_TRAIN,0,0,LG-N1-0cafa93a560f42113cb47114,26,0.10309158086251115,uncalibrated_class1_probability,,93d3892b158c35eccfadc27c879754db69ea5293782492ee5d4ff01a33bff983
S2,W2-52cf8ee102900a10d6163ea6,BASE_TRAIN,1,0,LG-N1-8e4815971602274c6810b030,16,0.0008095392328754731,uncalibrated_class1_probability,,93d3892b158c35eccfadc27c879754db69ea5293782492ee5d4ff01a33bff983
S2,W2-52d8e386bf44a61805ca8b13,BASE_TRAIN,2,0,LG-N1-3e35f0acb844cf5a1aac1731,15,0.0325878492261233,uncalibrated_class1_probability,,93d3892b158c35eccfadc27c879754db69ea5293782492ee5d4ff01a33bff983
S2,W2-531a66eb06c2ddcf56938b7a,BASE_TRAIN,2,0,LG-N1-94576dc658a417bd0e11922d,13,0.25457235930519956,uncalibrated_class1_probability,,93d3892b158c35eccfadc27c879754db69ea5293782492ee5d4ff01a33bff983
S2,W2-532dc948300157b0b4fd880a,BASE_TRAIN,4,0,LG-N1-c228e7c679a393df88959ab3,6,0.0002869727586436185,uncalibrated_class1_probability,,93d3892b158c35eccfadc27c879754db69ea5293782492ee5d4ff01a33bff983
S2,W2-534c48d4215dfe79461c9c09,BASE_TRAIN,0,0,LG-N1-d577010dea2c028495d49d13,10,0.0001258293175848751,uncalibrated_class1_probability,,93d3892b158c35eccfadc27c879754db69ea5293782492ee5d4ff01a33bff983
S2,W2-5379858b56ebb867141ce5b8,BASE_TRAIN,3,1,LG-N1-28dbd5c9b277b91f8af5d473,49,0.7570485384561375,uncalibrated_class1_probability,,93d3892b158c35eccfadc27c879754db69ea5293782492ee5d4ff01a33bff983
S2,W2-53a3b2e2688863f717152da3,BASE_TRAIN,2,0,LG-N1-84e3fd48d745b13cbca78491,13,0.00042239705708375317,uncalibrated_class1_probability,,93d3892b158c35eccfadc27c879754db69ea5293782492ee5d4ff01a33bff983
S2,W2-53aaddc5fe4ee6f745c1d101,BASE_TRAIN,2,0,LG-N1-4b790d05026b9c1ea16a2b26,6,0.0015276661974958146,uncalibrated_class1_probability,,93d3892b158c35eccfadc27c879754db69ea5293782492ee5d4ff01a33bff983
S2,W2-540d72c12d669c564cc83770,BASE_TRAIN,1,0,LG-N1-396a8f98f840d2cb826e9635,25,0.0016635646584206242,uncalibrated_class1_probability,,93d3892b158c35eccfadc27c879754db69ea5293782492ee5d4ff01a33bff983
S2,W2-540f7844f9accc12f0f50ddf,BASE_TRAIN,4,1,LG-N1-0d2908125efb1cac0024a8cf,17,0.6160593448737254,uncalibrated_class1_probability,,93d3892b158c35eccfadc27c879754db69ea5293782492ee5d4ff01a33bff983
S2,W2-54116cfd138fe7094cc4c9ba,BASE_TRAIN,4,0,LG-N1-8b54f7592913c42de471c6e1,13,0.01565973673231295,uncalibrated_class1_probability,,93d3892b158c35eccfadc27c879754db69ea5293782492ee5d4ff01a33bff983
S2,W2-542fe2596fb04940a1466fbb,BASE_TRAIN,3,0,LG-N1-79c14632a71b9e77349d4b37,9,0.0006750246447496177,uncalibrated_class1_probability,,93d3892b158c35eccfadc27c879754db69ea5293782492ee5d4ff01a33bff983
S2,W2-5452e91908f6a15210b1470e,BASE_TRAIN,3,0,LG-N1-681981a5cd1bdf204212650e,22,0.005171921669426474,uncalibrated_class1_probability,,93d3892b158c35eccfadc27c879754db69ea5293782492ee5d4ff01a33bff983
S2,W2-54b17c13ab2ee55c8d9f0b94,BASE_TRAIN,2,0,LG-N1-71729543bd7c1ac1c9e9ecae,53,0.22570438427677814,uncalibrated_class1_probability,,93d3892b158c35eccfadc27c879754db69ea5293782492ee5d4ff01a33bff983
S2,W2-550ee89dd535f5ea64f7b5c7,BASE_TRAIN,4,0,LG-N1-9ab0a915e35517b7d19a1b7c,6,0.00020278467395312696,uncalibrated_class1_probability,,93d3892b158c35eccfadc27c879754db69ea5293782492ee5d4ff01a33bff983
S2,W2-554974c2313f79293701cddc,BASE_TRAIN,0,0,LG-N1-92c2a99959e93e7bd26d824f,9,0.004544664823798435,uncalibrated_class1_probability,,93d3892b158c35eccfadc27c879754db69ea5293782492ee5d4ff01a33bff983
S2,W2-555a05d18e5d21a0350cb1fc,BASE_TRAIN,0,0,LG-N1-86c7b25dd91d5bff80bf3a9b,10,0.002347937238208192,uncalibrated_class1_probability,,93d3892b158c35eccfadc27c879754db69ea5293782492ee5d4ff01a33bff983
S2,W2-55ae73f05af0cad78904b24e,BASE_TRAIN,3,0,LG-N1-c0c6b3ebce58b74b902e3ef1,4,0.008601815927827142,uncalibrated_class1_probability,,93d3892b158c35eccfadc27c879754db69ea5293782492ee5d4ff01a33bff983
S2,W2-55f8f2aee558d6edb7282c90,BASE_TRAIN,2,0,LG-N1-8b847db42ac552acc9390546,9,0.0004142486942991958,uncalibrated_class1_probability,,93d3892b158c35eccfadc27c879754db69ea5293782492ee5d4ff01a33bff983
S2,W2-562a88f83df77d1bd87b12ee,BASE_TRAIN,0,0,LG-N1-2102211b290423cb78136fe7,13,0.00182661970647312,uncalibrated_class1_probability,,93d3892b158c35eccfadc27c879754db69ea5293782492ee5d4ff01a33bff983
S2,W2-5673a84105de19109d297b00,BASE_TRAIN,4,0,LG-N1-b9882ffdd9231ab1e6cf8da6,10,0.0009724085816746201,uncalibrated_class1_probability,,93d3892b158c35eccfadc27c879754db69ea5293782492ee5d4ff01a33bff983
S2,W2-568d4ef1b9af503cba1b85b9,BASE_TRAIN,3,0,LG-N1-77bd5e09b18cabc14998bd01,33,0.13951382214748048,uncalibrated_class1_probability,,93d3892b158c35eccfadc27c879754db69ea5293782492ee5d4ff01a33bff983
S2,W2-56b285696351dfe3576ebeea,BASE_TRAIN,4,0,LG-N1-4f94e1eb232d34f89f575fb2,7,0.0003538615454349325,uncalibrated_class1_probability,,93d3892b158c35eccfadc27c879754db69ea5293782492ee5d4ff01a33bff983
S2,W2-56b842e1f07087d36f8ecaef,BASE_TRAIN,2,0,LG-N1-b677fbd20329fc80762711c2,4,0.0005288896496016885,uncalibrated_class1_probability,,93d3892b158c35eccfadc27c879754db69ea5293782492ee5d4ff01a33bff983
S2,W2-56e021ac7bbc4801fed2dbf1,BASE_TRAIN,4,0,LG-N1-967ebb0dca35c4e5110ccae0,25,0.1390058568624177,uncalibrated_class1_probability,,93d3892b158c35eccfadc27c879754db69ea5293782492ee5d4ff01a33bff983
S2,W2-56ef61efd4fc1c023ae243d8,BASE_TRAIN,2,0,LG-N1-fd4608170402c94d66bf3451,14,0.001996038764398688,uncalibrated_class1_probability,,93d3892b158c35eccfadc27c879754db69ea5293782492ee5d4ff01a33bff983
S2,W2-56fca264c68dfac09cef1f84,BASE_TRAIN,4,0,LG-N1-e18fb025133d5debb7a599dc,25,0.01877593112446058,uncalibrated_class1_probability,,93d3892b158c35eccfadc27c879754db69ea5293782492ee5d4ff01a33bff983
S2,W2-56fcbd2f7eca9c79c8f00418,BASE_TRAIN,0,0,LG-N1-47d1dd6dae891fc5fd1c8a14,15,0.006197490110836621,uncalibrated_class1_probability,,93d3892b158c35eccfadc27c879754db69ea5293782492ee5d4ff01a33bff983
S2,W2-5783d5d8c378f3e6015f43c3,BASE_TRAIN,4,0,LG-N1-483bc824e231b03d6b883b08,10,0.0001974514786572769,uncalibrated_class1_probability,,93d3892b158c35eccfadc27c879754db69ea5293782492ee5d4ff01a33bff983
S2,W2-578897a6e96d42e242712547,BASE_TRAIN,0,0,LG-N1-f0e37f0e1bf425e4ab286601,13,7.89127824383708e-05,uncalibrated_class1_probability,,93d3892b158c35eccfadc27c879754db69ea5293782492ee5d4ff01a33bff983
S2,W2-5803ace3d085bcb47839ce18,BASE_TRAIN,2,0,LG-N1-503110ec0dcacb8867eb644d,8,8.550167351748237e-05,uncalibrated_class1_probability,,93d3892b158c35eccfadc27c879754db69ea5293782492ee5d4ff01a33bff983
S2,W2-58239648a769d8a856cdbf44,BASE_TRAIN,2,0,LG-N1-859a114f3cbe205ca7688a88,12,0.0003376798136380711,uncalibrated_class1_probability,,93d3892b158c35eccfadc27c879754db69ea5293782492ee5d4ff01a33bff983
S2,W2-5826461af3d1164a58064ec0,BASE_TRAIN,1,0,LG-N1-03179d88fc7c2c2119df82c4,23,0.4703677104393722,uncalibrated_class1_probability,,93d3892b158c35eccfadc27c879754db69ea5293782492ee5d4ff01a33bff983
S2,W2-585cee0f58e5e36adeed088f,BASE_TRAIN,4,0,LG-N1-5754dd302fb7298ed136b0f3,14,0.0037955990205640285,uncalibrated_class1_probability,,93d3892b158c35eccfadc27c879754db69ea5293782492ee5d4ff01a33bff983
S2,W2-58993d5ae97b487994023824,BASE_TRAIN,4,0,LG-N1-737b1a63b7f61c3da8fa3136,18,0.2300208693644962,uncalibrated_class1_probability,,93d3892b158c35eccfadc27c879754db69ea5293782492ee5d4ff01a33bff983
S2,W2-58b3ff3427535988f58abac8,BASE_TRAIN,1,0,LG-N1-d599f5cb2805e36b08753eab,9,0.003340092886382385,uncalibrated_class1_probability,,93d3892b158c35eccfadc27c879754db69ea5293782492ee5d4ff01a33bff983
S2,W2-591b4a78dac691ce8e13adb6,BASE_TRAIN,1,0,LG-N1-df26c3771c47828cb8a765ac,21,0.07113554927689864,uncalibrated_class1_probability,,93d3892b158c35eccfadc27c879754db69ea5293782492ee5d4ff01a33bff983
S2,W2-595f4a118aa7c8a8d15ff259,BASE_TRAIN,3,0,LG-N1-7a4c0bf7adf9316f709bedd6,7,0.002241534964554902,uncalibrated_class1_probability,,93d3892b158c35eccfadc27c879754db69ea5293782492ee5d4ff01a33bff983
S2,W2-5980104befba0697a9a354b2,BASE_TRAIN,2,0,LG-N1-4d95c7d307085c22fc70f4f3,13,0.00034435078261675243,uncalibrated_class1_probability,,93d3892b158c35eccfadc27c879754db69ea5293782492ee5d4ff01a33bff983
S2,W2-59b445959875593f67fc2c83,BASE_TRAIN,3,0,LG-N1-330dd2b89f02df7217b15643,13,0.002456485164320408,uncalibrated_class1_probability,,93d3892b158c35eccfadc27c879754db69ea5293782492ee5d4ff01a33bff983
S2,W2-59e492e3d4162192926f78aa,BASE_TRAIN,0,1,LG-N1-be9082334b594a09540f0c48,159,0.9982200640151307,uncalibrated_class1_probability,,93d3892b158c35eccfadc27c879754db69ea5293782492ee5d4ff01a33bff983
S2,W2-5a0b6f0c250bbf54d771e8e0,BASE_TRAIN,3,0,LG-N1-80ab9155e1f49f399933ae71,12,0.0003036608437298533,uncalibrated_class1_probability,,93d3892b158c35eccfadc27c879754db69ea5293782492ee5d4ff01a33bff983
S2,W2-5a41a977a11069b1234d347c,BASE_TRAIN,0,0,LG-N1-28c95ecf90561d3b3ef7ced7,4,0.001048202722381902,uncalibrated_class1_probability,,93d3892b158c35eccfadc27c879754db69ea5293782492ee5d4ff01a33bff983
S2,W2-5a89865a433be1af282ddec2,BASE_TRAIN,3,0,LG-N1-f2dec72799a2203f2903d1ef,3,0.00033950181474621676,uncalibrated_class1_probability,,93d3892b158c35eccfadc27c879754db69ea5293782492ee5d4ff01a33bff983
S2,W2-5afe47cea06ff30969630a69,BASE_TRAIN,1,0,LG-N1-06782995963d6880162e91f4,12,0.0003319423034327658,uncalibrated_class1_probability,,93d3892b158c35eccfadc27c879754db69ea5293782492ee5d4ff01a33bff983
S2,W2-5b4bd24e7a2b0a387d3788bb,BASE_TRAIN,1,0,LG-N1-fcb9fe425d765f5353b4e372,19,0.005563679606796693,uncalibrated_class1_probability,,93d3892b158c35eccfadc27c879754db69ea5293782492ee5d4ff01a33bff983
S2,W2-5b7116b5de22951046d75d7d,BASE_TRAIN,0,0,LG-N1-3fab7d362f63e381c2e4435b,13,0.0006640461518892276,uncalibrated_class1_probability,,93d3892b158c35eccfadc27c879754db69ea5293782492ee5d4ff01a33bff983
S2,W2-5b7c5522d0c38af3343c2c98,BASE_TRAIN,0,0,LG-N1-a7d149612870a7eafd88eb83,5,0.010698953508580994,uncalibrated_class1_probability,,93d3892b158c35eccfadc27c879754db69ea5293782492ee5d4ff01a33bff983
S2,W2-5bc3e013629f1fa5f0ab370c,BASE_TRAIN,0,0,LG-N1-aafde415a4d6ea4592c87aa1,6,0.00036594929488693243,uncalibrated_class1_probability,,93d3892b158c35eccfadc27c879754db69ea5293782492ee5d4ff01a33bff983
S2,W2-5c3f0340d47823d061b46370,BASE_TRAIN,0,0,LG-N1-fb4c814c56ef536e17635029,15,0.0015851397777542206,uncalibrated_class1_probability,,93d3892b158c35eccfadc27c879754db69ea5293782492ee5d4ff01a33bff983
S2,W2-5c7bc4b91611cf1621027e40,BASE_TRAIN,3,0,LG-N1-03ff6686e4cd05ae6e19bb06,5,0.0014591106300699533,uncalibrated_class1_probability,,93d3892b158c35eccfadc27c879754db69ea5293782492ee5d4ff01a33bff983
S2,W2-5ce365d631f87bfbcb320b57,BASE_TRAIN,3,1,LG-N1-3dee279691ac925a40d719d8,17,0.06187513065386624,uncalibrated_class1_probability,,93d3892b158c35eccfadc27c879754db69ea5293782492ee5d4ff01a33bff983
S2,W2-5ceb69e6c1f22d55e523b93d,BASE_TRAIN,0,0,LG-N1-325dc0b2f3950abe559fa6d6,27,0.01828814019593578,uncalibrated_class1_probability,,93d3892b158c35eccfadc27c879754db69ea5293782492ee5d4ff01a33bff983
S2,W2-5d63695ec97c482605f8b365,BASE_TRAIN,4,0,LG-N1-d9bc8de939d70621b136d288,11,0.0007641142712244608,uncalibrated_class1_probability,,93d3892b158c35eccfadc27c879754db69ea5293782492ee5d4ff01a33bff983
S2,W2-5d658eb233898fa0c37e66d7,BASE_TRAIN,0,1,LG-N1-46981de2c4015c6ac3e75f49,18,0.4471827263758257,uncalibrated_class1_probability,,93d3892b158c35eccfadc27c879754db69ea5293782492ee5d4ff01a33bff983
S2,W2-5d65cf119f99359b80b5df2c,BASE_TRAIN,2,0,LG-N1-319f221dc6539f52bccaf200,23,0.015223302297639402,uncalibrated_class1_probability,,93d3892b158c35eccfadc27c879754db69ea5293782492ee5d4ff01a33bff983
S2,W2-5da438e83e0e30a7d59441ca,BASE_TRAIN,1,0,LG-N1-e3c21976f9d3d3e09d27fe2c,12,0.007576237645174693,uncalibrated_class1_probability,,93d3892b158c35eccfadc27c879754db69ea5293782492ee5d4ff01a33bff983
S2,W2-5daf9bce9427aeb3a7881eb6,BASE_TRAIN,3,0,LG-N1-e27210cf3e1e3232c5c551ff,9,0.0003930340102418007,uncalibrated_class1_probability,,93d3892b158c35eccfadc27c879754db69ea5293782492ee5d4ff01a33bff983
S2,W2-5db350166fd996231feb2d21,BASE_TRAIN,3,0,LG-N1-e10867faa71210bc2c661ed2,8,0.0009436161752796507,uncalibrated_class1_probability,,93d3892b158c35eccfadc27c879754db69ea5293782492ee5d4ff01a33bff983
S2,W2-5dbde834e705b16bebb7dcf8,BASE_TRAIN,1,0,LG-N1-e7e46499b5880574491ee69c,14,0.05161313980778956,uncalibrated_class1_probability,,93d3892b158c35eccfadc27c879754db69ea5293782492ee5d4ff01a33bff983
S2,W2-5dcc304f3837c70bbc71cccc,BASE_TRAIN,3,0,LG-N1-7ad852218463cedc99ad6d4d,14,9.011263074439566e-05,uncalibrated_class1_probability,,93d3892b158c35eccfadc27c879754db69ea5293782492ee5d4ff01a33bff983
S2,W2-5de3012daedc3c85164f2bc7,BASE_TRAIN,4,0,LG-N1-b04a0eda84652405686478c2,9,0.010900798061314387,uncalibrated_class1_probability,,93d3892b158c35eccfadc27c879754db69ea5293782492ee5d4ff01a33bff983
S2,W2-5e03c671135a870f658ac23e,BASE_TRAIN,3,1,LG-N1-b1b35d17104d1839332dadb3,24,0.8057925629402654,uncalibrated_class1_probability,,93d3892b158c35eccfadc27c879754db69ea5293782492ee5d4ff01a33bff983
S2,W2-5e0dd646b9174325486ff4ee,BASE_TRAIN,1,0,LG-N1-5f88d3cb9f9c5d9429dd4d3c,8,0.00010825033264378687,uncalibrated_class1_probability,,93d3892b158c35eccfadc27c879754db69ea5293782492ee5d4ff01a33bff983
S2,W2-5e40415b8b49d9aa1bcd6a68,BASE_TRAIN,3,0,LG-N1-dd34cd8f3d7eae05f53cc8a4,8,0.0008028766651995085,uncalibrated_class1_probability,,93d3892b158c35eccfadc27c879754db69ea5293782492ee5d4ff01a33bff983
S2,W2-5eae9c9f4a6206ba08dad7c9,BASE_TRAIN,2,0,LG-N1-2867702a8fe9f395f72f3447,5,0.0008933152500472274,uncalibrated_class1_probability,,93d3892b158c35eccfadc27c879754db69ea5293782492ee5d4ff01a33bff983
S2,W2-5ec6b3d66f945b112b823e8c,BASE_TRAIN,3,1,LG-N1-a8520851f099d0f43d540ad3,24,0.023559273162481943,uncalibrated_class1_probability,,93d3892b158c35eccfadc27c879754db69ea5293782492ee5d4ff01a33bff983
S2,W2-5ee95ecb6abf04b2723c3df1,BASE_TRAIN,3,1,LG-N1-f7be9cf05eb2401ba8c1524d,115,0.9990436797348762,uncalibrated_class1_probability,,93d3892b158c35eccfadc27c879754db69ea5293782492ee5d4ff01a33bff983
S2,W2-5fa490aeb5f7109764695bed,BASE_TRAIN,1,0,LG-N1-9e72e2a030526aeba8ebc09a,7,0.0018967655568605762,uncalibrated_class1_probability,,93d3892b158c35eccfadc27c879754db69ea5293782492ee5d4ff01a33bff983
S2,W2-5fc4c95b00bd6380a582252a,BASE_TRAIN,1,0,LG-N1-68ca7e54253ced0928793334,9,0.0003628569507922628,uncalibrated_class1_probability,,93d3892b158c35eccfadc27c879754db69ea5293782492ee5d4ff01a33bff983
S2,W2-5fdc14d844780e9eb42ccb84,BASE_TRAIN,1,1,LG-N1-97f245793e94ff8c85ecba0d,19,0.920584416289226,uncalibrated_class1_probability,,93d3892b158c35eccfadc27c879754db69ea5293782492ee5d4ff01a33bff983
S2,W2-5fe254590cde233a41bc4ddb,BASE_TRAIN,1,0,LG-N1-881a354f3d9c1946dbeb33fb,9,0.0024909865573079794,uncalibrated_class1_probability,,93d3892b158c35eccfadc27c879754db69ea5293782492ee5d4ff01a33bff983
S2,W2-5ff579b3a2c2962478fa2504,BASE_TRAIN,2,0,LG-N1-4b309361a2a7cc6a35f9a675,19,0.0009059968751742603,uncalibrated_class1_probability,,93d3892b158c35eccfadc27c879754db69ea5293782492ee5d4ff01a33bff983
S2,W2-60564d67a2e5de0929ee1964,BASE_TRAIN,4,1,LG-N1-6e8f90aaa4252580846d83cf,20,0.7964215563850316,uncalibrated_class1_probability,,93d3892b158c35eccfadc27c879754db69ea5293782492ee5d4ff01a33bff983
S2,W2-60be68b8762557c72477e51c,BASE_TRAIN,2,0,LG-N1-0b686fb3ee1efbf461ebab60,10,0.007201621362906258,uncalibrated_class1_probability,,93d3892b158c35eccfadc27c879754db69ea5293782492ee5d4ff01a33bff983
S2,W2-60d05a3867ed4502dd77afc2,BASE_TRAIN,4,0,LG-N1-fb2a656de4e0832a4b592a50,12,0.0004805291940112966,uncalibrated_class1_probability,,93d3892b158c35eccfadc27c879754db69ea5293782492ee5d4ff01a33bff983
S2,W2-6100cd3ca5f1a31c38654975,BASE_TRAIN,3,0,LG-N1-81ad0f25e4a6e14885f8c923,11,0.00020819143303689303,uncalibrated_class1_probability,,93d3892b158c35eccfadc27c879754db69ea5293782492ee5d4ff01a33bff983
S2,W2-610b89246f4bf8b4dd334402,BASE_TRAIN,1,0,LG-N1-3bcf40167b91468f4e154c5e,15,0.002448274226772376,uncalibrated_class1_probability,,93d3892b158c35eccfadc27c879754db69ea5293782492ee5d4ff01a33bff983
S2,W2-6113dbe337455fba23505a02,BASE_TRAIN,1,0,LG-N1-dae0fe56ed18b891984fe1cf,9,0.0010566955374408282,uncalibrated_class1_probability,,93d3892b158c35eccfadc27c879754db69ea5293782492ee5d4ff01a33bff983
S2,W2-614e531418a246916c48d5be,BASE_TRAIN,4,0,LG-N1-66ab9dd61f7704eb72943fed,18,0.00026995323112208796,uncalibrated_class1_probability,,93d3892b158c35eccfadc27c879754db69ea5293782492ee5d4ff01a33bff983
S2,W2-61f4a3f94d3cabb2f1a3e9b5,BASE_TRAIN,2,0,LG-N1-87fca163d4fd23157e4ed9f6,12,0.00022232919757772665,uncalibrated_class1_probability,,93d3892b158c35eccfadc27c879754db69ea5293782492ee5d4ff01a33bff983
S2,W2-621a14093b9018d5be5f3270,BASE_TRAIN,4,0,LG-N1-013c443335fe581c059a4df6,18,0.014193736929339592,uncalibrated_class1_probability,,93d3892b158c35eccfadc27c879754db69ea5293782492ee5d4ff01a33bff983
S2,W2-628cb7f7b93325c16ed55070,BASE_TRAIN,1,0,LG-N1-b0fd2a950597830762d11ec4,12,0.00015560588547650984,uncalibrated_class1_probability,,93d3892b158c35eccfadc27c879754db69ea5293782492ee5d4ff01a33bff983
S2,W2-62953daafc294a6c32818ec6,BASE_TRAIN,1,0,LG-N1-da48a2d9ea72c3184f7d6f5b,14,0.003995874711857578,uncalibrated_class1_probability,,93d3892b158c35eccfadc27c879754db69ea5293782492ee5d4ff01a33bff983
S2,W2-62f04158d0ad6e2fff87b33e,BASE_TRAIN,0,0,LG-N1-cf36b24bf978bd4b535a84ae,6,0.0008266464774521093,uncalibrated_class1_probability,,93d3892b158c35eccfadc27c879754db69ea5293782492ee5d4ff01a33bff983
S2,W2-630a6748c59e36d22bbebf25,BASE_TRAIN,1,0,LG-N1-f693f36fd9f7c8cacbcefbff,15,0.14703482690522374,uncalibrated_class1_probability,,93d3892b158c35eccfadc27c879754db69ea5293782492ee5d4ff01a33bff983
S2,W2-637b17cf22ad4bb69284549d,BASE_TRAIN,1,0,LG-N1-7c1a790d88c34250dd5d5568,29,0.11819957025389217,uncalibrated_class1_probability,,93d3892b158c35eccfadc27c879754db69ea5293782492ee5d4ff01a33bff983
S2,W2-639153342db8c9eb2cb7192b,BASE_TRAIN,3,0,LG-N1-1195108a93bcdd4564d0834f,11,0.0037970350197563496,uncalibrated_class1_probability,,93d3892b158c35eccfadc27c879754db69ea5293782492ee5d4ff01a33bff983
S2,W2-63b0cf4b2a1efe9f3cf9e54f,BASE_TRAIN,2,0,LG-N1-7d0bea0e8678600d290186aa,6,0.0008833671954153036,uncalibrated_class1_probability,,93d3892b158c35eccfadc27c879754db69ea5293782492ee5d4ff01a33bff983
S2,W2-63ebaf39c867e490b4e5d038,BASE_TRAIN,0,0,LG-N1-e92756fa29f92f73552d5d1f,13,0.05442404666267864,uncalibrated_class1_probability,,93d3892b158c35eccfadc27c879754db69ea5293782492ee5d4ff01a33bff983
S2,W2-6431e9393a3bb9cbde8bff35,BASE_TRAIN,0,0,LG-N1-5b47cdb62e6837c8b4c8f311,12,0.014644551880980926,uncalibrated_class1_probability,,93d3892b158c35eccfadc27c879754db69ea5293782492ee5d4ff01a33bff983
S2,W2-644db6c96d093f3c265a7738,BASE_TRAIN,4,1,LG-N1-975ef152cc38631a2eabb2fe,41,0.963510688982468,uncalibrated_class1_probability,,93d3892b158c35eccfadc27c879754db69ea5293782492ee5d4ff01a33bff983
S2,W2-645f33218aa439e765e065d1,BASE_TRAIN,2,0,LG-N1-939a7d9f8c49eb06e673a422,15,0.008353568047750556,uncalibrated_class1_probability,,93d3892b158c35eccfadc27c879754db69ea5293782492ee5d4ff01a33bff983
S2,W2-64bc41cfda8ca5064dded596,BASE_TRAIN,4,1,LG-N1-925a6aeebfa00787fd9c2d34,32,0.9736422601983623,uncalibrated_class1_probability,,93d3892b158c35eccfadc27c879754db69ea5293782492ee5d4ff01a33bff983
S2,W2-6509ff257fdee3464d7b9c2f,BASE_TRAIN,0,1,LG-N1-39487c404fccc7a28d1d5266,62,0.7419309050539299,uncalibrated_class1_probability,,93d3892b158c35eccfadc27c879754db69ea5293782492ee5d4ff01a33bff983
S2,W2-653c255b48944a4a6a1b43c2,BASE_TRAIN,3,1,LG-N1-58a056fbeeb6bbb59f3453e0,47,0.9998319950211583,uncalibrated_class1_probability,,93d3892b158c35eccfadc27c879754db69ea5293782492ee5d4ff01a33bff983
S2,W2-6565fada38ee69a8b131e3f6,BASE_TRAIN,1,0,LG-N1-2ca2363f8414b58450e4a2b0,17,0.349405415221629,uncalibrated_class1_probability,,93d3892b158c35eccfadc27c879754db69ea5293782492ee5d4ff01a33bff983
S2,W2-659ce9e10aa6990469cddd08,BASE_TRAIN,3,0,LG-N1-f9973490950cab46a23d023b,7,0.0021727206455377027,uncalibrated_class1_probability,,93d3892b158c35eccfadc27c879754db69ea5293782492ee5d4ff01a33bff983
S2,W2-65f4a28bfcdedce512f26ec9,BASE_TRAIN,4,0,LG-N1-663efe89e536f680e1edc39d,17,0.2193338026153814,uncalibrated_class1_probability,,93d3892b158c35eccfadc27c879754db69ea5293782492ee5d4ff01a33bff983
S2,W2-6629d70be118d1d50d5d0422,BASE_TRAIN,1,0,LG-N1-72fbd3f7d7b2826ce6d0f494,18,0.0011442374488496911,uncalibrated_class1_probability,,93d3892b158c35eccfadc27c879754db69ea5293782492ee5d4ff01a33bff983
S2,W2-66ada7a40dc98edb9aa6b57b,BASE_TRAIN,0,0,LG-N1-4ce98c55f6c797959e53c52a,16,0.001726338747718619,uncalibrated_class1_probability,,93d3892b158c35eccfadc27c879754db69ea5293782492ee5d4ff01a33bff983
S2,W2-66de030c4b8d37702198d69e,BASE_TRAIN,1,0,LG-N1-5845525d362e0b64ebe53028,12,0.026142921850026094,uncalibrated_class1_probability,,93d3892b158c35eccfadc27c879754db69ea5293782492ee5d4ff01a33bff983
S2,W2-67691311e0a780f4ac5c0ef9,BASE_TRAIN,0,1,LG-N1-7c45d7e024787d9b1cced610,46,0.5257131317655233,uncalibrated_class1_probability,,93d3892b158c35eccfadc27c879754db69ea5293782492ee5d4ff01a33bff983
S2,W2-676c172902845d54b321a02a,BASE_TRAIN,3,1,LG-N1-ec0c71ea68cdcbf1db01672c,52,0.6771558068638912,uncalibrated_class1_probability,,93d3892b158c35eccfadc27c879754db69ea5293782492ee5d4ff01a33bff983
S2,W2-678516186be6c7611205ce0e,BASE_TRAIN,4,0,LG-N1-8a2c766f72a9fb8318d1423f,32,0.024577917887448394,uncalibrated_class1_probability,,93d3892b158c35eccfadc27c879754db69ea5293782492ee5d4ff01a33bff983
S2,W2-679400fe7722995fb95b551b,BASE_TRAIN,1,1,LG-N1-20b82f11934a0db052300a2e,17,0.16729252597249372,uncalibrated_class1_probability,,93d3892b158c35eccfadc27c879754db69ea5293782492ee5d4ff01a33bff983
S2,W2-67c17ffee4a5e2135ddd6e97,BASE_TRAIN,1,0,LG-N1-9a7ad69af348e9dcc4e4a725,13,0.0005234857097677859,uncalibrated_class1_probability,,93d3892b158c35eccfadc27c879754db69ea5293782492ee5d4ff01a33bff983
S2,W2-67c26450efc859346d60f4a7,BASE_TRAIN,0,0,LG-N1-ac196b7d0ce54cc8830864a6,10,0.0004958173547825073,uncalibrated_class1_probability,,93d3892b158c35eccfadc27c879754db69ea5293782492ee5d4ff01a33bff983
S2,W2-67fcdc5cc534ffcc0332c37b,BASE_TRAIN,1,0,LG-N1-023c9aa9bb2570613fe71321,11,0.0009235966623010652,uncalibrated_class1_probability,,93d3892b158c35eccfadc27c879754db69ea5293782492ee5d4ff01a33bff983
S2,W2-683eebbefd9d91a5780002b0,BASE_TRAIN,0,0,LG-N1-daedee5f84df9e653f9b25b4,11,0.0025711489628488593,uncalibrated_class1_probability,,93d3892b158c35eccfadc27c879754db69ea5293782492ee5d4ff01a33bff983
S2,W2-685deaedcf91a7f6b841a8e2,BASE_TRAIN,1,0,LG-N1-641790577037d1b9d207546f,14,0.0033032438193512075,uncalibrated_class1_probability,,93d3892b158c35eccfadc27c879754db69ea5293782492ee5d4ff01a33bff983
S2,W2-687e7754171764c57beac2d0,BASE_TRAIN,4,1,LG-N1-ee744c0be2242c0dc6a72720,24,0.0011515705875576338,uncalibrated_class1_probability,,93d3892b158c35eccfadc27c879754db69ea5293782492ee5d4ff01a33bff983
S2,W2-688ff32ecd8f1551f31285e1,BASE_TRAIN,2,0,LG-N1-3b5d79ea4a106e8673b32d5e,9,0.0007875955767150233,uncalibrated_class1_probability,,93d3892b158c35eccfadc27c879754db69ea5293782492ee5d4ff01a33bff983
S2,W2-68e29179a5cfcf4ce6187d1a,BASE_TRAIN,1,1,LG-N1-f96e542a4e2f40c177e2ff73,90,0.994440581840503,uncalibrated_class1_probability,,93d3892b158c35eccfadc27c879754db69ea5293782492ee5d4ff01a33bff983
S2,W2-6927c340906944b9a032b195,BASE_TRAIN,4,0,LG-N1-077966dbaff55ed9cff03b30,13,0.004683362110173694,uncalibrated_class1_probability,,93d3892b158c35eccfadc27c879754db69ea5293782492ee5d4ff01a33bff983
S2,W2-69578c6de345ce921672b118,BASE_TRAIN,2,0,LG-N1-fdb21d1ab5768cd6e6590e88,11,0.0009376834075160018,uncalibrated_class1_probability,,93d3892b158c35eccfadc27c879754db69ea5293782492ee5d4ff01a33bff983
S2,W2-699ce091ed487a27ca311d9f,BASE_TRAIN,4,0,LG-N1-f082d0204b4038ef7eda5e83,10,0.0001727039980439169,uncalibrated_class1_probability,,93d3892b158c35eccfadc27c879754db69ea5293782492ee5d4ff01a33bff983
S2,W2-69d647667eb6a0743b2f3113,BASE_TRAIN,0,0,LG-N1-cbac51edf193901ab76ad684,11,0.0003675527795173242,uncalibrated_class1_probability,,93d3892b158c35eccfadc27c879754db69ea5293782492ee5d4ff01a33bff983
S2,W2-6a2f09983113ae0e76f29802,BASE_TRAIN,3,0,LG-N1-12fadac6e14d11cfad210937,12,0.020888311446126934,uncalibrated_class1_probability,,93d3892b158c35eccfadc27c879754db69ea5293782492ee5d4ff01a33bff983
S2,W2-6a3aa75d9118fa0cbb7bc633,BASE_TRAIN,4,0,LG-N1-80d1a8a1cf18dea7c3e4d18a,12,0.0015190623758488324,uncalibrated_class1_probability,,93d3892b158c35eccfadc27c879754db69ea5293782492ee5d4ff01a33bff983
S2,W2-6aaa150a520c7e8880ac87f1,BASE_TRAIN,0,0,LG-N1-1b7272ca18f28262feeef022,11,0.0188123304643421,uncalibrated_class1_probability,,93d3892b158c35eccfadc27c879754db69ea5293782492ee5d4ff01a33bff983
S2,W2-6af06e16916c4d2870e0fc3a,BASE_TRAIN,0,1,LG-N1-216e6b1a3f5bec1703c27718,83,0.9968857214840489,uncalibrated_class1_probability,,93d3892b158c35eccfadc27c879754db69ea5293782492ee5d4ff01a33bff983
S2,W2-6b0313890049c13e1ef8293f,BASE_TRAIN,2,0,LG-N1-9ba21bb246eb03863063cc92,15,0.005278962481108633,uncalibrated_class1_probability,,93d3892b158c35eccfadc27c879754db69ea5293782492ee5d4ff01a33bff983
S2,W2-6b2a3becf12164c962b575f5,BASE_TRAIN,4,0,LG-N1-1d26f43b0d7cd2b90d080007,14,0.0011073371630718075,uncalibrated_class1_probability,,93d3892b158c35eccfadc27c879754db69ea5293782492ee5d4ff01a33bff983
S2,W2-6b7620fef11abc94afcb638f,BASE_TRAIN,0,1,LG-N1-9f14430fd95b11b134a59ab4,38,0.9997590344632608,uncalibrated_class1_probability,,93d3892b158c35eccfadc27c879754db69ea5293782492ee5d4ff01a33bff983
S2,W2-6c2bfbcfa619e136401af80c,BASE_TRAIN,4,0,LG-N1-66aa00d20c48058811be8423,13,0.0003514750647429286,uncalibrated_class1_probability,,93d3892b158c35eccfadc27c879754db69ea5293782492ee5d4ff01a33bff983
S2,W2-6c90197028fdaebe1f0d2af5,BASE_TRAIN,0,0,LG-N1-f7dc5e5570a190aff42aa8b7,15,0.0010141223150271423,uncalibrated_class1_probability,,93d3892b158c35eccfadc27c879754db69ea5293782492ee5d4ff01a33bff983
S2,W2-6d1c05c33ff2369c466bce9e,BASE_TRAIN,0,0,LG-N1-4a39feb01b91afacf9acd2cf,24,0.0021537377143855574,uncalibrated_class1_probability,,93d3892b158c35eccfadc27c879754db69ea5293782492ee5d4ff01a33bff983
S2,W2-6d2c3b025e34ecb02f1a8f28,BASE_TRAIN,0,0,LG-N1-4404622bd6d4f57682bc2fd2,5,0.0006525055943067992,uncalibrated_class1_probability,,93d3892b158c35eccfadc27c879754db69ea5293782492ee5d4ff01a33bff983
S2,W2-6d3e57888fba55a524a4056c,BASE_TRAIN,0,0,LG-N1-643fd707e57168665d7e3648,15,0.027111460010162267,uncalibrated_class1_probability,,93d3892b158c35eccfadc27c879754db69ea5293782492ee5d4ff01a33bff983
S2,W2-6dd6de2f6dfb21aa2d8e89b6,BASE_TRAIN,4,1,LG-N1-caded6a794b9988061906a02,61,0.4972506213911241,uncalibrated_class1_probability,,93d3892b158c35eccfadc27c879754db69ea5293782492ee5d4ff01a33bff983
S2,W2-6dec1d1e760ab9c2a6513bb5,BASE_TRAIN,2,1,LG-N1-d594087b66d1cb52060db8fe,15,0.20746053562628342,uncalibrated_class1_probability,,93d3892b158c35eccfadc27c879754db69ea5293782492ee5d4ff01a33bff983
S2,W2-6df47f94629bd4a0ee6d9558,BASE_TRAIN,3,0,LG-N1-f399af8eb52d898a5e6b1f44,13,0.00699184131649793,uncalibrated_class1_probability,,93d3892b158c35eccfadc27c879754db69ea5293782492ee5d4ff01a33bff983
S2,W2-6e2e5d08c5d9b747f56be784,BASE_TRAIN,0,0,LG-N1-85fbe503769d44cc96175323,12,8.71132728854781e-05,uncalibrated_class1_probability,,93d3892b158c35eccfadc27c879754db69ea5293782492ee5d4ff01a33bff983
S2,W2-6e5a250d0e7ea03da41c47c7,BASE_TRAIN,2,1,LG-N1-ed563ab3e609001836ff9b55,32,0.9869785014670527,uncalibrated_class1_probability,,93d3892b158c35eccfadc27c879754db69ea5293782492ee5d4ff01a33bff983
S2,W2-6ea42747aba52fe8af73a98c,BASE_TRAIN,1,0,LG-N1-b0dabfc4864a2ecceabe7f10,17,0.21170305356015853,uncalibrated_class1_probability,,93d3892b158c35eccfadc27c879754db69ea5293782492ee5d4ff01a33bff983
S2,W2-6eb2f1877363cca592e58a0c,BASE_TRAIN,4,0,LG-N1-8ab2dbba37b70603647fb13a,9,0.0006464619347080269,uncalibrated_class1_probability,,93d3892b158c35eccfadc27c879754db69ea5293782492ee5d4ff01a33bff983
S2,W2-6f0e7e7d5826346b7519d9a5,BASE_TRAIN,0,0,LG-N1-f66ab5cb2fa1efd31ed4f5c6,8,6.136862594974935e-05,uncalibrated_class1_probability,,93d3892b158c35eccfadc27c879754db69ea5293782492ee5d4ff01a33bff983
S2,W2-6f8f795a3fb3b39f45b1ff76,BASE_TRAIN,4,0,LG-N1-9544520b9873903a6e752a2d,8,4.4396633608868965e-05,uncalibrated_class1_probability,,93d3892b158c35eccfadc27c879754db69ea5293782492ee5d4ff01a33bff983
S2,W2-7040ebdca963c6ed3d027f21,BASE_TRAIN,4,0,LG-N1-63b79e4cddbacee486aee562,8,0.029180662365177773,uncalibrated_class1_probability,,93d3892b158c35eccfadc27c879754db69ea5293782492ee5d4ff01a33bff983
S2,W2-705da7a83beb6e7f757739c2,BASE_TRAIN,1,0,LG-N1-ba912f67d69034e485de711c,10,0.0010799696312230023,uncalibrated_class1_probability,,93d3892b158c35eccfadc27c879754db69ea5293782492ee5d4ff01a33bff983
S2,W2-70a10c3d95e536a1d9aa8933,BASE_TRAIN,1,0,LG-N1-2745647bea44038b15ca7ed1,12,0.0007685090970132743,uncalibrated_class1_probability,,93d3892b158c35eccfadc27c879754db69ea5293782492ee5d4ff01a33bff983
S2,W2-70e98ea4e0f9193929b3878e,BASE_TRAIN,4,1,LG-N1-5150e1657ff710f83a0ff025,28,0.16079019959827826,uncalibrated_class1_probability,,93d3892b158c35eccfadc27c879754db69ea5293782492ee5d4ff01a33bff983
S2,W2-70efa2342d49aa5a090e5ca4,BASE_TRAIN,4,0,LG-N1-fe497ccc94f4f37a884ea495,13,0.00648099692063257,uncalibrated_class1_probability,,93d3892b158c35eccfadc27c879754db69ea5293782492ee5d4ff01a33bff983
S2,W2-710651a3fad28c5c9de1fe15,BASE_TRAIN,4,0,LG-N1-371eec2588a12f8807493d67,18,0.0746858819627456,uncalibrated_class1_probability,,93d3892b158c35eccfadc27c879754db69ea5293782492ee5d4ff01a33bff983
S2,W2-710a53a632553cad1e2e8c76,BASE_TRAIN,0,0,LG-N1-332c55b10025aa5d089baeb3,21,0.0008951116287492096,uncalibrated_class1_probability,,93d3892b158c35eccfadc27c879754db69ea5293782492ee5d4ff01a33bff983
S2,W2-712fdb90f27ecc736c57db8c,BASE_TRAIN,3,0,LG-N1-390d28c01f664f0f18524de8,7,0.011613495690201425,uncalibrated_class1_probability,,93d3892b158c35eccfadc27c879754db69ea5293782492ee5d4ff01a33bff983
S2,W2-7143f2fd17769ceef3b31550,BASE_TRAIN,3,0,LG-N1-446742adc6b205d6ebe4fd77,16,0.11462711080960492,uncalibrated_class1_probability,,93d3892b158c35eccfadc27c879754db69ea5293782492ee5d4ff01a33bff983
S2,W2-714d5b5d7c4d4fcf49ab1ffd,BASE_TRAIN,2,0,LG-N1-3c464fe723a8e45c753be552,12,0.0008956144303698451,uncalibrated_class1_probability,,93d3892b158c35eccfadc27c879754db69ea5293782492ee5d4ff01a33bff983
S2,W2-71afa45b2ed040a57481d277,BASE_TRAIN,3,0,LG-N1-bdff6229467deb396dd825c2,12,0.0005192696392249535,uncalibrated_class1_probability,,93d3892b158c35eccfadc27c879754db69ea5293782492ee5d4ff01a33bff983
S2,W2-720c0071f3c315aa0c69595b,BASE_TRAIN,0,0,LG-N1-a43a6c672bcc1cce793e2d1b,39,0.19379475763179066,uncalibrated_class1_probability,,93d3892b158c35eccfadc27c879754db69ea5293782492ee5d4ff01a33bff983
S2,W2-726811876849ed6dab00c9a3,BASE_TRAIN,1,0,LG-N1-ea1285d51ece3f5f0226ecd6,25,0.02613598858820845,uncalibrated_class1_probability,,93d3892b158c35eccfadc27c879754db69ea5293782492ee5d4ff01a33bff983
S2,W2-728a49c015c3503d212011fd,BASE_TRAIN,4,0,LG-N1-57a8979058c6c96600cb4269,13,0.00043096367530565626,uncalibrated_class1_probability,,93d3892b158c35eccfadc27c879754db69ea5293782492ee5d4ff01a33bff983
S2,W2-72a8dd14024fc0be494dfd79,BASE_TRAIN,1,0,LG-N1-d0018ae9beff212697eb7b31,11,0.008044254551721782,uncalibrated_class1_probability,,93d3892b158c35eccfadc27c879754db69ea5293782492ee5d4ff01a33bff983
S2,W2-72aaa78cd4b011e798c7aee0,BASE_TRAIN,3,1,LG-N1-a059568ed9e5a92b3a8013a4,227,0.8985247653564704,uncalibrated_class1_probability,,93d3892b158c35eccfadc27c879754db69ea5293782492ee5d4ff01a33bff983
S2,W2-72c84e9a95a7c189d5c25a52,BASE_TRAIN,3,0,LG-N1-fc0a9eb19efa2240fef974d0,15,0.07565284072675293,uncalibrated_class1_probability,,93d3892b158c35eccfadc27c879754db69ea5293782492ee5d4ff01a33bff983
S2,W2-72ee9066ed033cc0f05ed6fe,BASE_TRAIN,0,0,LG-N1-bb92342768cf234ee4417b38,5,0.00010755664768161736,uncalibrated_class1_probability,,93d3892b158c35eccfadc27c879754db69ea5293782492ee5d4ff01a33bff983
S2,W2-72f483b3d2ab71578f905f92,BASE_TRAIN,0,0,LG-N1-018454e3a4a878f612b87e80,18,0.07501183551684908,uncalibrated_class1_probability,,93d3892b158c35eccfadc27c879754db69ea5293782492ee5d4ff01a33bff983
S2,W2-73393d2cc2cdb038bdea8214,BASE_TRAIN,1,0,LG-N1-800d6fd82823a76ceec7b12e,17,0.0001864797581871465,uncalibrated_class1_probability,,93d3892b158c35eccfadc27c879754db69ea5293782492ee5d4ff01a33bff983
S2,W2-737bd03c73ce4ce6b955c231,BASE_TRAIN,1,0,LG-N1-25c4ceacf599142356efb6f5,8,0.0006509232119068054,uncalibrated_class1_probability,,93d3892b158c35eccfadc27c879754db69ea5293782492ee5d4ff01a33bff983
S2,W2-73b70bd08567510a7a14251b,BASE_TRAIN,3,0,LG-N1-1bb6aa89908c1cf4dbde3723,34,0.0030462307860722997,uncalibrated_class1_probability,,93d3892b158c35eccfadc27c879754db69ea5293782492ee5d4ff01a33bff983
S2,W2-73bb112743790bc230d4cf6a,BASE_TRAIN,3,0,LG-N1-7c7e0aebb90c4f68c3f7c494,8,0.001095855463643729,uncalibrated_class1_probability,,93d3892b158c35eccfadc27c879754db69ea5293782492ee5d4ff01a33bff983
S2,W2-73d5295513c7cc10048dda2b,BASE_TRAIN,1,0,LG-N1-1060de18e9e21aef462f2c44,12,0.033006782885921036,uncalibrated_class1_probability,,93d3892b158c35eccfadc27c879754db69ea5293782492ee5d4ff01a33bff983
S2,W2-740ea05429eecdb991c439aa,BASE_TRAIN,0,0,LG-N1-0f52b39c2a46b39b66b374da,9,0.0016441030677970501,uncalibrated_class1_probability,,93d3892b158c35eccfadc27c879754db69ea5293782492ee5d4ff01a33bff983
S2,W2-743de9a80508b876a1c573ca,BASE_TRAIN,3,0,LG-N1-fb84c2d4a7ecd6d4dc782451,11,0.0005768744430491491,uncalibrated_class1_probability,,93d3892b158c35eccfadc27c879754db69ea5293782492ee5d4ff01a33bff983
S2,W2-744be1531acf08a7b1cf6f03,BASE_TRAIN,4,0,LG-N1-a97d4682371a643a84b80ed6,6,6.583714641650574e-05,uncalibrated_class1_probability,,93d3892b158c35eccfadc27c879754db69ea5293782492ee5d4ff01a33bff983
S2,W2-744fad551ac36d8dcd4d3d94,BASE_TRAIN,3,0,LG-N1-e9eadbbdc84ce79ca544f0f1,13,0.0002822947475420396,uncalibrated_class1_probability,,93d3892b158c35eccfadc27c879754db69ea5293782492ee5d4ff01a33bff983
S2,W2-749e894f91486e79b57cec95,BASE_TRAIN,3,0,LG-N1-aa23107f86b7a1f99eb7265b,6,0.0011918575607473936,uncalibrated_class1_probability,,93d3892b158c35eccfadc27c879754db69ea5293782492ee5d4ff01a33bff983
S2,W2-74b3fa49d186d3c185b3dd1c,BASE_TRAIN,1,0,LG-N1-f219ba136d9c9df23e1ff104,50,0.056025586584945795,uncalibrated_class1_probability,,93d3892b158c35eccfadc27c879754db69ea5293782492ee5d4ff01a33bff983
S2,W2-74f04de7ef0c07509aaff7bd,BASE_TRAIN,4,0,LG-N1-9d6373f1d5c1acd1fcfdedc2,9,6.241375683295239e-05,uncalibrated_class1_probability,,93d3892b158c35eccfadc27c879754db69ea5293782492ee5d4ff01a33bff983
S2,W2-756727b7ebefd07f4c715ad6,BASE_TRAIN,1,0,LG-N1-fa7a1b43dfab49c868bdd110,11,0.0007474329837763072,uncalibrated_class1_probability,,93d3892b158c35eccfadc27c879754db69ea5293782492ee5d4ff01a33bff983
S2,W2-75798e4e1d4fb1a4e9387ed3,BASE_TRAIN,4,1,LG-N1-e5d5204195ece444f0950ff1,90,0.9942221234080848,uncalibrated_class1_probability,,93d3892b158c35eccfadc27c879754db69ea5293782492ee5d4ff01a33bff983
S2,W2-759aab22c37323c4536a2a7a,BASE_TRAIN,1,0,LG-N1-5931d56b9118ba01869ceaa3,9,0.029059257866508245,uncalibrated_class1_probability,,93d3892b158c35eccfadc27c879754db69ea5293782492ee5d4ff01a33bff983
S2,W2-75af6c1f5081c925531ef061,BASE_TRAIN,3,0,LG-N1-568169436036b8d9af6ed55b,19,0.5837069538624393,uncalibrated_class1_probability,,93d3892b158c35eccfadc27c879754db69ea5293782492ee5d4ff01a33bff983
S2,W2-75ba89f42105d8a24a370f2b,BASE_TRAIN,2,0,LG-N1-d6ee5faab569bb58c3bcd289,9,0.0023216929834775748,uncalibrated_class1_probability,,93d3892b158c35eccfadc27c879754db69ea5293782492ee5d4ff01a33bff983
S2,W2-75f07ac48f137baa7bd69f2b,BASE_TRAIN,3,0,LG-N1-85335f13122ad41d10628f0f,9,0.0006967451516177877,uncalibrated_class1_probability,,93d3892b158c35eccfadc27c879754db69ea5293782492ee5d4ff01a33bff983
S2,W2-75f21b6cce53fa485216eea6,BASE_TRAIN,3,0,LG-N1-78379141fb60f9bb740d2103,20,0.13347715505533123,uncalibrated_class1_probability,,93d3892b158c35eccfadc27c879754db69ea5293782492ee5d4ff01a33bff983
S2,W2-7615d99f8c83dfe304d1a94f,BASE_TRAIN,1,0,LG-N1-717731c87c63baf398ddb1d7,9,8.378100232139235e-05,uncalibrated_class1_probability,,93d3892b158c35eccfadc27c879754db69ea5293782492ee5d4ff01a33bff983
S2,W2-76509e35d6ab2572839e6ea3,BASE_TRAIN,3,1,LG-N1-785401ee0e3e10019941ff1d,40,0.988163670682462,uncalibrated_class1_probability,,93d3892b158c35eccfadc27c879754db69ea5293782492ee5d4ff01a33bff983
S2,W2-765b5ac723afb2e3ed406404,BASE_TRAIN,1,0,LG-N1-91daa100f267750748b4cf36,18,0.021496925761616652,uncalibrated_class1_probability,,93d3892b158c35eccfadc27c879754db69ea5293782492ee5d4ff01a33bff983
S2,W2-76807bca79a8e8ff1a60fc25,BASE_TRAIN,4,0,LG-N1-16863fb4cc96cdad805f4378,8,0.001301075449500175,uncalibrated_class1_probability,,93d3892b158c35eccfadc27c879754db69ea5293782492ee5d4ff01a33bff983
S2,W2-76954916fe7c03102ddcbeb3,BASE_TRAIN,0,0,LG-N1-37aadf05d34021055bf0c8b1,46,0.3589531407106165,uncalibrated_class1_probability,,93d3892b158c35eccfadc27c879754db69ea5293782492ee5d4ff01a33bff983
S2,W2-76b694dee1669f5f5a50d2dc,BASE_TRAIN,2,0,LG-N1-a5ab8710b58b0ee074127d4a,8,0.0022775116927317234,uncalibrated_class1_probability,,93d3892b158c35eccfadc27c879754db69ea5293782492ee5d4ff01a33bff983
S2,W2-76d087928d7ec353197825e5,BASE_TRAIN,1,0,LG-N1-e538a4d77486cab3edd325b4,14,0.001737559142669503,uncalibrated_class1_probability,,93d3892b158c35eccfadc27c879754db69ea5293782492ee5d4ff01a33bff983
S2,W2-775147afff12da9725651830,BASE_TRAIN,2,0,LG-N1-cd00445fe4ba5f75bde3cdff,5,9.376771672702931e-05,uncalibrated_class1_probability,,93d3892b158c35eccfadc27c879754db69ea5293782492ee5d4ff01a33bff983
S2,W2-77516dded1231c0bb3400cf1,BASE_TRAIN,3,0,LG-N1-e6606a36b278b4bf065aebb2,13,0.054430517477068875,uncalibrated_class1_probability,,93d3892b158c35eccfadc27c879754db69ea5293782492ee5d4ff01a33bff983
S2,W2-77708d7c69eb376a84689af2,BASE_TRAIN,0,0,LG-N1-9eff2502a5ea150f38bb5bce,20,0.05774860332064871,uncalibrated_class1_probability,,93d3892b158c35eccfadc27c879754db69ea5293782492ee5d4ff01a33bff983
S2,W2-779db47e539765ff0d82a679,BASE_TRAIN,4,0,LG-N1-57ff06a2137793036bc7b7bb,12,0.00167119971859012,uncalibrated_class1_probability,,93d3892b158c35eccfadc27c879754db69ea5293782492ee5d4ff01a33bff983
S2,W2-77b1584a7082aaee8d9fcea8,BASE_TRAIN,1,0,LG-N1-cd61bf0cc67fc2233111c911,5,0.0007181945439688667,uncalibrated_class1_probability,,93d3892b158c35eccfadc27c879754db69ea5293782492ee5d4ff01a33bff983
S2,W2-77cf86dae187121c639f9238,BASE_TRAIN,1,1,LG-N1-5a92a13ce02b50595c6233b7,23,4.450705604146521e-05,uncalibrated_class1_probability,,93d3892b158c35eccfadc27c879754db69ea5293782492ee5d4ff01a33bff983
S2,W2-77f1b4c6179676f355eac8b8,BASE_TRAIN,0,0,LG-N1-28e71f5cf1a9a86d40120262,11,0.005317716096993928,uncalibrated_class1_probability,,93d3892b158c35eccfadc27c879754db69ea5293782492ee5d4ff01a33bff983
S2,W2-77f3f9551fad421171575d9b,BASE_TRAIN,1,0,LG-N1-00bc88bd6b95793621f5ed5a,13,0.0007930471303443081,uncalibrated_class1_probability,,93d3892b158c35eccfadc27c879754db69ea5293782492ee5d4ff01a33bff983
S2,W2-7807a4d0d91e232c8ea3b1c5,BASE_TRAIN,0,0,LG-N1-9e377a460bca6fbd4d507981,10,0.00037190637683855686,uncalibrated_class1_probability,,93d3892b158c35eccfadc27c879754db69ea5293782492ee5d4ff01a33bff983
S2,W2-78104621dd4e65712186060b,BASE_TRAIN,4,0,LG-N1-863e90680bd06c9088606ec6,5,0.0039149750054818565,uncalibrated_class1_probability,,93d3892b158c35eccfadc27c879754db69ea5293782492ee5d4ff01a33bff983
S2,W2-787378a39a77ad238498edfa,BASE_TRAIN,4,1,LG-N1-4453c5a8ad7ed2745323886c,40,0.9940717669233301,uncalibrated_class1_probability,,93d3892b158c35eccfadc27c879754db69ea5293782492ee5d4ff01a33bff983
S2,W2-793302408f1f4ede1c5f817d,BASE_TRAIN,3,0,LG-N1-3dc1b15d4f81fa1c884e7400,15,0.002965611215666571,uncalibrated_class1_probability,,93d3892b158c35eccfadc27c879754db69ea5293782492ee5d4ff01a33bff983
S2,W2-795b3d75687bb43498dc8ece,BASE_TRAIN,1,0,LG-N1-ccc852c48e323b7847469a42,12,0.0005503633306317503,uncalibrated_class1_probability,,93d3892b158c35eccfadc27c879754db69ea5293782492ee5d4ff01a33bff983
S2,W2-79a70ed9a510c742e2ebeac1,BASE_TRAIN,4,0,LG-N1-c28f1349dc207b8ecab505a4,16,0.0025539275699164635,uncalibrated_class1_probability,,93d3892b158c35eccfadc27c879754db69ea5293782492ee5d4ff01a33bff983
S2,W2-79d256120ed5cacd26df9d40,BASE_TRAIN,2,0,LG-N1-2b9f5cb87dac59a76a8d0788,12,0.0003233452061912228,uncalibrated_class1_probability,,93d3892b158c35eccfadc27c879754db69ea5293782492ee5d4ff01a33bff983
S2,W2-79f45c53f0cfe86bff04d558,BASE_TRAIN,0,0,LG-N1-0740791dff2e69bb0177c454,9,0.00015397125564007156,uncalibrated_class1_probability,,93d3892b158c35eccfadc27c879754db69ea5293782492ee5d4ff01a33bff983
S2,W2-7a313b016eb95c573fcb7d6b,BASE_TRAIN,3,0,LG-N1-42a9e55639f5428257e95415,11,0.0001948267936919234,uncalibrated_class1_probability,,93d3892b158c35eccfadc27c879754db69ea5293782492ee5d4ff01a33bff983
S2,W2-7a79d8945f971068ba81a044,BASE_TRAIN,4,0,LG-N1-cf759ad2e6b7e1d7e0902386,11,0.0007231515736305885,uncalibrated_class1_probability,,93d3892b158c35eccfadc27c879754db69ea5293782492ee5d4ff01a33bff983
S2,W2-7aa5f58a7362489a263e03b3,BASE_TRAIN,3,0,LG-N1-a2bb513e4a3d5a13680feb22,10,0.0010470726083827062,uncalibrated_class1_probability,,93d3892b158c35eccfadc27c879754db69ea5293782492ee5d4ff01a33bff983
S2,W2-7ac6da4dc2ebc5a90c0fe37c,BASE_TRAIN,2,0,LG-N1-afacda140aca63a2cd6ae5c2,24,0.010314283096289026,uncalibrated_class1_probability,,93d3892b158c35eccfadc27c879754db69ea5293782492ee5d4ff01a33bff983
S2,W2-7ad304d7a7bb1c8df8f66bcf,BASE_TRAIN,1,0,LG-N1-56c409f6948dca75f4c0c891,12,0.0015395796566709341,uncalibrated_class1_probability,,93d3892b158c35eccfadc27c879754db69ea5293782492ee5d4ff01a33bff983
S2,W2-7af0b4672a5e9ee9131bb3dc,BASE_TRAIN,1,0,LG-N1-47a4e47c7b3a3925e29274db,17,0.00025034714461302576,uncalibrated_class1_probability,,93d3892b158c35eccfadc27c879754db69ea5293782492ee5d4ff01a33bff983
S2,W2-7b1b43b4bacb9bb3630b2827,BASE_TRAIN,2,0,LG-N1-3d50986a25c494e77a8f81d2,14,0.0011457872173473668,uncalibrated_class1_probability,,93d3892b158c35eccfadc27c879754db69ea5293782492ee5d4ff01a33bff983
S2,W2-7bfc7bb34fa3ac0a64b32c90,BASE_TRAIN,1,0,LG-N1-512292c1e247d3a672991d50,5,0.0005950028558608017,uncalibrated_class1_probability,,93d3892b158c35eccfadc27c879754db69ea5293782492ee5d4ff01a33bff983
S2,W2-7c0fda5d27b39d10dfe76fef,BASE_TRAIN,3,0,LG-N1-0e5fd002b2e20ddecc6e9919,8,0.0016417956455749131,uncalibrated_class1_probability,,93d3892b158c35eccfadc27c879754db69ea5293782492ee5d4ff01a33bff983
S2,W2-7c19bfe54884f154f13a65b4,BASE_TRAIN,1,0,LG-N1-3b66562078d3aa44a98cc9bc,9,0.0010750283191243552,uncalibrated_class1_probability,,93d3892b158c35eccfadc27c879754db69ea5293782492ee5d4ff01a33bff983
S2,W2-7c4feff8d1592011862a7ca5,BASE_TRAIN,3,0,LG-N1-07e3964973f4330dd9da3d2d,7,0.0008409501932097911,uncalibrated_class1_probability,,93d3892b158c35eccfadc27c879754db69ea5293782492ee5d4ff01a33bff983
S2,W2-7c8bce411d0f35fc0e1638e8,BASE_TRAIN,2,0,LG-N1-bcbf34b8e2b39dac4cdcfbe3,26,0.19106727583867933,uncalibrated_class1_probability,,93d3892b158c35eccfadc27c879754db69ea5293782492ee5d4ff01a33bff983
S2,W2-7cb01bcd9c663baf83595ff2,BASE_TRAIN,0,0,LG-N1-c896b70fc1bd807371f85b2a,7,0.02020888365170701,uncalibrated_class1_probability,,93d3892b158c35eccfadc27c879754db69ea5293782492ee5d4ff01a33bff983
S2,W2-7d1d7b6db5c940db8b2100ee,BASE_TRAIN,2,0,LG-N1-ae0496af40b3c3baf0a34b86,8,0.00808052876077474,uncalibrated_class1_probability,,93d3892b158c35eccfadc27c879754db69ea5293782492ee5d4ff01a33bff983
S2,W2-7db1b51e06d257bfba8952dd,BASE_TRAIN,0,0,LG-N1-706ac09abeea516f95ad53a5,13,4.0770046895887426e-05,uncalibrated_class1_probability,,93d3892b158c35eccfadc27c879754db69ea5293782492ee5d4ff01a33bff983
S2,W2-7e1fd625816e3f5d39bf1aae,BASE_TRAIN,3,0,LG-N1-e7e97ebc3e99b031bfa8d8c5,97,0.06778752090502752,uncalibrated_class1_probability,,93d3892b158c35eccfadc27c879754db69ea5293782492ee5d4ff01a33bff983
S2,W2-7e2754866560623a1b16a2a6,BASE_TRAIN,2,0,LG-N1-47fa47b6a79c75186612ed9b,10,0.00018417920152325774,uncalibrated_class1_probability,,93d3892b158c35eccfadc27c879754db69ea5293782492ee5d4ff01a33bff983
S2,W2-7e2dd5ac0d6352bbc7845227,BASE_TRAIN,1,0,LG-N1-12095b288c3d0be3451db1bb,23,0.0005859045491255587,uncalibrated_class1_probability,,93d3892b158c35eccfadc27c879754db69ea5293782492ee5d4ff01a33bff983
S2,W2-7ec594b6703befbcc08c04fb,BASE_TRAIN,2,0,LG-N1-c2bed0db6aeead3b76941130,13,0.005834960559746068,uncalibrated_class1_probability,,93d3892b158c35eccfadc27c879754db69ea5293782492ee5d4ff01a33bff983
S2,W2-7ef697141e58bb6f33738c07,BASE_TRAIN,3,0,LG-N1-95e3579f968e0c4b915a78f5,6,0.0002555257153150683,uncalibrated_class1_probability,,93d3892b158c35eccfadc27c879754db69ea5293782492ee5d4ff01a33bff983
S2,W2-7f2eeb24bc5180caeff00985,BASE_TRAIN,2,1,LG-N1-efb768565b14a591ad42c078,71,0.9983519898785338,uncalibrated_class1_probability,,93d3892b158c35eccfadc27c879754db69ea5293782492ee5d4ff01a33bff983
S2,W2-7f3c2832ab1194a683b4ce2b,BASE_TRAIN,2,0,LG-N1-bbb6cc29a9d8c9404473928c,19,0.007257454388501397,uncalibrated_class1_probability,,93d3892b158c35eccfadc27c879754db69ea5293782492ee5d4ff01a33bff983
S2,W2-7f63db8c4fb59a56aa776579,BASE_TRAIN,4,0,LG-N1-5cda405fe86cc434aaa5fcf1,13,0.005182795455868867,uncalibrated_class1_probability,,93d3892b158c35eccfadc27c879754db69ea5293782492ee5d4ff01a33bff983
S2,W2-7fc016ba79dff566d6aeb2ba,BASE_TRAIN,0,0,LG-N1-1d1eb040a97452b6a5c98e26,10,0.0024493307638354645,uncalibrated_class1_probability,,93d3892b158c35eccfadc27c879754db69ea5293782492ee5d4ff01a33bff983
S2,W2-7fc5a8887ee2ac8875e8d329,BASE_TRAIN,0,0,LG-N1-f9a0c6d934c9e67d3cb72194,8,0.00021737635448151792,uncalibrated_class1_probability,,93d3892b158c35eccfadc27c879754db69ea5293782492ee5d4ff01a33bff983
S2,W2-7fc60b3fd4a461a17519eb20,BASE_TRAIN,2,0,LG-N1-137cbfac9bf0c6804d54e26b,13,0.0002704046085288276,uncalibrated_class1_probability,,93d3892b158c35eccfadc27c879754db69ea5293782492ee5d4ff01a33bff983
S2,W2-8018e84d1b0cbe2654598e94,BASE_TRAIN,2,1,LG-N1-61712da3e1221f659af25437,63,0.10160651415986757,uncalibrated_class1_probability,,93d3892b158c35eccfadc27c879754db69ea5293782492ee5d4ff01a33bff983
S2,W2-805d39d74af0ea5b2434c65b,BASE_TRAIN,0,1,LG-N1-98a6343c838ee496231e075f,51,0.9805842961178007,uncalibrated_class1_probability,,93d3892b158c35eccfadc27c879754db69ea5293782492ee5d4ff01a33bff983
S2,W2-808bf1cc5fe9166513dd5ad0,BASE_TRAIN,3,0,LG-N1-1684c3b4469e6c86af630817,7,0.00026260106515188926,uncalibrated_class1_probability,,93d3892b158c35eccfadc27c879754db69ea5293782492ee5d4ff01a33bff983
S2,W2-80dbbda3b79ecdd5684840a4,BASE_TRAIN,3,0,LG-N1-77f04929bbd8165c3b4ec978,5,0.00023845551898940334,uncalibrated_class1_probability,,93d3892b158c35eccfadc27c879754db69ea5293782492ee5d4ff01a33bff983
S2,W2-816fd218a8e39bdf0aa4d1c7,BASE_TRAIN,4,0,LG-N1-8f211a0a05262dcf5d553403,12,0.0002614298985616826,uncalibrated_class1_probability,,93d3892b158c35eccfadc27c879754db69ea5293782492ee5d4ff01a33bff983
S2,W2-8176bee65f806eb890fb169d,BASE_TRAIN,2,1,LG-N1-03e9799e7da15bd65a03b565,81,0.9995191681477745,uncalibrated_class1_probability,,93d3892b158c35eccfadc27c879754db69ea5293782492ee5d4ff01a33bff983
S2,W2-81dddee620facf2589ad1c15,BASE_TRAIN,0,0,LG-N1-ee8e5c57e1ed60baa609bb10,9,0.00021124135246762698,uncalibrated_class1_probability,,93d3892b158c35eccfadc27c879754db69ea5293782492ee5d4ff01a33bff983
S2,W2-823b0c47663571728ec316b0,BASE_TRAIN,3,0,LG-N1-22d4dc1c8129194e7cccfddc,12,0.00024090576680619054,uncalibrated_class1_probability,,93d3892b158c35eccfadc27c879754db69ea5293782492ee5d4ff01a33bff983
S2,W2-82710ccd54f7f874d7b1bf5a,BASE_TRAIN,1,0,LG-N1-7c51c9b4e2fe52f66a5be23a,20,0.16488123553948011,uncalibrated_class1_probability,,93d3892b158c35eccfadc27c879754db69ea5293782492ee5d4ff01a33bff983
S2,W2-82ba14c4f25e7b11be1b3c58,BASE_TRAIN,1,1,LG-N1-d80275ff32e22b421c9992dc,42,0.9984020218176942,uncalibrated_class1_probability,,93d3892b158c35eccfadc27c879754db69ea5293782492ee5d4ff01a33bff983
S2,W2-82f9f10062c8f64159a8ec2e,BASE_TRAIN,2,1,LG-N1-89a3dcd6c9d82361d396cb14,81,0.7084094142208346,uncalibrated_class1_probability,,93d3892b158c35eccfadc27c879754db69ea5293782492ee5d4ff01a33bff983
S2,W2-83057ef81a6622e7970022ff,BASE_TRAIN,3,1,LG-N1-9d97266f520c9969adf839a5,50,0.945816316760967,uncalibrated_class1_probability,,93d3892b158c35eccfadc27c879754db69ea5293782492ee5d4ff01a33bff983
S2,W2-832ef9511005d57a483c9cff,BASE_TRAIN,4,0,LG-N1-d307e7fce1541e26399ea697,5,0.00010463897802703353,uncalibrated_class1_probability,,93d3892b158c35eccfadc27c879754db69ea5293782492ee5d4ff01a33bff983
S2,W2-836cd945524bd548a2bd99c8,BASE_TRAIN,0,0,LG-N1-94ca873c3fb3a625e6fc10a7,6,0.00013243398587733707,uncalibrated_class1_probability,,93d3892b158c35eccfadc27c879754db69ea5293782492ee5d4ff01a33bff983
S2,W2-83aa65a029e943e73dfbf66d,BASE_TRAIN,1,0,LG-N1-e31a02055933846861f2cf1a,15,0.0007526448205164665,uncalibrated_class1_probability,,93d3892b158c35eccfadc27c879754db69ea5293782492ee5d4ff01a33bff983
S2,W2-83ad688bf148919fe9370c15,BASE_TRAIN,4,1,LG-N1-8f3c452d663ccadb891dde75,65,0.9987810727541859,uncalibrated_class1_probability,,93d3892b158c35eccfadc27c879754db69ea5293782492ee5d4ff01a33bff983
S2,W2-84de239e2a85a30808fbac28,BASE_TRAIN,1,0,LG-N1-5d11200888edc503de1c4ad1,11,0.0019387975568074735,uncalibrated_class1_probability,,93d3892b158c35eccfadc27c879754db69ea5293782492ee5d4ff01a33bff983
S2,W2-8584f33c857af557f079cec8,BASE_TRAIN,4,0,LG-N1-3ce4828fbc9466ee40be36da,11,0.0010371972826609423,uncalibrated_class1_probability,,93d3892b158c35eccfadc27c879754db69ea5293782492ee5d4ff01a33bff983
S2,W2-858fc7ebcab06a774fb6344f,BASE_TRAIN,3,0,LG-N1-748dfe2cc6fa76de66646486,16,0.017701395678762447,uncalibrated_class1_probability,,93d3892b158c35eccfadc27c879754db69ea5293782492ee5d4ff01a33bff983
S2,W2-85d5964d969c4e0e9fef7394,BASE_TRAIN,0,0,LG-N1-b068fabce41022981d8d0cbd,9,0.0007628532762247183,uncalibrated_class1_probability,,93d3892b158c35eccfadc27c879754db69ea5293782492ee5d4ff01a33bff983
S2,W2-86535662474c3fdaf37c7097,BASE_TRAIN,0,0,LG-N1-fc6325e1f0dd3d4537c9e08b,14,0.0012389500318305026,uncalibrated_class1_probability,,93d3892b158c35eccfadc27c879754db69ea5293782492ee5d4ff01a33bff983
S2,W2-8698a69641cf06fbcc9cfa21,BASE_TRAIN,3,0,LG-N1-2ec97b16009f941cda7d76d1,15,8.175770939181802e-05,uncalibrated_class1_probability,,93d3892b158c35eccfadc27c879754db69ea5293782492ee5d4ff01a33bff983
S2,W2-8755f94ca3d06cbb3833b1cb,BASE_TRAIN,3,0,LG-N1-53bb0af40e12e2b946a741fb,14,0.00036736407091388524,uncalibrated_class1_probability,,93d3892b158c35eccfadc27c879754db69ea5293782492ee5d4ff01a33bff983
S2,W2-87cffe828477c1adfecca1b5,BASE_TRAIN,4,0,LG-N1-d396876b2648a64e9a125adb,6,0.002492128783418548,uncalibrated_class1_probability,,93d3892b158c35eccfadc27c879754db69ea5293782492ee5d4ff01a33bff983
S2,W2-87d85a4408f2b6411017789a,BASE_TRAIN,4,0,LG-N1-d6b575bce07c3b8548a83b2c,16,0.34169904397011297,uncalibrated_class1_probability,,93d3892b158c35eccfadc27c879754db69ea5293782492ee5d4ff01a33bff983
S2,W2-87d8cfaaae67aa88b7466995,BASE_TRAIN,1,0,LG-N1-91b5524d32e5d0c1e7994f1b,34,0.019360971617312702,uncalibrated_class1_probability,,93d3892b158c35eccfadc27c879754db69ea5293782492ee5d4ff01a33bff983
S2,W2-883ff0662bff7325a13bcdf5,BASE_TRAIN,1,0,LG-N1-318f903a83b4d30d1bea59e2,7,0.0010526757856029437,uncalibrated_class1_probability,,93d3892b158c35eccfadc27c879754db69ea5293782492ee5d4ff01a33bff983
S2,W2-8864a9e78d0d9e61e36e33d2,BASE_TRAIN,3,0,LG-N1-98232efe8cc05b748b5ab619,9,0.00021903147112441727,uncalibrated_class1_probability,,93d3892b158c35eccfadc27c879754db69ea5293782492ee5d4ff01a33bff983
S2,W2-886faf827950b5b3d105c00c,BASE_TRAIN,3,0,LG-N1-e2e687cb317f6630cc0c56c5,11,0.0004729375142865947,uncalibrated_class1_probability,,93d3892b158c35eccfadc27c879754db69ea5293782492ee5d4ff01a33bff983
S2,W2-88e46c8f6644b0c76184613c,BASE_TRAIN,3,0,LG-N1-32b0bc21410dedfd09047df5,11,0.058270754278624604,uncalibrated_class1_probability,,93d3892b158c35eccfadc27c879754db69ea5293782492ee5d4ff01a33bff983
S2,W2-894b02d1d4d2ee25e2863bed,BASE_TRAIN,3,0,LG-N1-c0ad4c9540530c1d08c65d71,4,0.0014998365109207636,uncalibrated_class1_probability,,93d3892b158c35eccfadc27c879754db69ea5293782492ee5d4ff01a33bff983
S2,W2-895c82b8380970b81ad5ffc3,BASE_TRAIN,0,1,LG-N1-99596017761772e56cacef66,24,0.8662900592783005,uncalibrated_class1_probability,,93d3892b158c35eccfadc27c879754db69ea5293782492ee5d4ff01a33bff983
S2,W2-8a12abb6e178de94d1551767,BASE_TRAIN,0,0,LG-N1-ea91201403dcce460920c4ba,18,0.4312166484932147,uncalibrated_class1_probability,,93d3892b158c35eccfadc27c879754db69ea5293782492ee5d4ff01a33bff983
S2,W2-8a24cb0d9415068853843da8,BASE_TRAIN,0,0,LG-N1-de6b960ac51ffc9b396c3adb,10,0.020956833696086228,uncalibrated_class1_probability,,93d3892b158c35eccfadc27c879754db69ea5293782492ee5d4ff01a33bff983
S2,W2-8a35b69acc2debff37ece053,BASE_TRAIN,3,0,LG-N1-0f55c452ef749123be742840,11,0.00014538302446048733,uncalibrated_class1_probability,,93d3892b158c35eccfadc27c879754db69ea5293782492ee5d4ff01a33bff983
S2,W2-8a4974297c48bddaadb82388,BASE_TRAIN,3,0,LG-N1-abfe1d837cbb0ecef181c152,42,0.05438922150320468,uncalibrated_class1_probability,,93d3892b158c35eccfadc27c879754db69ea5293782492ee5d4ff01a33bff983
S2,W2-8ac4965fddc0a84d8a6ecf55,BASE_TRAIN,4,1,LG-N1-3f92130ee2a708cb5465c5eb,70,0.8911335210820674,uncalibrated_class1_probability,,93d3892b158c35eccfadc27c879754db69ea5293782492ee5d4ff01a33bff983
S2,W2-8aeaefea5201777dfe01ba89,BASE_TRAIN,2,0,LG-N1-b7bbe5009e1b27fd72164611,9,0.002144166970934095,uncalibrated_class1_probability,,93d3892b158c35eccfadc27c879754db69ea5293782492ee5d4ff01a33bff983
S2,W2-8b200eac8130b41c96df6431,BASE_TRAIN,0,0,LG-N1-03a38854a142fc6b0a936437,15,0.06986341816869916,uncalibrated_class1_probability,,93d3892b158c35eccfadc27c879754db69ea5293782492ee5d4ff01a33bff983
S2,W2-8b214c1a01d55b0079640730,BASE_TRAIN,0,0,LG-N1-c0b192596b68bfe4220a2d3e,13,0.0010575926583090468,uncalibrated_class1_probability,,93d3892b158c35eccfadc27c879754db69ea5293782492ee5d4ff01a33bff983
S2,W2-8b8a643487e2d4f0767af622,BASE_TRAIN,4,0,LG-N1-8324763271df011a690ca0a9,10,0.0013465365022474912,uncalibrated_class1_probability,,93d3892b158c35eccfadc27c879754db69ea5293782492ee5d4ff01a33bff983
S2,W2-8b9ab632536c36a89b6c98db,BASE_TRAIN,1,0,LG-N1-12905855b7c42cfde76a9e18,9,0.0007595320473582226,uncalibrated_class1_probability,,93d3892b158c35eccfadc27c879754db69ea5293782492ee5d4ff01a33bff983
S2,W2-8ba08b7fae96ca2859b31bba,BASE_TRAIN,0,0,LG-N1-185e8c9b462a98974d41bc2e,14,0.10370859371571726,uncalibrated_class1_probability,,93d3892b158c35eccfadc27c879754db69ea5293782492ee5d4ff01a33bff983
S2,W2-8be5f1563dc4b1783229acdc,BASE_TRAIN,3,0,LG-N1-2620ade83f1e7934f885b18e,10,0.0002604130456667202,uncalibrated_class1_probability,,93d3892b158c35eccfadc27c879754db69ea5293782492ee5d4ff01a33bff983
S2,W2-8bf0f5f15250d45a2be5d50d,BASE_TRAIN,1,0,LG-N1-f740dcb1095ed5f88ea8a7f1,15,0.00026749575584763077,uncalibrated_class1_probability,,93d3892b158c35eccfadc27c879754db69ea5293782492ee5d4ff01a33bff983
S2,W2-8bf3417e9a01fc93b623985a,BASE_TRAIN,2,0,LG-N1-841e3177224f3d6f1ceabc00,10,0.0024032636652983204,uncalibrated_class1_probability,,93d3892b158c35eccfadc27c879754db69ea5293782492ee5d4ff01a33bff983
S2,W2-8c09d9de2c14db1d3f034c2c,BASE_TRAIN,4,0,LG-N1-12608dcf3a280382e775aea2,11,0.0017760135804915143,uncalibrated_class1_probability,,93d3892b158c35eccfadc27c879754db69ea5293782492ee5d4ff01a33bff983
S2,W2-8c3297cc9fe8757badeaae16,BASE_TRAIN,1,0,LG-N1-59ca3d77f0eb62c597071c49,11,0.000499683032113288,uncalibrated_class1_probability,,93d3892b158c35eccfadc27c879754db69ea5293782492ee5d4ff01a33bff983
S2,W2-8c59054fa4891b95d3f4f8df,BASE_TRAIN,2,0,LG-N1-94fbb2a7a2940b6f58998456,10,0.00021121251334315516,uncalibrated_class1_probability,,93d3892b158c35eccfadc27c879754db69ea5293782492ee5d4ff01a33bff983
S2,W2-8d785c8e86beca31cd070002,BASE_TRAIN,2,0,LG-N1-3382814614e4fd8efc5d0beb,5,0.000948793950629993,uncalibrated_class1_probability,,93d3892b158c35eccfadc27c879754db69ea5293782492ee5d4ff01a33bff983
S2,W2-8d7f31397b79a7c1c414844d,BASE_TRAIN,1,0,LG-N1-dec6e756070de2be1b2c360d,11,0.0014236235144007886,uncalibrated_class1_probability,,93d3892b158c35eccfadc27c879754db69ea5293782492ee5d4ff01a33bff983
S2,W2-8defcb6c400e42ffe4b0ab72,BASE_TRAIN,2,0,LG-N1-2cdc1d43624615d3cc10ad23,11,0.001175571153227618,uncalibrated_class1_probability,,93d3892b158c35eccfadc27c879754db69ea5293782492ee5d4ff01a33bff983
S2,W2-8e247b85d94c7374bea1dae2,BASE_TRAIN,3,0,LG-N1-ee90f23b0e97235cc6509017,13,0.08900033597923283,uncalibrated_class1_probability,,93d3892b158c35eccfadc27c879754db69ea5293782492ee5d4ff01a33bff983
S2,W2-8ef00ca222daa8700d8b9fc4,BASE_TRAIN,1,0,LG-N1-a1bd6bad18b23182413f6bea,22,0.1603585853319674,uncalibrated_class1_probability,,93d3892b158c35eccfadc27c879754db69ea5293782492ee5d4ff01a33bff983
S2,W2-8fab5f9a38c70a5379cd0166,BASE_TRAIN,3,0,LG-N1-dc0e2a9d32cb745c30f042a7,14,0.016560424107382513,uncalibrated_class1_probability,,93d3892b158c35eccfadc27c879754db69ea5293782492ee5d4ff01a33bff983
S2,W2-8ffdf9007b8e6d525982d64d,BASE_TRAIN,4,0,LG-N1-9eac68e26ba3edb55f13974f,18,0.0007789708432106328,uncalibrated_class1_probability,,93d3892b158c35eccfadc27c879754db69ea5293782492ee5d4ff01a33bff983
S2,W2-90280c0ab83de81ccb830db8,BASE_TRAIN,4,0,LG-N1-da281d667f2afe721750e336,12,0.03429666745607511,uncalibrated_class1_probability,,93d3892b158c35eccfadc27c879754db69ea5293782492ee5d4ff01a33bff983
S2,W2-903a3da4d6317e3374091f14,BASE_TRAIN,2,0,LG-N1-2b67b501f2c9621c49a08dd5,42,0.9974072626909456,uncalibrated_class1_probability,,93d3892b158c35eccfadc27c879754db69ea5293782492ee5d4ff01a33bff983
S2,W2-9045bab4c3ab22401aacf96b,BASE_TRAIN,4,0,LG-N1-76c4be6495976387e5f3a102,11,0.005976268443458195,uncalibrated_class1_probability,,93d3892b158c35eccfadc27c879754db69ea5293782492ee5d4ff01a33bff983
S2,W2-909231f79ba98693948ece20,BASE_TRAIN,0,0,LG-N1-e38686780189b56465b8d79f,10,0.019930755290787666,uncalibrated_class1_probability,,93d3892b158c35eccfadc27c879754db69ea5293782492ee5d4ff01a33bff983
S2,W2-90bf7697ce8f4959afd0c562,BASE_TRAIN,1,0,LG-N1-28a5997211c9a4b88173385b,7,0.001435473643824115,uncalibrated_class1_probability,,93d3892b158c35eccfadc27c879754db69ea5293782492ee5d4ff01a33bff983
S2,W2-910ea0343a3d9efb3502c513,BASE_TRAIN,2,0,LG-N1-3cd0e5556822b7add035b87d,32,0.02688899635682867,uncalibrated_class1_probability,,93d3892b158c35eccfadc27c879754db69ea5293782492ee5d4ff01a33bff983
S2,W2-91109a2780ecb17031dacd91,BASE_TRAIN,0,0,LG-N1-77a6576469c019977ab60612,16,0.009737616410667865,uncalibrated_class1_probability,,93d3892b158c35eccfadc27c879754db69ea5293782492ee5d4ff01a33bff983
S2,W2-91e5df98467f4d1fa5e3e807,BASE_TRAIN,1,0,LG-N1-d4d9da6c54896b0a705fcfef,7,0.011945748497241941,uncalibrated_class1_probability,,93d3892b158c35eccfadc27c879754db69ea5293782492ee5d4ff01a33bff983
S2,W2-922d0f4b8c8a164e1393a219,BASE_TRAIN,1,0,LG-N1-293b3c8b69163706851a5563,7,0.00293965993565339,uncalibrated_class1_probability,,93d3892b158c35eccfadc27c879754db69ea5293782492ee5d4ff01a33bff983
S2,W2-9246b3c1a013d78e4ca179d4,BASE_TRAIN,1,0,LG-N1-fb5b890c4661eb0f9125d13f,7,0.00038746119301723834,uncalibrated_class1_probability,,93d3892b158c35eccfadc27c879754db69ea5293782492ee5d4ff01a33bff983
S2,W2-927a8903ba3cb39c2af47134,BASE_TRAIN,3,0,LG-N1-c73408ca4af64360f29aca87,11,0.0003898226268573326,uncalibrated_class1_probability,,93d3892b158c35eccfadc27c879754db69ea5293782492ee5d4ff01a33bff983
S2,W2-9317495a09482f983cc999b9,BASE_TRAIN,1,0,LG-N1-75f88c58e19ff6a88bad22de,12,0.0029603039725546823,uncalibrated_class1_probability,,93d3892b158c35eccfadc27c879754db69ea5293782492ee5d4ff01a33bff983
S2,W2-93301194fcc37e8f2ace062f,BASE_TRAIN,0,0,LG-N1-544f05531b77507c18b5bf58,11,0.0009890970327218083,uncalibrated_class1_probability,,93d3892b158c35eccfadc27c879754db69ea5293782492ee5d4ff01a33bff983
S2,W2-9397e95fa987e0e54e54d148,BASE_TRAIN,4,0,LG-N1-1cccdb9e926e108fe9cf98c4,23,0.006635542142621223,uncalibrated_class1_probability,,93d3892b158c35eccfadc27c879754db69ea5293782492ee5d4ff01a33bff983
S2,W2-93bb63ce9e18f2514a1776ef,BASE_TRAIN,2,0,LG-N1-abc382c5593a8104a54082c8,7,0.002587793842664143,uncalibrated_class1_probability,,93d3892b158c35eccfadc27c879754db69ea5293782492ee5d4ff01a33bff983
S2,W2-93c12b6ae7fd453237798e9f,BASE_TRAIN,2,0,LG-N1-cf52c49f35463bbd60b9ade3,11,0.0348593222056239,uncalibrated_class1_probability,,93d3892b158c35eccfadc27c879754db69ea5293782492ee5d4ff01a33bff983
S2,W2-93c8320039ec255ab2c7a1db,BASE_TRAIN,3,0,LG-N1-226ee9d7ca4112ed5a49f940,17,0.01007746591769798,uncalibrated_class1_probability,,93d3892b158c35eccfadc27c879754db69ea5293782492ee5d4ff01a33bff983
S2,W2-93d5b9fc4018dd0e875a1e2b,BASE_TRAIN,1,0,LG-N1-c30326502b372fabb18e20b9,13,0.15066642389139964,uncalibrated_class1_probability,,93d3892b158c35eccfadc27c879754db69ea5293782492ee5d4ff01a33bff983
S2,W2-93f4eb6c0936fb76df98631a,BASE_TRAIN,2,0,LG-N1-3b2ea2d5fe0ca0544fbbc1fb,11,0.0004289043940931398,uncalibrated_class1_probability,,93d3892b158c35eccfadc27c879754db69ea5293782492ee5d4ff01a33bff983
S2,W2-944470194dfa1cb37831c38f,BASE_TRAIN,1,0,LG-N1-b881ff72cb71de2d0a252753,17,0.00017144342177836366,uncalibrated_class1_probability,,93d3892b158c35eccfadc27c879754db69ea5293782492ee5d4ff01a33bff983
S2,W2-947be3e84af9dcb6174b2b41,BASE_TRAIN,4,0,LG-N1-e563d8dce047e5b48ed97dfd,11,0.005550565498986263,uncalibrated_class1_probability,,93d3892b158c35eccfadc27c879754db69ea5293782492ee5d4ff01a33bff983
S2,W2-9480ec256197b44fdb5f1474,BASE_TRAIN,2,0,LG-N1-9e0141bd22c07b4b98281a8d,9,0.45105270399753294,uncalibrated_class1_probability,,93d3892b158c35eccfadc27c879754db69ea5293782492ee5d4ff01a33bff983
S2,W2-94cf156727171bc6bb550888,BASE_TRAIN,2,0,LG-N1-8f6fc4f62368271bf6bc1eda,8,0.0002953890012581005,uncalibrated_class1_probability,,93d3892b158c35eccfadc27c879754db69ea5293782492ee5d4ff01a33bff983
S2,W2-9572e34c7ec6f3af9501ac0f,BASE_TRAIN,3,1,LG-N1-8c3ecb63afe94736561deab6,4,0.03918110734948529,uncalibrated_class1_probability,,93d3892b158c35eccfadc27c879754db69ea5293782492ee5d4ff01a33bff983
S2,W2-95a1e3a497aca38d7b322ec7,BASE_TRAIN,4,0,LG-N1-71b4919ec8621c136ab5b7b2,6,0.001131008864771754,uncalibrated_class1_probability,,93d3892b158c35eccfadc27c879754db69ea5293782492ee5d4ff01a33bff983
S2,W2-95dc1e2598812e324351e3da,BASE_TRAIN,0,0,LG-N1-5af46f68ac989f64dfe65250,26,0.9677145963927537,uncalibrated_class1_probability,,93d3892b158c35eccfadc27c879754db69ea5293782492ee5d4ff01a33bff983
S2,W2-95e0795840506cd7cdcefc3e,BASE_TRAIN,1,0,LG-N1-1e2d117e12565f42acf03609,13,0.0006934439873300801,uncalibrated_class1_probability,,93d3892b158c35eccfadc27c879754db69ea5293782492ee5d4ff01a33bff983
S2,W2-95e82f4179e4bfdfcacb8930,BASE_TRAIN,0,0,LG-N1-a7cd63d23ec43f5f19b2499d,11,0.04508842662388444,uncalibrated_class1_probability,,93d3892b158c35eccfadc27c879754db69ea5293782492ee5d4ff01a33bff983
S2,W2-96d27ad4866ea3672f539658,BASE_TRAIN,0,0,LG-N1-8cad5c74b42e6158b114fe98,12,0.004181747419824515,uncalibrated_class1_probability,,93d3892b158c35eccfadc27c879754db69ea5293782492ee5d4ff01a33bff983
S2,W2-96fe665a48729ae452a91db7,BASE_TRAIN,1,0,LG-N1-1ef44176cba0f90dc5d32a73,8,0.0002465029981781721,uncalibrated_class1_probability,,93d3892b158c35eccfadc27c879754db69ea5293782492ee5d4ff01a33bff983
S2,W2-97092b9773a39edbda469b2b,BASE_TRAIN,0,0,LG-N1-ea28cd0db07dd743b7822f13,5,0.0015094696645922543,uncalibrated_class1_probability,,93d3892b158c35eccfadc27c879754db69ea5293782492ee5d4ff01a33bff983
S2,W2-971af3299ffc07484a6834b8,BASE_TRAIN,2,1,LG-N1-58881d45127d6827ab8b4d6b,201,0.9984669452851525,uncalibrated_class1_probability,,93d3892b158c35eccfadc27c879754db69ea5293782492ee5d4ff01a33bff983
S2,W2-9742b6e87d761a4e8cb8d3f8,BASE_TRAIN,0,0,LG-N1-8062c9092b9459754def0799,16,0.00925203168487135,uncalibrated_class1_probability,,93d3892b158c35eccfadc27c879754db69ea5293782492ee5d4ff01a33bff983
S2,W2-9751d3ced1de667aa0a2ec5b,BASE_TRAIN,0,0,LG-N1-413c5c2533a416107217483a,15,0.0015167548771454625,uncalibrated_class1_probability,,93d3892b158c35eccfadc27c879754db69ea5293782492ee5d4ff01a33bff983
S2,W2-9817778dd859e4b5b0214a35,BASE_TRAIN,3,0,LG-N1-94f143d5e4bae6c934589f28,15,0.01931961687672216,uncalibrated_class1_probability,,93d3892b158c35eccfadc27c879754db69ea5293782492ee5d4ff01a33bff983
S2,W2-9917d032a2c85643dbc236d1,BASE_TRAIN,4,0,LG-N1-75bbdd26453f96a09d6bb1bb,9,0.0007930777794630419,uncalibrated_class1_probability,,93d3892b158c35eccfadc27c879754db69ea5293782492ee5d4ff01a33bff983
S2,W2-9948e8cd61ef1159ff780e82,BASE_TRAIN,1,0,LG-N1-dcc13b6deab9fecacf806d40,7,0.004016988456323069,uncalibrated_class1_probability,,93d3892b158c35eccfadc27c879754db69ea5293782492ee5d4ff01a33bff983
S2,W2-99738a425512f31603ed90e2,BASE_TRAIN,4,0,LG-N1-12d6d10f12a5e0f5c9fee2a3,12,0.002784657397413581,uncalibrated_class1_probability,,93d3892b158c35eccfadc27c879754db69ea5293782492ee5d4ff01a33bff983
S2,W2-9982a1bd2677a82d6817776b,BASE_TRAIN,1,0,LG-N1-cc59f14ab3584167800e1c42,12,0.00796334662278192,uncalibrated_class1_probability,,93d3892b158c35eccfadc27c879754db69ea5293782492ee5d4ff01a33bff983
S2,W2-99c5b006d5425c1a500d78bf,BASE_TRAIN,2,0,LG-N1-e7a9be6adf91cd1eee548bda,7,0.00023473793084031292,uncalibrated_class1_probability,,93d3892b158c35eccfadc27c879754db69ea5293782492ee5d4ff01a33bff983
S2,W2-9a2b862e641a149ef645eb5f,BASE_TRAIN,2,0,LG-N1-4d51c4d41c9c43a8cce75955,15,0.0009312742292475795,uncalibrated_class1_probability,,93d3892b158c35eccfadc27c879754db69ea5293782492ee5d4ff01a33bff983
S2,W2-9a9708b097a77187743c0b8c,BASE_TRAIN,4,0,LG-N1-2ecbd8c18d4b593c71cee6c5,11,0.0012492948769734931,uncalibrated_class1_probability,,93d3892b158c35eccfadc27c879754db69ea5293782492ee5d4ff01a33bff983
S2,W2-9b3644327fd7b8a30bd2a49f,BASE_TRAIN,1,1,LG-N1-cc5e743b9203416ec7707f51,140,0.185019513958382,uncalibrated_class1_probability,,93d3892b158c35eccfadc27c879754db69ea5293782492ee5d4ff01a33bff983
S2,W2-9b41235b4a69e6f23617fdff,BASE_TRAIN,4,0,LG-N1-b3728f30afa234897f17d65b,25,0.0174749117925316,uncalibrated_class1_probability,,93d3892b158c35eccfadc27c879754db69ea5293782492ee5d4ff01a33bff983
S2,W2-9b6da259ce0e103d6f645bdb,BASE_TRAIN,1,1,LG-N1-fec8435f9840b568962c3026,41,0.9992586368330812,uncalibrated_class1_probability,,93d3892b158c35eccfadc27c879754db69ea5293782492ee5d4ff01a33bff983
S2,W2-9b6e3740582f696a4f01863d,BASE_TRAIN,3,0,LG-N1-8e651df4d1179e77be6ee64b,8,0.0003650179734682722,uncalibrated_class1_probability,,93d3892b158c35eccfadc27c879754db69ea5293782492ee5d4ff01a33bff983
S2,W2-9ba1e2555e2cc93bf0e2be37,BASE_TRAIN,1,1,LG-N1-7bab08b6ac4d114c47466da9,42,0.9995299018091373,uncalibrated_class1_probability,,93d3892b158c35eccfadc27c879754db69ea5293782492ee5d4ff01a33bff983
S2,W2-9babdf2cd73263f074801a43,BASE_TRAIN,2,0,LG-N1-c8aa67cd4fc8571679acb732,9,0.0029586345825292583,uncalibrated_class1_probability,,93d3892b158c35eccfadc27c879754db69ea5293782492ee5d4ff01a33bff983
S2,W2-9bc36b09a189238981ec183f,BASE_TRAIN,1,1,LG-N1-8d9d98aa3f246bac9ff24ed0,38,0.9318016226978019,uncalibrated_class1_probability,,93d3892b158c35eccfadc27c879754db69ea5293782492ee5d4ff01a33bff983
S2,W2-9bf8843ec503c4f13292eb50,BASE_TRAIN,2,0,LG-N1-30cc3419b49f07ba75abc92d,10,0.0005498777387626613,uncalibrated_class1_probability,,93d3892b158c35eccfadc27c879754db69ea5293782492ee5d4ff01a33bff983
S2,W2-9c1e2c91c49d18f77c8f9172,BASE_TRAIN,3,0,LG-N1-f864919f77fd801877f485d8,11,0.0018494718225194704,uncalibrated_class1_probability,,93d3892b158c35eccfadc27c879754db69ea5293782492ee5d4ff01a33bff983
S2,W2-9c2a9229f3d9c4cefd8ce5fb,BASE_TRAIN,1,0,LG-N1-66a1446ff990d6c7c2a9168d,15,0.0010068741756684928,uncalibrated_class1_probability,,93d3892b158c35eccfadc27c879754db69ea5293782492ee5d4ff01a33bff983
S2,W2-9c8a4f0c865b6500cf967ade,BASE_TRAIN,1,0,LG-N1-86b0f9cb7a6ab46302ebfe2c,27,0.004087873108144367,uncalibrated_class1_probability,,93d3892b158c35eccfadc27c879754db69ea5293782492ee5d4ff01a33bff983
S2,W2-9ce5bb3ee31181f7d3d362e1,BASE_TRAIN,4,0,LG-N1-1b5baf505cfd33f873b3adfc,11,0.009192615965331734,uncalibrated_class1_probability,,93d3892b158c35eccfadc27c879754db69ea5293782492ee5d4ff01a33bff983
S2,W2-9d07dd5c37d6edbe13bcfa4f,BASE_TRAIN,0,0,LG-N1-1212c5fa16ed38867067955d,14,0.006060708505653425,uncalibrated_class1_probability,,93d3892b158c35eccfadc27c879754db69ea5293782492ee5d4ff01a33bff983
S2,W2-9d638ebc81db23a68b1d705c,BASE_TRAIN,1,0,LG-N1-e875eb0f5fda1bd34c677575,10,0.04033812584218988,uncalibrated_class1_probability,,93d3892b158c35eccfadc27c879754db69ea5293782492ee5d4ff01a33bff983
S2,W2-9d72c86a8b08c02a0ab81e06,BASE_TRAIN,2,0,LG-N1-5197d93ffbefc01bdf92dda1,10,0.0007929566537477853,uncalibrated_class1_probability,,93d3892b158c35eccfadc27c879754db69ea5293782492ee5d4ff01a33bff983
S2,W2-9ddf412e1f8f93718176e0c6,BASE_TRAIN,3,0,LG-N1-958a10b2ea57972893aa11e8,16,0.00010079470207843812,uncalibrated_class1_probability,,93d3892b158c35eccfadc27c879754db69ea5293782492ee5d4ff01a33bff983
S2,W2-9e28ea6e08e075e12784b9a1,BASE_TRAIN,4,0,LG-N1-e1f206a7dbaa222c5202be58,9,6.863900254149053e-05,uncalibrated_class1_probability,,93d3892b158c35eccfadc27c879754db69ea5293782492ee5d4ff01a33bff983
S2,W2-9e50f94bc4ada9fb0739f019,BASE_TRAIN,1,0,LG-N1-4e316b4c156a4091f791a0b4,13,0.002519999786769147,uncalibrated_class1_probability,,93d3892b158c35eccfadc27c879754db69ea5293782492ee5d4ff01a33bff983
S2,W2-9e82cf1a389f00e32a7e88af,BASE_TRAIN,3,0,LG-N1-fa11c112fe0f1383f9f08f03,9,0.001978197125764353,uncalibrated_class1_probability,,93d3892b158c35eccfadc27c879754db69ea5293782492ee5d4ff01a33bff983
S2,W2-9eae7889e8ed9bdc57833265,BASE_TRAIN,4,0,LG-N1-ee3691b74b7c7f6befae3c2d,6,0.019237041493581512,uncalibrated_class1_probability,,93d3892b158c35eccfadc27c879754db69ea5293782492ee5d4ff01a33bff983
S2,W2-9ecff1d86fb218d75135fc0d,BASE_TRAIN,2,0,LG-N1-41bd5b1831cca6b2d9cf3722,19,0.0004891797513221135,uncalibrated_class1_probability,,93d3892b158c35eccfadc27c879754db69ea5293782492ee5d4ff01a33bff983
S2,W2-9f9ca29144ae5755a5c56c9b,BASE_TRAIN,0,1,LG-N1-8685a676c88ba00c561de7d9,49,0.7185477972476133,uncalibrated_class1_probability,,93d3892b158c35eccfadc27c879754db69ea5293782492ee5d4ff01a33bff983
S2,W2-9fa030c003d5716ffe9b627e,BASE_TRAIN,4,1,LG-N1-7b6badff5b20c9ef8c49ce3d,36,0.7016912870548355,uncalibrated_class1_probability,,93d3892b158c35eccfadc27c879754db69ea5293782492ee5d4ff01a33bff983
S2,W2-9fc4aa7991858832c7f96bb6,BASE_TRAIN,4,0,LG-N1-102369e5d16299fdd940ae15,85,0.07590462083982992,uncalibrated_class1_probability,,93d3892b158c35eccfadc27c879754db69ea5293782492ee5d4ff01a33bff983
S2,W2-a01353d6cb093876fddec014,BASE_TRAIN,1,1,LG-N1-bb99dac9524015a92d684db2,82,0.00966527860758944,uncalibrated_class1_probability,,93d3892b158c35eccfadc27c879754db69ea5293782492ee5d4ff01a33bff983
S2,W2-a01ce2ac5da53fc8ed32d5dc,BASE_TRAIN,3,1,LG-N1-92ee9b0bbfeff7c63358e687,53,0.7726587737307108,uncalibrated_class1_probability,,93d3892b158c35eccfadc27c879754db69ea5293782492ee5d4ff01a33bff983
S2,W2-a02db66bb440648d8ce0767b,BASE_TRAIN,1,0,LG-N1-7835f6fd309f5bd62cd90d3f,9,0.0005097746159370685,uncalibrated_class1_probability,,93d3892b158c35eccfadc27c879754db69ea5293782492ee5d4ff01a33bff983
S2,W2-a03c09febd60ecbb79721270,BASE_TRAIN,1,0,LG-N1-9dd0817a32f7cf7f7d333708,10,9.32817800303716e-05,uncalibrated_class1_probability,,93d3892b158c35eccfadc27c879754db69ea5293782492ee5d4ff01a33bff983
S2,W2-a05fff9a5603774beda0224e,BASE_TRAIN,2,0,LG-N1-5f8c6f93de3e07ab2ef903bf,9,0.0005339625408263166,uncalibrated_class1_probability,,93d3892b158c35eccfadc27c879754db69ea5293782492ee5d4ff01a33bff983
S2,W2-a080b7295da7ab3866be79ee,BASE_TRAIN,0,1,LG-N1-ddf4d7cb1802667ace4a28d7,24,0.9993682329187067,uncalibrated_class1_probability,,93d3892b158c35eccfadc27c879754db69ea5293782492ee5d4ff01a33bff983
S2,W2-a111273a37987006359659fa,BASE_TRAIN,0,1,LG-N1-852dc566e08ee5109ebbb69b,17,0.6254831925965474,uncalibrated_class1_probability,,93d3892b158c35eccfadc27c879754db69ea5293782492ee5d4ff01a33bff983
S2,W2-a124581d1d95d623d69335c0,BASE_TRAIN,4,0,LG-N1-6b282d132bcf3da93315f143,10,0.001738992881051806,uncalibrated_class1_probability,,93d3892b158c35eccfadc27c879754db69ea5293782492ee5d4ff01a33bff983
S2,W2-a1407449855cca7ccaf9989a,BASE_TRAIN,2,0,LG-N1-8240a62893c0fe1bee152939,16,0.04877743574123363,uncalibrated_class1_probability,,93d3892b158c35eccfadc27c879754db69ea5293782492ee5d4ff01a33bff983
S2,W2-a147f7aa150454d67c5d8227,BASE_TRAIN,1,0,LG-N1-5954cbc01fa2d47452eaf389,12,0.0011061258335397606,uncalibrated_class1_probability,,93d3892b158c35eccfadc27c879754db69ea5293782492ee5d4ff01a33bff983
S2,W2-a154346eb2a5ecad6f5f59e7,BASE_TRAIN,0,1,LG-N1-0f834fcf12d191f966a791e2,58,0.9978088883420407,uncalibrated_class1_probability,,93d3892b158c35eccfadc27c879754db69ea5293782492ee5d4ff01a33bff983
S2,W2-a1cdc55c308a04981a9560c5,BASE_TRAIN,0,0,LG-N1-0174e78c876f209861139287,7,0.0003706159027972262,uncalibrated_class1_probability,,93d3892b158c35eccfadc27c879754db69ea5293782492ee5d4ff01a33bff983
S2,W2-a1eacc8f8d7ffa05ccf82eb0,BASE_TRAIN,3,0,LG-N1-a3a2c6ce0c5cb01acf8308ec,28,0.00026657477680170954,uncalibrated_class1_probability,,93d3892b158c35eccfadc27c879754db69ea5293782492ee5d4ff01a33bff983
S2,W2-a21ffb3ea96a04e5f0bc6a42,BASE_TRAIN,2,0,LG-N1-7d19f0467326010a1a33cdd5,13,0.00044595295219033776,uncalibrated_class1_probability,,93d3892b158c35eccfadc27c879754db69ea5293782492ee5d4ff01a33bff983
S2,W2-a240634c7683b25decc637da,BASE_TRAIN,1,0,LG-N1-97077229b2f551ac0b20991b,7,0.0002792757311691839,uncalibrated_class1_probability,,93d3892b158c35eccfadc27c879754db69ea5293782492ee5d4ff01a33bff983
S2,W2-a246bd2ddcace5ebc2910cec,BASE_TRAIN,1,0,LG-N1-e573a9ef8633fa363229402a,36,0.01984836880747439,uncalibrated_class1_probability,,93d3892b158c35eccfadc27c879754db69ea5293782492ee5d4ff01a33bff983
S2,W2-a29c9b158cf8ac68a0ad8958,BASE_TRAIN,2,0,LG-N1-29b886b99c7c43213fab2956,9,0.00495556498728179,uncalibrated_class1_probability,,93d3892b158c35eccfadc27c879754db69ea5293782492ee5d4ff01a33bff983
S2,W2-a2a920e789f154fbbb675ace,BASE_TRAIN,0,0,LG-N1-08d590f913d638d0c224dba8,13,0.01006906560887141,uncalibrated_class1_probability,,93d3892b158c35eccfadc27c879754db69ea5293782492ee5d4ff01a33bff983
S2,W2-a2cc5e418f6c87c0c183739e,BASE_TRAIN,4,0,LG-N1-b5b300c47248afd0fe6d7520,11,4.2187160421926625e-05,uncalibrated_class1_probability,,93d3892b158c35eccfadc27c879754db69ea5293782492ee5d4ff01a33bff983
S2,W2-a2ebed4ac325e5edd6c12915,BASE_TRAIN,1,0,LG-N1-9f1ddf360fc0d94ecade7169,14,0.7512125019161456,uncalibrated_class1_probability,,93d3892b158c35eccfadc27c879754db69ea5293782492ee5d4ff01a33bff983
S2,W2-a3067752ad31d5cee8602357,BASE_TRAIN,1,0,LG-N1-3bad3052a9fb4c9128339d7c,17,0.09571656049547747,uncalibrated_class1_probability,,93d3892b158c35eccfadc27c879754db69ea5293782492ee5d4ff01a33bff983
S2,W2-a34a6d9aafadeb81da9d42c1,BASE_TRAIN,4,1,LG-N1-dd1a6a720d511c8b3db57e05,156,0.9937956877864014,uncalibrated_class1_probability,,93d3892b158c35eccfadc27c879754db69ea5293782492ee5d4ff01a33bff983
S2,W2-a356ec8a16cacf7c213cde2b,BASE_TRAIN,1,0,LG-N1-ee88188c1865d34a20e38502,8,0.00013790952160224422,uncalibrated_class1_probability,,93d3892b158c35eccfadc27c879754db69ea5293782492ee5d4ff01a33bff983
S2,W2-a383492e0263564a0648137b,BASE_TRAIN,1,0,LG-N1-fcb71c260a73dc0dbf3a3071,11,0.02299825581125604,uncalibrated_class1_probability,,93d3892b158c35eccfadc27c879754db69ea5293782492ee5d4ff01a33bff983
S2,W2-a38cd0af4c9d3d3f82fea7d0,BASE_TRAIN,0,0,LG-N1-d6f73933c24cf019b0f51eae,20,0.013140897727729967,uncalibrated_class1_probability,,93d3892b158c35eccfadc27c879754db69ea5293782492ee5d4ff01a33bff983
S2,W2-a3c0b715fcccccb212f4059c,BASE_TRAIN,3,0,LG-N1-394294934433f862ee3cb94d,6,0.00045329276163097714,uncalibrated_class1_probability,,93d3892b158c35eccfadc27c879754db69ea5293782492ee5d4ff01a33bff983
S2,W2-a43969a4d6ca21e8486fca71,BASE_TRAIN,4,0,LG-N1-81deed645b4428001c8cbe4b,10,0.02221167406323892,uncalibrated_class1_probability,,93d3892b158c35eccfadc27c879754db69ea5293782492ee5d4ff01a33bff983
S2,W2-a47625a4deeacdfb7ad7133e,BASE_TRAIN,0,1,LG-N1-a27b0be1fd66be46b759c10c,78,0.7770166919731543,uncalibrated_class1_probability,,93d3892b158c35eccfadc27c879754db69ea5293782492ee5d4ff01a33bff983
S2,W2-a4ca56c9c636a0fc168cea80,BASE_TRAIN,2,1,LG-N1-524c559690f16214246023ca,23,0.0012364379128574966,uncalibrated_class1_probability,,93d3892b158c35eccfadc27c879754db69ea5293782492ee5d4ff01a33bff983
S2,W2-a5a155b0d3a9577c350c52ef,BASE_TRAIN,4,0,LG-N1-a0c00978ad79c0553aa3c119,12,0.0012386427508986283,uncalibrated_class1_probability,,93d3892b158c35eccfadc27c879754db69ea5293782492ee5d4ff01a33bff983
S2,W2-a5dc73972b78b947627de5ad,BASE_TRAIN,4,0,LG-N1-4747560cbd39521a5d78199b,46,0.7544495740396362,uncalibrated_class1_probability,,93d3892b158c35eccfadc27c879754db69ea5293782492ee5d4ff01a33bff983
S2,W2-a623ca6e4afa7fc1d952f73b,BASE_TRAIN,3,0,LG-N1-ecde4b20be5751adb399191e,16,0.038423822520191914,uncalibrated_class1_probability,,93d3892b158c35eccfadc27c879754db69ea5293782492ee5d4ff01a33bff983
S2,W2-a651369b9a274abfab8d580b,BASE_TRAIN,1,1,LG-N1-ad05e4c7e9142a06221e6dae,37,0.0477101708903099,uncalibrated_class1_probability,,93d3892b158c35eccfadc27c879754db69ea5293782492ee5d4ff01a33bff983
S2,W2-a6528680f2232870102f571d,BASE_TRAIN,1,0,LG-N1-5fa2b8cee75c3e0cb915724d,8,0.1555456860264291,uncalibrated_class1_probability,,93d3892b158c35eccfadc27c879754db69ea5293782492ee5d4ff01a33bff983
S2,W2-a6681550135bdd291e720bf7,BASE_TRAIN,1,0,LG-N1-8e43dc4c3fbe169c615ddf77,15,0.004591440631245754,uncalibrated_class1_probability,,93d3892b158c35eccfadc27c879754db69ea5293782492ee5d4ff01a33bff983
S2,W2-a6ba2133cf93bfb24ebb019a,BASE_TRAIN,2,0,LG-N1-cb510e3544758af1092c0b6d,10,0.0007468291885752335,uncalibrated_class1_probability,,93d3892b158c35eccfadc27c879754db69ea5293782492ee5d4ff01a33bff983
S2,W2-a7201edd2774e8e1daba7fb1,BASE_TRAIN,1,0,LG-N1-092936c34a737af0cae7d64b,11,0.0004695814434268728,uncalibrated_class1_probability,,93d3892b158c35eccfadc27c879754db69ea5293782492ee5d4ff01a33bff983
S2,W2-a725c66c0d24873925dfbbde,BASE_TRAIN,0,1,LG-N1-acbd74e053a12129f55a5c2a,63,0.9996290408316288,uncalibrated_class1_probability,,93d3892b158c35eccfadc27c879754db69ea5293782492ee5d4ff01a33bff983
S2,W2-a7c37e543ddd4eff651cd8f7,BASE_TRAIN,3,0,LG-N1-66177275d1cf43d4ae767575,7,0.00015942967458467677,uncalibrated_class1_probability,,93d3892b158c35eccfadc27c879754db69ea5293782492ee5d4ff01a33bff983
S2,W2-a7db2354234e482f4863cd4f,BASE_TRAIN,1,0,LG-N1-9d93c10ce2f8893752fb59eb,11,0.00017618995243306968,uncalibrated_class1_probability,,93d3892b158c35eccfadc27c879754db69ea5293782492ee5d4ff01a33bff983
S2,W2-a8321fc43e35ade2b075602d,BASE_TRAIN,3,0,LG-N1-16a682fa61dadfc3355857bb,10,0.00033661330379227675,uncalibrated_class1_probability,,93d3892b158c35eccfadc27c879754db69ea5293782492ee5d4ff01a33bff983
S2,W2-a84bc488e39600e17c70208f,BASE_TRAIN,1,0,LG-N1-4c8f5753d6816b6263dce8f1,16,0.9029917689559742,uncalibrated_class1_probability,,93d3892b158c35eccfadc27c879754db69ea5293782492ee5d4ff01a33bff983
S2,W2-a85985696d245fbaa19dca4d,BASE_TRAIN,2,0,LG-N1-07673d436fe72a9e8f187559,4,0.0008345363853221146,uncalibrated_class1_probability,,93d3892b158c35eccfadc27c879754db69ea5293782492ee5d4ff01a33bff983
S2,W2-a860e1e34b2a39ee88b9a9aa,BASE_TRAIN,0,0,LG-N1-48be522aaafbf763d9d5e47b,98,0.970223841713743,uncalibrated_class1_probability,,93d3892b158c35eccfadc27c879754db69ea5293782492ee5d4ff01a33bff983
S2,W2-a952bcc4143706b843754d16,BASE_TRAIN,4,0,LG-N1-57db2ba0479a4bdcd301573b,12,2.5949554057246644e-05,uncalibrated_class1_probability,,93d3892b158c35eccfadc27c879754db69ea5293782492ee5d4ff01a33bff983
S2,W2-a9c4c0fa920e958309b3e1f4,BASE_TRAIN,4,1,LG-N1-86895cb2c309b74c5bded007,14,0.008342388196444523,uncalibrated_class1_probability,,93d3892b158c35eccfadc27c879754db69ea5293782492ee5d4ff01a33bff983
S2,W2-a9de7525e802b39da85d7295,BASE_TRAIN,2,0,LG-N1-96dfc3d712d522c932f39e02,22,0.20082855430131683,uncalibrated_class1_probability,,93d3892b158c35eccfadc27c879754db69ea5293782492ee5d4ff01a33bff983
S2,W2-a9f376ca74b303aa03a430c1,BASE_TRAIN,1,0,LG-N1-92ab8ffe6b0b80e0e763a815,11,0.004841053755524556,uncalibrated_class1_probability,,93d3892b158c35eccfadc27c879754db69ea5293782492ee5d4ff01a33bff983
S2,W2-aa5bbaef210095495b970f11,BASE_TRAIN,4,0,LG-N1-23136a334ad838a9286ec55f,5,0.00017782355597115556,uncalibrated_class1_probability,,93d3892b158c35eccfadc27c879754db69ea5293782492ee5d4ff01a33bff983
S2,W2-aa9b792c544b07f4762a2292,BASE_TRAIN,0,0,LG-N1-509659c039030edcd69491a9,14,0.0008819440439296936,uncalibrated_class1_probability,,93d3892b158c35eccfadc27c879754db69ea5293782492ee5d4ff01a33bff983
S2,W2-aac2fdc41b50b65895bb2328,BASE_TRAIN,4,0,LG-N1-74a6993ebb0c560ecfa379ef,5,0.0007816511141552566,uncalibrated_class1_probability,,93d3892b158c35eccfadc27c879754db69ea5293782492ee5d4ff01a33bff983
S2,W2-aac5251716c6bdfe7b25b1d3,BASE_TRAIN,3,0,LG-N1-d954eca60fd6fd02534bdcff,7,0.000758507210686524,uncalibrated_class1_probability,,93d3892b158c35eccfadc27c879754db69ea5293782492ee5d4ff01a33bff983
S2,W2-ab2a572283f51bf60cc4e457,BASE_TRAIN,4,0,LG-N1-aeb2aa05d63dec5cb432a03d,15,0.0018396036343601542,uncalibrated_class1_probability,,93d3892b158c35eccfadc27c879754db69ea5293782492ee5d4ff01a33bff983
S2,W2-ab98d5f799883a8365c8065b,BASE_TRAIN,2,0,LG-N1-a80baf7be6d6d279353cc7c5,7,0.004218365996664078,uncalibrated_class1_probability,,93d3892b158c35eccfadc27c879754db69ea5293782492ee5d4ff01a33bff983
S2,W2-ac070cf5615e3d921bf92827,BASE_TRAIN,2,0,LG-N1-9ce2862367762da4dce65f05,17,0.0829579320885917,uncalibrated_class1_probability,,93d3892b158c35eccfadc27c879754db69ea5293782492ee5d4ff01a33bff983
S2,W2-acb4bf186f01574ffaf5c4de,BASE_TRAIN,2,0,LG-N1-39e88de406e3fc5d43e88acf,11,0.007416474236747378,uncalibrated_class1_probability,,93d3892b158c35eccfadc27c879754db69ea5293782492ee5d4ff01a33bff983
S2,W2-acc50d290eb0a466fb19c5d1,BASE_TRAIN,1,0,LG-N1-b32862667d81d6c489158a6d,12,0.001090393767565554,uncalibrated_class1_probability,,93d3892b158c35eccfadc27c879754db69ea5293782492ee5d4ff01a33bff983
S2,W2-ad0ba32e722a935678afa09a,BASE_TRAIN,4,1,LG-N1-6030f07c87085dd55bdb7f7b,18,0.6095059206577711,uncalibrated_class1_probability,,93d3892b158c35eccfadc27c879754db69ea5293782492ee5d4ff01a33bff983
S2,W2-ad5f70bd92450b3317e9c2e4,BASE_TRAIN,2,0,LG-N1-3bc9d8e164167d331d14bc6e,8,0.0006486751694779252,uncalibrated_class1_probability,,93d3892b158c35eccfadc27c879754db69ea5293782492ee5d4ff01a33bff983
S2,W2-ad96cb5130c394c9c2b604e5,BASE_TRAIN,0,1,LG-N1-a0f5d7dbcadbd7385d1e9183,10,0.0005121536025496734,uncalibrated_class1_probability,,93d3892b158c35eccfadc27c879754db69ea5293782492ee5d4ff01a33bff983
S2,W2-ada8d864872c6f454c9d89e9,BASE_TRAIN,2,0,LG-N1-6d6e7e72c9a2662cc8827e8e,11,0.00038133105429325235,uncalibrated_class1_probability,,93d3892b158c35eccfadc27c879754db69ea5293782492ee5d4ff01a33bff983
S2,W2-ae0eb219c509de20312039ca,BASE_TRAIN,0,0,LG-N1-4f73680d1fc3d5e6e008e6c6,15,0.0008985266351253994,uncalibrated_class1_probability,,93d3892b158c35eccfadc27c879754db69ea5293782492ee5d4ff01a33bff983
S2,W2-ae21a185c2e966a2cf35d890,BASE_TRAIN,3,1,LG-N1-9cc8625cd0e9f02e1bd7cb4c,29,0.16053787126314875,uncalibrated_class1_probability,,93d3892b158c35eccfadc27c879754db69ea5293782492ee5d4ff01a33bff983
S2,W2-ae25fb8ad9d73a5d645e7a9d,BASE_TRAIN,4,0,LG-N1-bd2e8168ed46f1ce382bcc5b,8,0.00029358521086811975,uncalibrated_class1_probability,,93d3892b158c35eccfadc27c879754db69ea5293782492ee5d4ff01a33bff983
S2,W2-ae81f996c05e2b7068e38c11,BASE_TRAIN,4,0,LG-N1-e40c2b8fff0464da848d11dc,9,0.002458266383307644,uncalibrated_class1_probability,,93d3892b158c35eccfadc27c879754db69ea5293782492ee5d4ff01a33bff983
S2,W2-ae9510125a81c7637b4a8183,BASE_TRAIN,0,0,LG-N1-58fc0fc81a4c97bec7f13f70,13,0.00284258737709504,uncalibrated_class1_probability,,93d3892b158c35eccfadc27c879754db69ea5293782492ee5d4ff01a33bff983
S2,W2-ae9dc55672805426791b0034,BASE_TRAIN,3,1,LG-N1-92889e875cb961adcb66e3fb,30,0.722964096057681,uncalibrated_class1_probability,,93d3892b158c35eccfadc27c879754db69ea5293782492ee5d4ff01a33bff983
S2,W2-aeae6d02ddc091926fdb96aa,BASE_TRAIN,3,0,LG-N1-51d47f35adc41cac7252afb0,13,0.005375926657636986,uncalibrated_class1_probability,,93d3892b158c35eccfadc27c879754db69ea5293782492ee5d4ff01a33bff983
S2,W2-aeb4189bc05c361a5c9755a8,BASE_TRAIN,0,0,LG-N1-313ef9f6458d7871b2701be7,14,0.020390765226404792,uncalibrated_class1_probability,,93d3892b158c35eccfadc27c879754db69ea5293782492ee5d4ff01a33bff983
S2,W2-aed1c79f9f768db1582d3bd9,BASE_TRAIN,4,0,LG-N1-8e9f1a94b1bc52ec48f15a3b,8,0.0002520877080148847,uncalibrated_class1_probability,,93d3892b158c35eccfadc27c879754db69ea5293782492ee5d4ff01a33bff983
S2,W2-af6d8024e8b17a668efbe6e3,BASE_TRAIN,3,1,LG-N1-613435edc74943ba5dedf7d0,31,0.001944614339704634,uncalibrated_class1_probability,,93d3892b158c35eccfadc27c879754db69ea5293782492ee5d4ff01a33bff983
S2,W2-afed25e8cbb48878ef625368,BASE_TRAIN,3,0,LG-N1-5f9aef77271b31d02c88436e,7,0.0019967845605417807,uncalibrated_class1_probability,,93d3892b158c35eccfadc27c879754db69ea5293782492ee5d4ff01a33bff983
S2,W2-b02385b4e982b78da1d14b0c,BASE_TRAIN,3,1,LG-N1-4493db0144e3720c8a49a15b,37,0.2774905002988634,uncalibrated_class1_probability,,93d3892b158c35eccfadc27c879754db69ea5293782492ee5d4ff01a33bff983
S2,W2-b0240aa8b07649be68fdd7da,BASE_TRAIN,4,0,LG-N1-826d55a060dc6e71404bd9e6,10,0.0063680682639225186,uncalibrated_class1_probability,,93d3892b158c35eccfadc27c879754db69ea5293782492ee5d4ff01a33bff983
S2,W2-b0582e600e6fbf99514b3dc7,BASE_TRAIN,0,1,LG-N1-7e7a0698f5f81a984719a5e8,98,0.9987769002298948,uncalibrated_class1_probability,,93d3892b158c35eccfadc27c879754db69ea5293782492ee5d4ff01a33bff983
S2,W2-b07b311961519d8321229488,BASE_TRAIN,1,0,LG-N1-bd9237c51865933219bdc80e,9,0.00036418455307120985,uncalibrated_class1_probability,,93d3892b158c35eccfadc27c879754db69ea5293782492ee5d4ff01a33bff983
S2,W2-b0ce15256d9ea178c393c61c,BASE_TRAIN,4,0,LG-N1-be0f7f06b6030bc1b5cc9b82,52,0.6633232163629513,uncalibrated_class1_probability,,93d3892b158c35eccfadc27c879754db69ea5293782492ee5d4ff01a33bff983
S2,W2-b0f39555692768a919534003,BASE_TRAIN,1,1,LG-N1-d80ebde648f005f3b8f7d523,60,0.9993784723273889,uncalibrated_class1_probability,,93d3892b158c35eccfadc27c879754db69ea5293782492ee5d4ff01a33bff983
S2,W2-b166f63730aef388e015a83b,BASE_TRAIN,4,0,LG-N1-e3b7922f0a946723cee45d16,12,0.0047193085868169,uncalibrated_class1_probability,,93d3892b158c35eccfadc27c879754db69ea5293782492ee5d4ff01a33bff983
S2,W2-b1794652a5892e9617f81989,BASE_TRAIN,3,0,LG-N1-ca98cace51f6ab172c5900bb,5,0.0005849890961674609,uncalibrated_class1_probability,,93d3892b158c35eccfadc27c879754db69ea5293782492ee5d4ff01a33bff983
S2,W2-b1c946fec90ee4b1632324db,BASE_TRAIN,3,1,LG-N1-f61ff5a6102b100974c120f8,10,0.04194377061179995,uncalibrated_class1_probability,,93d3892b158c35eccfadc27c879754db69ea5293782492ee5d4ff01a33bff983
S2,W2-b1ded2d4de51248847bd8a3e,BASE_TRAIN,0,0,LG-N1-db8f2462099f6789e78210d7,13,0.0007826765512120471,uncalibrated_class1_probability,,93d3892b158c35eccfadc27c879754db69ea5293782492ee5d4ff01a33bff983
S2,W2-b236ac2e8ae7a508ab0cbf91,BASE_TRAIN,0,0,LG-N1-1d05d09442559f49299ed41e,10,0.0009035393838638651,uncalibrated_class1_probability,,93d3892b158c35eccfadc27c879754db69ea5293782492ee5d4ff01a33bff983
S2,W2-b28bec20107674332f168edd,BASE_TRAIN,0,1,LG-N1-cb05eb3ce5adc3b7c071c9b4,38,0.9908124412218396,uncalibrated_class1_probability,,93d3892b158c35eccfadc27c879754db69ea5293782492ee5d4ff01a33bff983
S2,W2-b2cb26ce08c8f4f73b63ccba,BASE_TRAIN,2,0,LG-N1-ec3c93c770be30a72ca34950,9,0.0008688457724747173,uncalibrated_class1_probability,,93d3892b158c35eccfadc27c879754db69ea5293782492ee5d4ff01a33bff983
S2,W2-b3379f94407754c2b7e8d319,BASE_TRAIN,1,0,LG-N1-f77f98b80df8d77639be9b30,9,0.00032526857541871927,uncalibrated_class1_probability,,93d3892b158c35eccfadc27c879754db69ea5293782492ee5d4ff01a33bff983
S2,W2-b3652f9130997e2e070e735b,BASE_TRAIN,2,0,LG-N1-8ce803f461efe496d73257ee,12,0.00014807712032409266,uncalibrated_class1_probability,,93d3892b158c35eccfadc27c879754db69ea5293782492ee5d4ff01a33bff983
S2,W2-b3b406aacb2d15bef1dc1cbd,BASE_TRAIN,4,0,LG-N1-33eeaa50f287a1b8bb2ea8fe,26,0.013943303136105851,uncalibrated_class1_probability,,93d3892b158c35eccfadc27c879754db69ea5293782492ee5d4ff01a33bff983
S2,W2-b464364d4c14ca4645b5a947,BASE_TRAIN,4,0,LG-N1-28af735507508526e15cd70c,9,9.657106936580491e-05,uncalibrated_class1_probability,,93d3892b158c35eccfadc27c879754db69ea5293782492ee5d4ff01a33bff983
S2,W2-b49f3c9fdd494689ebd2bea9,BASE_TRAIN,1,1,LG-N1-cf52b9deba354400385bb181,66,0.038200642028726195,uncalibrated_class1_probability,,93d3892b158c35eccfadc27c879754db69ea5293782492ee5d4ff01a33bff983
S2,W2-b556dba3b6f0db60999a13d6,BASE_TRAIN,0,0,LG-N1-0fdc418d0f63858c7fbfbca2,10,0.0018754748583529577,uncalibrated_class1_probability,,93d3892b158c35eccfadc27c879754db69ea5293782492ee5d4ff01a33bff983
S2,W2-b5912570cae26171203c3f02,BASE_TRAIN,2,0,LG-N1-53b6ed8218f8edfbf3ff0f0d,11,0.0077317053085241135,uncalibrated_class1_probability,,93d3892b158c35eccfadc27c879754db69ea5293782492ee5d4ff01a33bff983
S2,W2-b605b02042d9230a96c2b8fc,BASE_TRAIN,0,0,LG-N1-6f4c4b01ae45da6650536b77,14,0.001916331137327384,uncalibrated_class1_probability,,93d3892b158c35eccfadc27c879754db69ea5293782492ee5d4ff01a33bff983
S2,W2-b6c09d25f9039aa1d11b7ac4,BASE_TRAIN,3,0,LG-N1-770a4f2fd9641ef249a6d7e9,11,0.0003356104471712649,uncalibrated_class1_probability,,93d3892b158c35eccfadc27c879754db69ea5293782492ee5d4ff01a33bff983
S2,W2-b6f4352522eeb155f03f5f52,BASE_TRAIN,3,0,LG-N1-5ff44115b442ce64a6606fd2,13,0.0005324633791081905,uncalibrated_class1_probability,,93d3892b158c35eccfadc27c879754db69ea5293782492ee5d4ff01a33bff983
S2,W2-b6fce0ab18caa7d6565281bc,BASE_TRAIN,3,0,LG-N1-7c327c549cb75febec5204cd,12,0.00010220335997258188,uncalibrated_class1_probability,,93d3892b158c35eccfadc27c879754db69ea5293782492ee5d4ff01a33bff983
S2,W2-b788b005cb4b1bd2c99bb403,BASE_TRAIN,3,0,LG-N1-bb9db6a0ba522ca0234bf469,8,0.0005542468319449478,uncalibrated_class1_probability,,93d3892b158c35eccfadc27c879754db69ea5293782492ee5d4ff01a33bff983
S2,W2-b7d4d075cb90ecc91afe6af9,BASE_TRAIN,1,0,LG-N1-3e35aed4dcd8d71bc49a9447,9,0.0006889546315971632,uncalibrated_class1_probability,,93d3892b158c35eccfadc27c879754db69ea5293782492ee5d4ff01a33bff983
S2,W2-b7e1922e0d23ebb28f1e4e1d,BASE_TRAIN,2,0,LG-N1-9699eaa791c99c01c77eeedc,9,0.0001597783685189653,uncalibrated_class1_probability,,93d3892b158c35eccfadc27c879754db69ea5293782492ee5d4ff01a33bff983
S2,W2-b7e23ac9fd6585a5db1178c2,BASE_TRAIN,3,0,LG-N1-99e9d395a0e0262afe4db19e,11,0.01673291672567785,uncalibrated_class1_probability,,93d3892b158c35eccfadc27c879754db69ea5293782492ee5d4ff01a33bff983
S2,W2-b852f78403229fdc56175a31,BASE_TRAIN,4,0,LG-N1-d2ce6c829c6a825a697eebe3,13,0.0023654146110551172,uncalibrated_class1_probability,,93d3892b158c35eccfadc27c879754db69ea5293782492ee5d4ff01a33bff983
S2,W2-b8614e1c5f024682543dad98,BASE_TRAIN,3,0,LG-N1-445f8e893a4c930bfe74e858,40,0.6977829466305673,uncalibrated_class1_probability,,93d3892b158c35eccfadc27c879754db69ea5293782492ee5d4ff01a33bff983
S2,W2-b8c2af20dbfea4133bde42e8,BASE_TRAIN,1,0,LG-N1-8f80636ba47ce03818da98c5,12,0.006901819292986432,uncalibrated_class1_probability,,93d3892b158c35eccfadc27c879754db69ea5293782492ee5d4ff01a33bff983
S2,W2-b9180b109a371420b4857d02,BASE_TRAIN,0,0,LG-N1-fae2883a68253fb6dd5937e3,14,0.05034771989369519,uncalibrated_class1_probability,,93d3892b158c35eccfadc27c879754db69ea5293782492ee5d4ff01a33bff983
S2,W2-b9ae82e83569cadf02cf4b72,BASE_TRAIN,0,0,LG-N1-8951664e50deac08f9b3c53b,5,0.008279564190930308,uncalibrated_class1_probability,,93d3892b158c35eccfadc27c879754db69ea5293782492ee5d4ff01a33bff983
S2,W2-b9b4e7ee040d25d3e48a3219,BASE_TRAIN,1,0,LG-N1-6442ff6344651e3bfa91ad21,16,0.003382899834207383,uncalibrated_class1_probability,,93d3892b158c35eccfadc27c879754db69ea5293782492ee5d4ff01a33bff983
S2,W2-ba0cda6ef2bf1f9e87da3ed1,BASE_TRAIN,3,0,LG-N1-dc4db7cbd5716ba0ea1d6095,9,0.00028656368298219574,uncalibrated_class1_probability,,93d3892b158c35eccfadc27c879754db69ea5293782492ee5d4ff01a33bff983
S2,W2-ba1b65a8382c9d6ed7e0cd37,BASE_TRAIN,3,0,LG-N1-5218b20c310ee7e769261da3,15,0.0746334200749454,uncalibrated_class1_probability,,93d3892b158c35eccfadc27c879754db69ea5293782492ee5d4ff01a33bff983
S2,W2-ba1d543a4702b92323e54991,BASE_TRAIN,2,0,LG-N1-3390494fc6fd1ed96e83503d,7,0.9306548156001162,uncalibrated_class1_probability,,93d3892b158c35eccfadc27c879754db69ea5293782492ee5d4ff01a33bff983
S2,W2-baa6bcd5c5dfc49d96c0df23,BASE_TRAIN,4,0,LG-N1-6e416907f3b2291f06fcb586,7,0.00012508045466676581,uncalibrated_class1_probability,,93d3892b158c35eccfadc27c879754db69ea5293782492ee5d4ff01a33bff983
S2,W2-bac8c632b5095080640a22b8,BASE_TRAIN,1,0,LG-N1-92dfa0877c9b76bcb4c1bdcd,12,0.010341576236189745,uncalibrated_class1_probability,,93d3892b158c35eccfadc27c879754db69ea5293782492ee5d4ff01a33bff983
S2,W2-bacc7e1f999a6fb35262ab30,BASE_TRAIN,0,1,LG-N1-813f3b7295531d3cf15abcae,28,0.9581645095094772,uncalibrated_class1_probability,,93d3892b158c35eccfadc27c879754db69ea5293782492ee5d4ff01a33bff983
S2,W2-bace772342da07a12f5c9b6d,BASE_TRAIN,3,0,LG-N1-c3aa75c8698c380eaa2323b7,11,0.0005222363753432697,uncalibrated_class1_probability,,93d3892b158c35eccfadc27c879754db69ea5293782492ee5d4ff01a33bff983
S2,W2-bb4658a44822d3dfe694625e,BASE_TRAIN,0,0,LG-N1-79950ad562dfda8aa755805d,7,0.0007187312251734526,uncalibrated_class1_probability,,93d3892b158c35eccfadc27c879754db69ea5293782492ee5d4ff01a33bff983
S2,W2-bb88436cd9bc06c8a2ee7046,BASE_TRAIN,2,0,LG-N1-3b5cbac9ee62285f00b371e8,20,0.0010063220846489498,uncalibrated_class1_probability,,93d3892b158c35eccfadc27c879754db69ea5293782492ee5d4ff01a33bff983
S2,W2-bbdc4fecf4168d404036aa91,BASE_TRAIN,3,0,LG-N1-349624e31500778352bb2f79,13,0.009660288597733782,uncalibrated_class1_probability,,93d3892b158c35eccfadc27c879754db69ea5293782492ee5d4ff01a33bff983
S2,W2-bbdf4321bdab1c978fb2f0db,BASE_TRAIN,0,0,LG-N1-57e64d3d96b0691ea3d3094e,7,0.0014035368475831121,uncalibrated_class1_probability,,93d3892b158c35eccfadc27c879754db69ea5293782492ee5d4ff01a33bff983
S2,W2-bbfb8908f3ec8763105b11b8,BASE_TRAIN,2,0,LG-N1-dc07c41f37e28dfd9378142f,8,0.0008965853650165205,uncalibrated_class1_probability,,93d3892b158c35eccfadc27c879754db69ea5293782492ee5d4ff01a33bff983
S2,W2-bc07f314d429bcedeaf6da7e,BASE_TRAIN,3,0,LG-N1-089151bb8759609cc25addd5,49,0.44061403989394077,uncalibrated_class1_probability,,93d3892b158c35eccfadc27c879754db69ea5293782492ee5d4ff01a33bff983
S2,W2-bc2f3db963e9506ab45ccb55,BASE_TRAIN,1,1,LG-N1-2827fd42a3f8096714ce288e,27,0.9399797420006605,uncalibrated_class1_probability,,93d3892b158c35eccfadc27c879754db69ea5293782492ee5d4ff01a33bff983
S2,W2-bca708fa8f9fe406ec4049be,BASE_TRAIN,0,0,LG-N1-4f81c626001917870bbeaa33,10,0.002438557177769834,uncalibrated_class1_probability,,93d3892b158c35eccfadc27c879754db69ea5293782492ee5d4ff01a33bff983
S2,W2-bcb7de571a2199f2f50fae9c,BASE_TRAIN,3,0,LG-N1-507a4d4041dba5ff75dfcf30,10,0.00038213119277793887,uncalibrated_class1_probability,,93d3892b158c35eccfadc27c879754db69ea5293782492ee5d4ff01a33bff983
S2,W2-bcd134e5da4bfb1b758fe803,BASE_TRAIN,4,0,LG-N1-fb9aead7b0928113f1badade,12,2.337093275419002e-05,uncalibrated_class1_probability,,93d3892b158c35eccfadc27c879754db69ea5293782492ee5d4ff01a33bff983
S2,W2-bcdd89905abbca2a9886e361,BASE_TRAIN,0,0,LG-N1-138a8f37704c77d74b3c1ea8,10,0.0014434196319551807,uncalibrated_class1_probability,,93d3892b158c35eccfadc27c879754db69ea5293782492ee5d4ff01a33bff983
S2,W2-bcf11c7f42b86f7b557e0622,BASE_TRAIN,3,0,LG-N1-1450368922cc9c1e275d7069,12,0.0004955655864874182,uncalibrated_class1_probability,,93d3892b158c35eccfadc27c879754db69ea5293782492ee5d4ff01a33bff983
S2,W2-bd3d536498d5d320f68e1b9b,BASE_TRAIN,3,0,LG-N1-8d018bdd8dd474cf7178988e,21,0.35449165009521333,uncalibrated_class1_probability,,93d3892b158c35eccfadc27c879754db69ea5293782492ee5d4ff01a33bff983
S2,W2-bd542df192914f32cd4e2210,BASE_TRAIN,3,1,LG-N1-41b4a719f059dc0bb5aa3cda,7,0.00012911558500825501,uncalibrated_class1_probability,,93d3892b158c35eccfadc27c879754db69ea5293782492ee5d4ff01a33bff983
S2,W2-bd8b7c0f6ae3643e060ecadf,BASE_TRAIN,1,0,LG-N1-10e1a0dadf59686803d790e8,14,0.003011907661595874,uncalibrated_class1_probability,,93d3892b158c35eccfadc27c879754db69ea5293782492ee5d4ff01a33bff983
S2,W2-bdb1df91ef1ff2ad075c57a0,BASE_TRAIN,2,0,LG-N1-2618e5e5584a7add192f6cc7,26,0.4280167323647916,uncalibrated_class1_probability,,93d3892b158c35eccfadc27c879754db69ea5293782492ee5d4ff01a33bff983
S2,W2-bdc0e00d9f734dacdfdd0520,BASE_TRAIN,1,0,LG-N1-7ad813dc227825110f3e4752,12,0.00010167604333928203,uncalibrated_class1_probability,,93d3892b158c35eccfadc27c879754db69ea5293782492ee5d4ff01a33bff983
S2,W2-be546d64d2cc98329632041d,BASE_TRAIN,1,0,LG-N1-4ae40ba9ea839f135209b1d6,29,0.29163081431912774,uncalibrated_class1_probability,,93d3892b158c35eccfadc27c879754db69ea5293782492ee5d4ff01a33bff983
S2,W2-be6e8d3f2d94d1a19c775128,BASE_TRAIN,4,0,LG-N1-cdf9b320d1b14902d6fcde38,32,0.007480385569932917,uncalibrated_class1_probability,,93d3892b158c35eccfadc27c879754db69ea5293782492ee5d4ff01a33bff983
S2,W2-beb8cc5ccf9a944ee76aaca8,BASE_TRAIN,1,0,LG-N1-ab3e4178937044f66cceac05,16,0.09197673919651947,uncalibrated_class1_probability,,93d3892b158c35eccfadc27c879754db69ea5293782492ee5d4ff01a33bff983
S2,W2-bec763ff03e6e3e90e1b4b09,BASE_TRAIN,3,0,LG-N1-30a2dfdb1fa1bbb618150d60,12,0.0032906995934908066,uncalibrated_class1_probability,,93d3892b158c35eccfadc27c879754db69ea5293782492ee5d4ff01a33bff983
S2,W2-becbe778065e62fa1482f00f,BASE_TRAIN,1,0,LG-N1-949c23124c41442e1a48710e,10,0.00023714124071094766,uncalibrated_class1_probability,,93d3892b158c35eccfadc27c879754db69ea5293782492ee5d4ff01a33bff983
S2,W2-bf131892e82adbd15df52734,BASE_TRAIN,1,0,LG-N1-09f27a63df5faaf810a62757,8,0.0003881368588000956,uncalibrated_class1_probability,,93d3892b158c35eccfadc27c879754db69ea5293782492ee5d4ff01a33bff983
S2,W2-bf1c1a65dac70557a4efeb40,BASE_TRAIN,2,1,LG-N1-f26326a69f45646d60f1eaa2,12,0.008403041798484863,uncalibrated_class1_probability,,93d3892b158c35eccfadc27c879754db69ea5293782492ee5d4ff01a33bff983
S2,W2-bf3b6f608355f2c7ab786c83,BASE_TRAIN,1,0,LG-N1-e551d7c7f3afc9785dff5df6,20,0.005527394731137921,uncalibrated_class1_probability,,93d3892b158c35eccfadc27c879754db69ea5293782492ee5d4ff01a33bff983
S2,W2-bf4599cd842c0992197ce5e8,BASE_TRAIN,2,0,LG-N1-0d79f87ab6ae3eafdcd6bbbc,8,0.001189712114708305,uncalibrated_class1_probability,,93d3892b158c35eccfadc27c879754db69ea5293782492ee5d4ff01a33bff983
S2,W2-bf56e7ae4e63555413676c04,BASE_TRAIN,1,0,LG-N1-802e2aa213bac1edd6304fae,15,0.13535545134184243,uncalibrated_class1_probability,,93d3892b158c35eccfadc27c879754db69ea5293782492ee5d4ff01a33bff983
S2,W2-bf783e20bfe3ec5d7a740d10,BASE_TRAIN,0,1,LG-N1-49ce0b689bbb345db751ad2b,17,0.13316034117846207,uncalibrated_class1_probability,,93d3892b158c35eccfadc27c879754db69ea5293782492ee5d4ff01a33bff983
S2,W2-bf8f41f77554f16cf7597a20,BASE_TRAIN,2,0,LG-N1-dbf0a9be8a0e207c868321b0,12,0.0011689423044673958,uncalibrated_class1_probability,,93d3892b158c35eccfadc27c879754db69ea5293782492ee5d4ff01a33bff983
S2,W2-bfab4508c5b87f6f3a7f2d50,BASE_TRAIN,4,0,LG-N1-439e1c6eda4a1e58d9d24a4b,8,0.00201974604722645,uncalibrated_class1_probability,,93d3892b158c35eccfadc27c879754db69ea5293782492ee5d4ff01a33bff983
S2,W2-bfdb02df0a9816990d4c95a7,BASE_TRAIN,3,0,LG-N1-80e0a2081e9e564111b2fa41,15,0.002323823559060354,uncalibrated_class1_probability,,93d3892b158c35eccfadc27c879754db69ea5293782492ee5d4ff01a33bff983
S2,W2-bfdf3565125021790a2d55a8,BASE_TRAIN,3,0,LG-N1-17f765ae33fc6922d7b5f017,9,0.001156814357652318,uncalibrated_class1_probability,,93d3892b158c35eccfadc27c879754db69ea5293782492ee5d4ff01a33bff983
S2,W2-bfe70b7782c5afdebb979b10,BASE_TRAIN,2,0,LG-N1-52e9cb5c16c6ddea3264b3b5,8,0.00035181797659561106,uncalibrated_class1_probability,,93d3892b158c35eccfadc27c879754db69ea5293782492ee5d4ff01a33bff983
S2,W2-bfe8fbfcad57a1b3a6d85286,BASE_TRAIN,0,0,LG-N1-67023059a8d17d5e282647ff,8,0.0010912443290071608,uncalibrated_class1_probability,,93d3892b158c35eccfadc27c879754db69ea5293782492ee5d4ff01a33bff983
S2,W2-c0371f1e7497a29171cc7f37,BASE_TRAIN,2,1,LG-N1-8ee1da125d70d18dc9500eaa,21,0.32287091316851974,uncalibrated_class1_probability,,93d3892b158c35eccfadc27c879754db69ea5293782492ee5d4ff01a33bff983
S2,W2-c04dc8a20f0a008a72132ada,BASE_TRAIN,0,0,LG-N1-a72014becd709ba10ca5aad8,11,0.0019360071805294278,uncalibrated_class1_probability,,93d3892b158c35eccfadc27c879754db69ea5293782492ee5d4ff01a33bff983
S2,W2-c06d2068ed179846051820d2,BASE_TRAIN,3,0,LG-N1-b864eb7992ffb26b2265f605,6,0.00045461553671513914,uncalibrated_class1_probability,,93d3892b158c35eccfadc27c879754db69ea5293782492ee5d4ff01a33bff983
S2,W2-c0af6a67c31950b192713e85,BASE_TRAIN,2,1,LG-N1-b0cb098f9974ce85d01af0d9,35,0.996561581899813,uncalibrated_class1_probability,,93d3892b158c35eccfadc27c879754db69ea5293782492ee5d4ff01a33bff983
S2,W2-c0f47ca6a09d3cd6bc67bd63,BASE_TRAIN,3,0,LG-N1-cdcdd798f1f85c49faf83097,9,0.0002639063112489081,uncalibrated_class1_probability,,93d3892b158c35eccfadc27c879754db69ea5293782492ee5d4ff01a33bff983
S2,W2-c10cc20517b69fd5c0111660,BASE_TRAIN,0,0,LG-N1-2c79b909732b088c985b8830,23,0.10895658669169468,uncalibrated_class1_probability,,93d3892b158c35eccfadc27c879754db69ea5293782492ee5d4ff01a33bff983
S2,W2-c10ce114bde95eced64bb4a4,BASE_TRAIN,2,0,LG-N1-01606b959d0e73058ae5fd4c,6,0.0008383187890870442,uncalibrated_class1_probability,,93d3892b158c35eccfadc27c879754db69ea5293782492ee5d4ff01a33bff983
S2,W2-c13cedcc7c48a872963e940b,BASE_TRAIN,0,0,LG-N1-4f56e14b8fa0d37293920a32,12,0.3221987962548154,uncalibrated_class1_probability,,93d3892b158c35eccfadc27c879754db69ea5293782492ee5d4ff01a33bff983
S2,W2-c17673995a8fafdef42659cf,BASE_TRAIN,0,0,LG-N1-a42311fc3eed85a1768588df,9,7.842816858802797e-05,uncalibrated_class1_probability,,93d3892b158c35eccfadc27c879754db69ea5293782492ee5d4ff01a33bff983
S2,W2-c1c7fe0cd2d95bed8b2b3c8c,BASE_TRAIN,0,0,LG-N1-dba36ed3296a08f771334607,17,0.003214521227273179,uncalibrated_class1_probability,,93d3892b158c35eccfadc27c879754db69ea5293782492ee5d4ff01a33bff983
S2,W2-c2ec3b8241af86c62c5d757c,BASE_TRAIN,4,0,LG-N1-c6ceb36cc3e328b5d56f1a3d,38,0.0009333474409169034,uncalibrated_class1_probability,,93d3892b158c35eccfadc27c879754db69ea5293782492ee5d4ff01a33bff983
S2,W2-c333d6dbbd545a6940b805d3,BASE_TRAIN,4,1,LG-N1-c3f18141f2ea0a519169a66e,24,0.9326557675575932,uncalibrated_class1_probability,,93d3892b158c35eccfadc27c879754db69ea5293782492ee5d4ff01a33bff983
S2,W2-c36e1e4772102c031eb93acb,BASE_TRAIN,0,0,LG-N1-6d95ecc501fc673396e0ecdb,10,0.00013747554137292066,uncalibrated_class1_probability,,93d3892b158c35eccfadc27c879754db69ea5293782492ee5d4ff01a33bff983
S2,W2-c3bba484d5a5b84f2b0989ef,BASE_TRAIN,2,0,LG-N1-fd0a0b62d8f500feec3f46d6,10,0.011664437413407355,uncalibrated_class1_probability,,93d3892b158c35eccfadc27c879754db69ea5293782492ee5d4ff01a33bff983
S2,W2-c402a30636a8bd33040ef42a,BASE_TRAIN,3,0,LG-N1-4258f6069880f6db0a43782c,8,0.0001214738406141933,uncalibrated_class1_probability,,93d3892b158c35eccfadc27c879754db69ea5293782492ee5d4ff01a33bff983
S2,W2-c452a6ad975efaca4e263d82,BASE_TRAIN,2,0,LG-N1-0ec02c7cc72e077a11931fcc,16,0.3451953465590671,uncalibrated_class1_probability,,93d3892b158c35eccfadc27c879754db69ea5293782492ee5d4ff01a33bff983
S2,W2-c4852274354245640b82c92b,BASE_TRAIN,3,0,LG-N1-654466a6b7842ee81a469829,14,0.05607882972868609,uncalibrated_class1_probability,,93d3892b158c35eccfadc27c879754db69ea5293782492ee5d4ff01a33bff983
S2,W2-c49a77cdedbc9211ec862740,BASE_TRAIN,4,0,LG-N1-cd6d05891c531fda4ff85d1e,7,0.0002793696696785844,uncalibrated_class1_probability,,93d3892b158c35eccfadc27c879754db69ea5293782492ee5d4ff01a33bff983
S2,W2-c4ccdb93d3360272f974f0d7,BASE_TRAIN,0,0,LG-N1-f184f3aa27cd0af31358a43b,8,0.0077281262475150094,uncalibrated_class1_probability,,93d3892b158c35eccfadc27c879754db69ea5293782492ee5d4ff01a33bff983
S2,W2-c4dabcea57b1249e9aced0bc,BASE_TRAIN,0,0,LG-N1-055106312c3663bbb7b7da97,11,0.006653531536320651,uncalibrated_class1_probability,,93d3892b158c35eccfadc27c879754db69ea5293782492ee5d4ff01a33bff983
S2,W2-c559e9319fe68f3bcc57da17,BASE_TRAIN,2,0,LG-N1-3d1514356a67bda490a43201,9,0.0003869397889671521,uncalibrated_class1_probability,,93d3892b158c35eccfadc27c879754db69ea5293782492ee5d4ff01a33bff983
S2,W2-c564b2e4c56c93c8ad445a53,BASE_TRAIN,0,1,LG-N1-552c3dfc7490df403c07bef8,10,0.024440176598956344,uncalibrated_class1_probability,,93d3892b158c35eccfadc27c879754db69ea5293782492ee5d4ff01a33bff983
S2,W2-c57b889ba812b0a30fe283de,BASE_TRAIN,2,1,LG-N1-c4bc8f1ba34b213c1bd7e567,39,0.974197309573661,uncalibrated_class1_probability,,93d3892b158c35eccfadc27c879754db69ea5293782492ee5d4ff01a33bff983
S2,W2-c5a124d3023a1f04736fabb2,BASE_TRAIN,3,0,LG-N1-6c9df83698011df7ac2db726,8,0.0005049492365461016,uncalibrated_class1_probability,,93d3892b158c35eccfadc27c879754db69ea5293782492ee5d4ff01a33bff983
S2,W2-c5a171dd8caad834f42f14c0,BASE_TRAIN,2,0,LG-N1-df7dc902f2050f30993246ef,11,0.0002616022252962013,uncalibrated_class1_probability,,93d3892b158c35eccfadc27c879754db69ea5293782492ee5d4ff01a33bff983
S2,W2-c5ac54c33bf8d3c615709f5b,BASE_TRAIN,4,0,LG-N1-3a2279a6a1f21214b4116f1d,12,0.0017385070859338991,uncalibrated_class1_probability,,93d3892b158c35eccfadc27c879754db69ea5293782492ee5d4ff01a33bff983
S2,W2-c65f51cb0b9809a45c0dad95,BASE_TRAIN,0,0,LG-N1-669a295d93c9fc6ffb3a5a96,54,0.19911975550797692,uncalibrated_class1_probability,,93d3892b158c35eccfadc27c879754db69ea5293782492ee5d4ff01a33bff983
S2,W2-c66731cfb78310cccbce8560,BASE_TRAIN,4,0,LG-N1-bdcc63ef920da23976debcea,15,0.027345469016850345,uncalibrated_class1_probability,,93d3892b158c35eccfadc27c879754db69ea5293782492ee5d4ff01a33bff983
S2,W2-c6c9a8919885f6d4ac6f418c,BASE_TRAIN,0,0,LG-N1-91b81e476404bebf115f553b,11,0.1437242545379208,uncalibrated_class1_probability,,93d3892b158c35eccfadc27c879754db69ea5293782492ee5d4ff01a33bff983
S2,W2-c71e2dc95c794318bc9472d0,BASE_TRAIN,2,0,LG-N1-b14b1cfac42691c04fb6fd03,12,0.012467289663676452,uncalibrated_class1_probability,,93d3892b158c35eccfadc27c879754db69ea5293782492ee5d4ff01a33bff983
S2,W2-c74021d065f112bd5ac647f3,BASE_TRAIN,3,0,LG-N1-9d59b8506ca6772a09947e8b,13,0.03651164888031677,uncalibrated_class1_probability,,93d3892b158c35eccfadc27c879754db69ea5293782492ee5d4ff01a33bff983
S2,W2-c74b6c229efafaa2892e438e,BASE_TRAIN,0,0,LG-N1-b811847f5c5b25ac708b50ff,9,0.0030036966270988214,uncalibrated_class1_probability,,93d3892b158c35eccfadc27c879754db69ea5293782492ee5d4ff01a33bff983
S2,W2-c7876e3f7bc140c2795da525,BASE_TRAIN,1,0,LG-N1-0a52b9cb81a0c540fd357de0,12,0.003678660040245927,uncalibrated_class1_probability,,93d3892b158c35eccfadc27c879754db69ea5293782492ee5d4ff01a33bff983
S2,W2-c7a795e72dec28abd910777d,BASE_TRAIN,4,0,LG-N1-86150cd973b8c2448d49fb14,17,0.018395501797963544,uncalibrated_class1_probability,,93d3892b158c35eccfadc27c879754db69ea5293782492ee5d4ff01a33bff983
S2,W2-c7f2a52204e098f7a36bda15,BASE_TRAIN,1,0,LG-N1-1ef8771451868eab69a2be6e,11,0.005358881825595344,uncalibrated_class1_probability,,93d3892b158c35eccfadc27c879754db69ea5293782492ee5d4ff01a33bff983
S2,W2-c886a5bf47767f0563c8ffe6,BASE_TRAIN,0,1,LG-N1-949798469fd89d80afd84617,131,0.9944675006011179,uncalibrated_class1_probability,,93d3892b158c35eccfadc27c879754db69ea5293782492ee5d4ff01a33bff983
S2,W2-c8aa5609e7072d1e75ed2c0a,BASE_TRAIN,1,0,LG-N1-728b55c931f5baf4ab119ea1,40,0.0629963281471759,uncalibrated_class1_probability,,93d3892b158c35eccfadc27c879754db69ea5293782492ee5d4ff01a33bff983
S2,W2-c8b883f3b4a39ad07a5690b2,BASE_TRAIN,3,0,LG-N1-efc7dd912698875b5552681e,14,0.026105760746987023,uncalibrated_class1_probability,,93d3892b158c35eccfadc27c879754db69ea5293782492ee5d4ff01a33bff983
S2,W2-ca3a1c2afdfc217f11587c76,BASE_TRAIN,1,0,LG-N1-60de7e36707ea1033603c7c4,9,0.0017011818473000183,uncalibrated_class1_probability,,93d3892b158c35eccfadc27c879754db69ea5293782492ee5d4ff01a33bff983
S2,W2-ca5c0a88a95194094822d7c2,BASE_TRAIN,4,0,LG-N1-720c3b346417f52b2a1acc97,12,0.0014532066661578386,uncalibrated_class1_probability,,93d3892b158c35eccfadc27c879754db69ea5293782492ee5d4ff01a33bff983
S2,W2-caa915e76b307a9aefc5e1fa,BASE_TRAIN,4,0,LG-N1-a6dc879e3942ed461f9e1172,8,0.00013970206262829815,uncalibrated_class1_probability,,93d3892b158c35eccfadc27c879754db69ea5293782492ee5d4ff01a33bff983
S2,W2-cabb66a3cc1e01f6f3d0e3cd,BASE_TRAIN,4,0,LG-N1-10b58e46b681f3757a8e63e4,74,0.6801284043979817,uncalibrated_class1_probability,,93d3892b158c35eccfadc27c879754db69ea5293782492ee5d4ff01a33bff983
S2,W2-cad4141cdd6cb429a190bf3b,BASE_TRAIN,0,0,LG-N1-0fb9faf16fec202bceba3087,15,0.018245542257246887,uncalibrated_class1_probability,,93d3892b158c35eccfadc27c879754db69ea5293782492ee5d4ff01a33bff983
S2,W2-cae97a3554ad4f6cbbedd9d0,BASE_TRAIN,3,0,LG-N1-0ac4967b9e9ec677efc9d1ed,7,0.001827979453595022,uncalibrated_class1_probability,,93d3892b158c35eccfadc27c879754db69ea5293782492ee5d4ff01a33bff983
S2,W2-cb3ec85a5f5de07cf72d6aca,BASE_TRAIN,2,0,LG-N1-4411b322d9840c1ac03c796f,27,0.08969108401683969,uncalibrated_class1_probability,,93d3892b158c35eccfadc27c879754db69ea5293782492ee5d4ff01a33bff983
S2,W2-cb4d2a387173b48627d02b73,BASE_TRAIN,3,0,LG-N1-c7b4a2749195d898c0c677ed,14,0.15079890829950446,uncalibrated_class1_probability,,93d3892b158c35eccfadc27c879754db69ea5293782492ee5d4ff01a33bff983
S2,W2-cb5c3b98341a51d182570504,BASE_TRAIN,1,0,LG-N1-4749c5d06af08700324bac61,15,0.00032951392987034807,uncalibrated_class1_probability,,93d3892b158c35eccfadc27c879754db69ea5293782492ee5d4ff01a33bff983
S2,W2-cbf29b240bc75132e866bd1b,BASE_TRAIN,0,0,LG-N1-cf2052183dffa7f1a925b105,14,0.00011664433378067582,uncalibrated_class1_probability,,93d3892b158c35eccfadc27c879754db69ea5293782492ee5d4ff01a33bff983
S2,W2-cca7699c0c940415633b24f8,BASE_TRAIN,2,0,LG-N1-f42b1a3cedbdd506c906e496,19,0.001566500667167766,uncalibrated_class1_probability,,93d3892b158c35eccfadc27c879754db69ea5293782492ee5d4ff01a33bff983
S2,W2-ccfb6884a2bd3c0e0cfa697a,BASE_TRAIN,3,0,LG-N1-a936d4a65dffb7f47a8ab08e,11,0.001150957745392655,uncalibrated_class1_probability,,93d3892b158c35eccfadc27c879754db69ea5293782492ee5d4ff01a33bff983
S2,W2-cd1f12397c0b6030c92343da,BASE_TRAIN,2,1,LG-N1-916417839736966806a40773,43,0.9003043374630973,uncalibrated_class1_probability,,93d3892b158c35eccfadc27c879754db69ea5293782492ee5d4ff01a33bff983
S2,W2-cd593a22dc240013e0a8b172,BASE_TRAIN,0,0,LG-N1-97060056790f5eeb56390a32,71,0.9844451916857223,uncalibrated_class1_probability,,93d3892b158c35eccfadc27c879754db69ea5293782492ee5d4ff01a33bff983
S2,W2-cd69c0d2b193eb5ff7c60fc6,BASE_TRAIN,0,0,LG-N1-833d96c0ded5618538317dd2,9,0.0149714073910236,uncalibrated_class1_probability,,93d3892b158c35eccfadc27c879754db69ea5293782492ee5d4ff01a33bff983
S2,W2-cde01a5350209bad65048db6,BASE_TRAIN,3,1,LG-N1-5325e920a55c226b2c677b04,308,0.9986645230079653,uncalibrated_class1_probability,,93d3892b158c35eccfadc27c879754db69ea5293782492ee5d4ff01a33bff983
S2,W2-cde307a9d7a69f786db86cec,BASE_TRAIN,0,0,LG-N1-4cdc426467642e606aba0731,61,0.5651357060353569,uncalibrated_class1_probability,,93d3892b158c35eccfadc27c879754db69ea5293782492ee5d4ff01a33bff983
S2,W2-ce0856faceda15e78c1d261a,BASE_TRAIN,1,0,LG-N1-7551c20b4f6bc3dd769a8456,14,0.0005338860299064208,uncalibrated_class1_probability,,93d3892b158c35eccfadc27c879754db69ea5293782492ee5d4ff01a33bff983
S2,W2-ce49d3d26ae59eee5bda5de0,BASE_TRAIN,1,0,LG-N1-1db1d52e767f04237b8f98f6,12,0.0002519952773060171,uncalibrated_class1_probability,,93d3892b158c35eccfadc27c879754db69ea5293782492ee5d4ff01a33bff983
S2,W2-ce89cb7ea3899790cac3f02e,BASE_TRAIN,4,0,LG-N1-3eb6e34c822371b800b623fa,13,0.0036253098905009813,uncalibrated_class1_probability,,93d3892b158c35eccfadc27c879754db69ea5293782492ee5d4ff01a33bff983
S2,W2-cebbabaf1b5fb70240251c15,BASE_TRAIN,3,0,LG-N1-1714fd0f24090944762001ac,9,0.000315141099589557,uncalibrated_class1_probability,,93d3892b158c35eccfadc27c879754db69ea5293782492ee5d4ff01a33bff983
S2,W2-cecd72be0587ea2cd1f4c9d1,BASE_TRAIN,3,0,LG-N1-bacf7f3fc470ee0eafb35e45,18,0.0007536995212357241,uncalibrated_class1_probability,,93d3892b158c35eccfadc27c879754db69ea5293782492ee5d4ff01a33bff983
S2,W2-cf02e3d018906b2aab9d1976,BASE_TRAIN,0,0,LG-N1-bd4af60f7a21e8064154baa4,18,0.5025625829178432,uncalibrated_class1_probability,,93d3892b158c35eccfadc27c879754db69ea5293782492ee5d4ff01a33bff983
S2,W2-d0033369779d41ddfbccc0b5,BASE_TRAIN,4,0,LG-N1-76a78b779d9316527071f426,13,0.04207620202123893,uncalibrated_class1_probability,,93d3892b158c35eccfadc27c879754db69ea5293782492ee5d4ff01a33bff983
S2,W2-d0213b14edae85c0b32ae410,BASE_TRAIN,1,1,LG-N1-bf33cc93c6bfc6f252deafa5,24,0.9656821103905556,uncalibrated_class1_probability,,93d3892b158c35eccfadc27c879754db69ea5293782492ee5d4ff01a33bff983
S2,W2-d0ab3a0f6f166634c246ffc0,BASE_TRAIN,3,0,LG-N1-a01f77c872717972df6a8dfe,15,0.0006709980625696986,uncalibrated_class1_probability,,93d3892b158c35eccfadc27c879754db69ea5293782492ee5d4ff01a33bff983
S2,W2-d0c65f2d4057a8535d957030,BASE_TRAIN,1,1,LG-N1-42d50f291cf0da5ba2a910cf,9,0.003241649472971872,uncalibrated_class1_probability,,93d3892b158c35eccfadc27c879754db69ea5293782492ee5d4ff01a33bff983
S2,W2-d0c8b359421a6d1762530ab6,BASE_TRAIN,3,0,LG-N1-f2e5bb5af1426f4fad3d3c38,7,0.0023734118808692336,uncalibrated_class1_probability,,93d3892b158c35eccfadc27c879754db69ea5293782492ee5d4ff01a33bff983
S2,W2-d16f72784bd9cb4cb369e50a,BASE_TRAIN,1,0,LG-N1-eff12ab187db4d3ca25151eb,31,0.8111644500475075,uncalibrated_class1_probability,,93d3892b158c35eccfadc27c879754db69ea5293782492ee5d4ff01a33bff983
S2,W2-d2a76bfd43b7ce1a5f97294f,BASE_TRAIN,2,0,LG-N1-a8791039c9d60a0dceef144b,18,0.38378656984191695,uncalibrated_class1_probability,,93d3892b158c35eccfadc27c879754db69ea5293782492ee5d4ff01a33bff983
S2,W2-d2b89963b4129f51ffc35fcc,BASE_TRAIN,3,0,LG-N1-bbf84bebeffa65fd9dbf180e,15,0.03363777792963453,uncalibrated_class1_probability,,93d3892b158c35eccfadc27c879754db69ea5293782492ee5d4ff01a33bff983
S2,W2-d2bf46f49b95467f04458b0a,BASE_TRAIN,2,0,LG-N1-51c78f0a5185a451c6db4d37,8,0.001899212603511292,uncalibrated_class1_probability,,93d3892b158c35eccfadc27c879754db69ea5293782492ee5d4ff01a33bff983
S2,W2-d2e423d997b436d54fc02df0,BASE_TRAIN,2,0,LG-N1-81e81039da149728d74b2581,15,0.013792804061513916,uncalibrated_class1_probability,,93d3892b158c35eccfadc27c879754db69ea5293782492ee5d4ff01a33bff983
S2,W2-d3bba32ecee428d4619ce6f5,BASE_TRAIN,0,0,LG-N1-575db1ca26600d3d08416007,23,0.00014190316109381158,uncalibrated_class1_probability,,93d3892b158c35eccfadc27c879754db69ea5293782492ee5d4ff01a33bff983
S2,W2-d3f4a353fd56d1f3537c339b,BASE_TRAIN,2,0,LG-N1-31c129b368bd8818e5d316e8,21,0.3418277037404664,uncalibrated_class1_probability,,93d3892b158c35eccfadc27c879754db69ea5293782492ee5d4ff01a33bff983
S2,W2-d405015e922222643daf86da,BASE_TRAIN,1,0,LG-N1-19bd8bc50ef23879f0ed97aa,12,0.0104238980117203,uncalibrated_class1_probability,,93d3892b158c35eccfadc27c879754db69ea5293782492ee5d4ff01a33bff983
S2,W2-d429fcc7ddf0c3507a4b5b4d,BASE_TRAIN,1,0,LG-N1-11244240b444e65d3dcbd4c1,10,0.0027314990025348457,uncalibrated_class1_probability,,93d3892b158c35eccfadc27c879754db69ea5293782492ee5d4ff01a33bff983
S2,W2-d4482ef8a525ce921245fa57,BASE_TRAIN,0,0,LG-N1-cecb93e97bd1373e49e32f3b,11,0.0053824664743656134,uncalibrated_class1_probability,,93d3892b158c35eccfadc27c879754db69ea5293782492ee5d4ff01a33bff983
S2,W2-d44a76428f54dc4acdc244b8,BASE_TRAIN,1,1,LG-N1-10fca90e7653b52baf440760,19,0.7220406534254272,uncalibrated_class1_probability,,93d3892b158c35eccfadc27c879754db69ea5293782492ee5d4ff01a33bff983
S2,W2-d4647161e05bf0f671158c32,BASE_TRAIN,1,0,LG-N1-d9f02c02e0a8b0fdb0fadf8e,29,0.46935787029574033,uncalibrated_class1_probability,,93d3892b158c35eccfadc27c879754db69ea5293782492ee5d4ff01a33bff983
S2,W2-d4bad108f8226117757d638b,BASE_TRAIN,0,0,LG-N1-47751cfd5044c881d5d8b83b,15,9.362279398816285e-05,uncalibrated_class1_probability,,93d3892b158c35eccfadc27c879754db69ea5293782492ee5d4ff01a33bff983
S2,W2-d4cfac1ac9e79424a6ab50b2,BASE_TRAIN,2,0,LG-N1-7252852ca2755c997ad30c41,5,0.0007262345123108541,uncalibrated_class1_probability,,93d3892b158c35eccfadc27c879754db69ea5293782492ee5d4ff01a33bff983
S2,W2-d4f6f93bc9ff7abd6afe80a3,BASE_TRAIN,1,0,LG-N1-3e262ff8f2a8c201be3e5932,13,0.007266690164933607,uncalibrated_class1_probability,,93d3892b158c35eccfadc27c879754db69ea5293782492ee5d4ff01a33bff983
S2,W2-d50deddf2e705e1aea22dcf9,BASE_TRAIN,4,0,LG-N1-ac96756ec1692b91a745bf07,7,0.014087620738665147,uncalibrated_class1_probability,,93d3892b158c35eccfadc27c879754db69ea5293782492ee5d4ff01a33bff983
S2,W2-d528c439a572db55e28fa9b1,BASE_TRAIN,2,1,LG-N1-77ff796c46c0aacce97954e8,15,0.0010652824566481783,uncalibrated_class1_probability,,93d3892b158c35eccfadc27c879754db69ea5293782492ee5d4ff01a33bff983
S2,W2-d5438fac3be8d41d9df26870,BASE_TRAIN,2,1,LG-N1-870ced7f32212a71fdf0965b,27,0.0017916189275553507,uncalibrated_class1_probability,,93d3892b158c35eccfadc27c879754db69ea5293782492ee5d4ff01a33bff983
S2,W2-d5d35e252855b44beb042745,BASE_TRAIN,0,0,LG-N1-cdc1fe60ba83cc191ff85e31,9,0.012054312826700539,uncalibrated_class1_probability,,93d3892b158c35eccfadc27c879754db69ea5293782492ee5d4ff01a33bff983
S2,W2-d610e70cfd8caeb891e05b5b,BASE_TRAIN,1,0,LG-N1-275cfd124c0b2c3c39c8ae1c,51,0.5226311629476151,uncalibrated_class1_probability,,93d3892b158c35eccfadc27c879754db69ea5293782492ee5d4ff01a33bff983
S2,W2-d63f331073e257e22b00113a,BASE_TRAIN,2,0,LG-N1-71ed9d0a2a87dfe6c7a43ac9,10,0.03116263353579495,uncalibrated_class1_probability,,93d3892b158c35eccfadc27c879754db69ea5293782492ee5d4ff01a33bff983
S2,W2-d654ae1d35268b2f159d0037,BASE_TRAIN,4,0,LG-N1-9a1088611a3ca246ad72bc91,13,0.0032969407496193886,uncalibrated_class1_probability,,93d3892b158c35eccfadc27c879754db69ea5293782492ee5d4ff01a33bff983
S2,W2-d6b5b0e3388db1e71d3d2758,BASE_TRAIN,2,0,LG-N1-6c40f4d780ccbc60a6816ec9,15,0.07168078015707288,uncalibrated_class1_probability,,93d3892b158c35eccfadc27c879754db69ea5293782492ee5d4ff01a33bff983
S2,W2-d6b75f880474860b66b31704,BASE_TRAIN,1,0,LG-N1-264830c42d0a12e49d3fd720,13,0.39825125803600614,uncalibrated_class1_probability,,93d3892b158c35eccfadc27c879754db69ea5293782492ee5d4ff01a33bff983
S2,W2-d6f09856301d85e5dedadab2,BASE_TRAIN,3,0,LG-N1-ef52bcd3827a1277f01e63c2,40,0.030961404650094556,uncalibrated_class1_probability,,93d3892b158c35eccfadc27c879754db69ea5293782492ee5d4ff01a33bff983
S2,W2-d70118e14fd83000fd73f84c,BASE_TRAIN,2,0,LG-N1-d181caf9667cf7f3dce84c7a,49,0.24634892137979242,uncalibrated_class1_probability,,93d3892b158c35eccfadc27c879754db69ea5293782492ee5d4ff01a33bff983
S2,W2-d73de42847c6786f5a66b220,BASE_TRAIN,4,0,LG-N1-dc0d571abfc607c2739144cb,13,0.0003515380601071975,uncalibrated_class1_probability,,93d3892b158c35eccfadc27c879754db69ea5293782492ee5d4ff01a33bff983
S2,W2-d75b14dca8e10f2c02acdddd,BASE_TRAIN,3,0,LG-N1-898fc104c869f4ef52823e3d,23,0.011608035679340212,uncalibrated_class1_probability,,93d3892b158c35eccfadc27c879754db69ea5293782492ee5d4ff01a33bff983
S2,W2-d76d7662e893bcb183ee7648,BASE_TRAIN,1,0,LG-N1-0cf60d2be165d8e5c9ec4b3a,13,0.002716962304883477,uncalibrated_class1_probability,,93d3892b158c35eccfadc27c879754db69ea5293782492ee5d4ff01a33bff983
S2,W2-d7a9dff616bfd5c9bf9b036b,BASE_TRAIN,2,0,LG-N1-8c7b7eb3a5fb72dcb3da556a,9,0.003552308478087948,uncalibrated_class1_probability,,93d3892b158c35eccfadc27c879754db69ea5293782492ee5d4ff01a33bff983
S2,W2-d7be2aee6a7a4043e359ec38,BASE_TRAIN,3,1,LG-N1-23bd13bcb39915e16dd6a278,14,0.0047980765228251895,uncalibrated_class1_probability,,93d3892b158c35eccfadc27c879754db69ea5293782492ee5d4ff01a33bff983
S2,W2-d7f31702f79ae2c2560be481,BASE_TRAIN,1,1,LG-N1-6595c64d76b4a1ea8d2927a4,99,0.9231766614798917,uncalibrated_class1_probability,,93d3892b158c35eccfadc27c879754db69ea5293782492ee5d4ff01a33bff983
S2,W2-d8026a986a9a3163c7dcb0e8,BASE_TRAIN,3,0,LG-N1-a3934b46079869f2efd0c161,12,0.0038333262315485804,uncalibrated_class1_probability,,93d3892b158c35eccfadc27c879754db69ea5293782492ee5d4ff01a33bff983
S2,W2-d80a90ff3f787fe79fa5167c,BASE_TRAIN,2,0,LG-N1-5e7f6e4d930a185498192d49,38,0.3691887352800668,uncalibrated_class1_probability,,93d3892b158c35eccfadc27c879754db69ea5293782492ee5d4ff01a33bff983
S2,W2-d81e3a89adc7661ec01a1a4c,BASE_TRAIN,1,1,LG-N1-fcdfc3c21d5f5540d5b371d8,39,0.9996196905581276,uncalibrated_class1_probability,,93d3892b158c35eccfadc27c879754db69ea5293782492ee5d4ff01a33bff983
S2,W2-d8325f4a954aec56e703847f,BASE_TRAIN,0,1,LG-N1-69888a8dfe8fe7aac2fb8138,87,0.9911156538715147,uncalibrated_class1_probability,,93d3892b158c35eccfadc27c879754db69ea5293782492ee5d4ff01a33bff983
S2,W2-d88c0e2869f0007229518616,BASE_TRAIN,3,0,LG-N1-34544f90f37e1c3a59841609,17,0.04721085572330725,uncalibrated_class1_probability,,93d3892b158c35eccfadc27c879754db69ea5293782492ee5d4ff01a33bff983
S2,W2-d8b9cdc3b8606278eb63f387,BASE_TRAIN,2,0,LG-N1-76575fc26700b5e816290543,12,0.0001463760076255305,uncalibrated_class1_probability,,93d3892b158c35eccfadc27c879754db69ea5293782492ee5d4ff01a33bff983
S2,W2-d8e69ad880a8eab96770ca48,BASE_TRAIN,2,1,LG-N1-90c66648ae5842492e7e9584,29,0.9621825536494009,uncalibrated_class1_probability,,93d3892b158c35eccfadc27c879754db69ea5293782492ee5d4ff01a33bff983
S2,W2-d9224504b682f7c8dcad57c8,BASE_TRAIN,4,0,LG-N1-0d3266ebec0ea4789f0153f1,29,0.7975767486401125,uncalibrated_class1_probability,,93d3892b158c35eccfadc27c879754db69ea5293782492ee5d4ff01a33bff983
S2,W2-d9483912e331cc9ed8f295e0,BASE_TRAIN,2,0,LG-N1-df41ab98e8762aa2739e1847,20,0.5066936268262248,uncalibrated_class1_probability,,93d3892b158c35eccfadc27c879754db69ea5293782492ee5d4ff01a33bff983
S2,W2-d9c63357d8d6e72463bc0f48,BASE_TRAIN,2,0,LG-N1-d0f34827d2366d55eac12dcc,9,0.004692923214307645,uncalibrated_class1_probability,,93d3892b158c35eccfadc27c879754db69ea5293782492ee5d4ff01a33bff983
S2,W2-da4da95525d90e7d76d1c4b2,BASE_TRAIN,0,0,LG-N1-ae923deb9d5a9c8bb741336a,8,4.419167661069789e-05,uncalibrated_class1_probability,,93d3892b158c35eccfadc27c879754db69ea5293782492ee5d4ff01a33bff983
S2,W2-da97953abaeb7e00433e4c79,BASE_TRAIN,1,0,LG-N1-4f22d13d57a57de055367889,7,0.0009874876707790777,uncalibrated_class1_probability,,93d3892b158c35eccfadc27c879754db69ea5293782492ee5d4ff01a33bff983
S2,W2-dab790d28c3ee725c19a1355,BASE_TRAIN,2,0,LG-N1-aa554c3facf61892c84364e0,116,0.2909064337866443,uncalibrated_class1_probability,,93d3892b158c35eccfadc27c879754db69ea5293782492ee5d4ff01a33bff983
S2,W2-dacafd311486975f701c904f,BASE_TRAIN,4,0,LG-N1-95037e08161cb55e90bf9cc5,12,0.000123133802855598,uncalibrated_class1_probability,,93d3892b158c35eccfadc27c879754db69ea5293782492ee5d4ff01a33bff983
S2,W2-db245195d973f118ca2a53f0,BASE_TRAIN,0,0,LG-N1-ec2fad401449e2957959bb9b,8,0.00024750557957673797,uncalibrated_class1_probability,,93d3892b158c35eccfadc27c879754db69ea5293782492ee5d4ff01a33bff983
S2,W2-db94ce106da7608c377a6237,BASE_TRAIN,2,1,LG-N1-f38aee375cacc6ab54ad930c,31,0.006012659551082292,uncalibrated_class1_probability,,93d3892b158c35eccfadc27c879754db69ea5293782492ee5d4ff01a33bff983
S2,W2-dbd7ede8a672a3519898a612,BASE_TRAIN,4,0,LG-N1-f90c19fe3a258c8f4121212c,16,0.3437583268459136,uncalibrated_class1_probability,,93d3892b158c35eccfadc27c879754db69ea5293782492ee5d4ff01a33bff983
S2,W2-dbe45a977a09e59ea2fb8c30,BASE_TRAIN,3,0,LG-N1-be356b60828a2441f139d6b2,9,0.002960560510630165,uncalibrated_class1_probability,,93d3892b158c35eccfadc27c879754db69ea5293782492ee5d4ff01a33bff983
S2,W2-dc2a9ebd8eb80e1d3ac9a31e,BASE_TRAIN,1,0,LG-N1-5cf8594f064d238dfc2b68e0,10,0.0011410708168378772,uncalibrated_class1_probability,,93d3892b158c35eccfadc27c879754db69ea5293782492ee5d4ff01a33bff983
S2,W2-dc3d29a859f0a9d809f8bde0,BASE_TRAIN,4,0,LG-N1-ed4e7abbf3741a14b2b848d1,45,0.008325575821732364,uncalibrated_class1_probability,,93d3892b158c35eccfadc27c879754db69ea5293782492ee5d4ff01a33bff983
S2,W2-dc5d316ee7f8d99d9ee4fcfa,BASE_TRAIN,3,0,LG-N1-776f534f478f1d38dae7cf59,11,0.0006786921653633536,uncalibrated_class1_probability,,93d3892b158c35eccfadc27c879754db69ea5293782492ee5d4ff01a33bff983
S2,W2-dc6c09e3b403bb6e1aa43cee,BASE_TRAIN,4,0,LG-N1-405f56c265eedbf9744a59cc,19,0.9599236915187319,uncalibrated_class1_probability,,93d3892b158c35eccfadc27c879754db69ea5293782492ee5d4ff01a33bff983
S2,W2-dc73b93f3372f7316cdb2897,BASE_TRAIN,1,1,LG-N1-7d26dd3a57e007e9dab791b5,33,0.9993784723273889,uncalibrated_class1_probability,,93d3892b158c35eccfadc27c879754db69ea5293782492ee5d4ff01a33bff983
S2,W2-dc848bd0f89a34eb00d43bc5,BASE_TRAIN,2,0,LG-N1-23a756136199c8c84cfe64a0,15,0.004149326037762739,uncalibrated_class1_probability,,93d3892b158c35eccfadc27c879754db69ea5293782492ee5d4ff01a33bff983
S2,W2-dc884f61246fbaed94d17643,BASE_TRAIN,2,1,LG-N1-cb28813076de7db4fa92520f,213,0.9993440719102835,uncalibrated_class1_probability,,93d3892b158c35eccfadc27c879754db69ea5293782492ee5d4ff01a33bff983
S2,W2-dca3a6d74a7cddac86dd571e,BASE_TRAIN,0,0,LG-N1-6744ca10ab789987b04a8a41,33,0.7927838734347935,uncalibrated_class1_probability,,93d3892b158c35eccfadc27c879754db69ea5293782492ee5d4ff01a33bff983
S2,W2-dcd2f24363c72c1a5c851556,BASE_TRAIN,3,0,LG-N1-c425347685189c4ec9c9f1d0,7,0.002067264905843275,uncalibrated_class1_probability,,93d3892b158c35eccfadc27c879754db69ea5293782492ee5d4ff01a33bff983
S2,W2-dcf5b4be61e59467321c8680,BASE_TRAIN,4,0,LG-N1-0461e3b08a54d77abbb05ab9,7,0.0007125953391871846,uncalibrated_class1_probability,,93d3892b158c35eccfadc27c879754db69ea5293782492ee5d4ff01a33bff983
S2,W2-dd2317a66faaf974b05e945d,BASE_TRAIN,3,1,LG-N1-73bd2b1851b7034127348eff,41,0.9734279251453449,uncalibrated_class1_probability,,93d3892b158c35eccfadc27c879754db69ea5293782492ee5d4ff01a33bff983
S2,W2-dd2465b08b55c99a3c33b3c1,BASE_TRAIN,1,1,LG-N1-14850fdb3363b00db7e0a6ab,22,0.00050764663663123,uncalibrated_class1_probability,,93d3892b158c35eccfadc27c879754db69ea5293782492ee5d4ff01a33bff983
S2,W2-dd3d6cdc1732cce5bf74e3a6,BASE_TRAIN,1,0,LG-N1-c0889bb2e98989a1de6eaf73,12,0.0005956723565155333,uncalibrated_class1_probability,,93d3892b158c35eccfadc27c879754db69ea5293782492ee5d4ff01a33bff983
S2,W2-ddad7267f015d678eaf8e3c2,BASE_TRAIN,2,0,LG-N1-dd7135fb73654028640b69f5,13,0.9545873911126697,uncalibrated_class1_probability,,93d3892b158c35eccfadc27c879754db69ea5293782492ee5d4ff01a33bff983
S2,W2-dde84fe181135ba26652de19,BASE_TRAIN,3,0,LG-N1-71037bee38b8d23464e28d64,8,0.0001274960812103624,uncalibrated_class1_probability,,93d3892b158c35eccfadc27c879754db69ea5293782492ee5d4ff01a33bff983
S2,W2-ddfa511ec830c242b8eb4e78,BASE_TRAIN,0,0,LG-N1-0b509645f918df0b6dfc78ed,12,0.7061785739097465,uncalibrated_class1_probability,,93d3892b158c35eccfadc27c879754db69ea5293782492ee5d4ff01a33bff983
S2,W2-df27ad2f372741786d5cb64f,BASE_TRAIN,0,0,LG-N1-16a69dbbb9cb9b14076ee3c3,17,0.01746242698377163,uncalibrated_class1_probability,,93d3892b158c35eccfadc27c879754db69ea5293782492ee5d4ff01a33bff983
S2,W2-df3219e843476cff83e3565f,BASE_TRAIN,0,0,LG-N1-a4732b58ae1f68960ed64a04,15,0.10269611298264057,uncalibrated_class1_probability,,93d3892b158c35eccfadc27c879754db69ea5293782492ee5d4ff01a33bff983
S2,W2-df86d49b156801235ddf93fc,BASE_TRAIN,2,0,LG-N1-61ca42041b5327ae963e6345,10,0.00021545511048339202,uncalibrated_class1_probability,,93d3892b158c35eccfadc27c879754db69ea5293782492ee5d4ff01a33bff983
S2,W2-dfefb1605612144aa94e9eaa,BASE_TRAIN,0,0,LG-N1-cbe247849eaabb3dba36bc8c,98,0.58353787038386,uncalibrated_class1_probability,,93d3892b158c35eccfadc27c879754db69ea5293782492ee5d4ff01a33bff983
S2,W2-e00a227648419ebcc0f36388,BASE_TRAIN,4,0,LG-N1-105861f917d8457da16a91d0,17,0.0014338659546064153,uncalibrated_class1_probability,,93d3892b158c35eccfadc27c879754db69ea5293782492ee5d4ff01a33bff983
S2,W2-e00d80cb014a705fd80f3b5a,BASE_TRAIN,2,0,LG-N1-ebb3eb9dd0acf84b4f03ef20,6,0.0016193721948442794,uncalibrated_class1_probability,,93d3892b158c35eccfadc27c879754db69ea5293782492ee5d4ff01a33bff983
S2,W2-e066b1ed140a1ee93bdf68e8,BASE_TRAIN,3,0,LG-N1-ce50dd6043c849980cce8b22,5,0.06233360786146469,uncalibrated_class1_probability,,93d3892b158c35eccfadc27c879754db69ea5293782492ee5d4ff01a33bff983
S2,W2-e07b1aef955b7fb8fd07771f,BASE_TRAIN,3,0,LG-N1-e688a0a404c3340169e0d179,8,0.0005804707554679834,uncalibrated_class1_probability,,93d3892b158c35eccfadc27c879754db69ea5293782492ee5d4ff01a33bff983
S2,W2-e0c6b9530a24d16706eb01b7,BASE_TRAIN,0,0,LG-N1-e8e4127ff205e15f3da404fe,10,0.0009223506927391771,uncalibrated_class1_probability,,93d3892b158c35eccfadc27c879754db69ea5293782492ee5d4ff01a33bff983
S2,W2-e0ce991b0ce026d4835b8545,BASE_TRAIN,1,0,LG-N1-9cecd74a8df53e67400b0ab4,19,0.4130766421037475,uncalibrated_class1_probability,,93d3892b158c35eccfadc27c879754db69ea5293782492ee5d4ff01a33bff983
S2,W2-e1259ed4c5bd6f24ab092fdb,BASE_TRAIN,3,0,LG-N1-95a2a6c6619e73f2b60942cd,13,0.10533913139456445,uncalibrated_class1_probability,,93d3892b158c35eccfadc27c879754db69ea5293782492ee5d4ff01a33bff983
S2,W2-e12ff02b5d885a0193e1ed03,BASE_TRAIN,2,0,LG-N1-8d205d5b6ba515a7194232ac,15,0.0007554216318062096,uncalibrated_class1_probability,,93d3892b158c35eccfadc27c879754db69ea5293782492ee5d4ff01a33bff983
S2,W2-e1dab2ef528cb08229849bc0,BASE_TRAIN,0,0,LG-N1-37b5b5e62bc4d7474187a3a3,14,0.006234581563131793,uncalibrated_class1_probability,,93d3892b158c35eccfadc27c879754db69ea5293782492ee5d4ff01a33bff983
S2,W2-e1fe3b81692ee8fcb5b22746,BASE_TRAIN,3,0,LG-N1-f9aba516d58a1437a086b0a4,5,0.00021092613702619948,uncalibrated_class1_probability,,93d3892b158c35eccfadc27c879754db69ea5293782492ee5d4ff01a33bff983
S2,W2-e2041b683c682d7a6ad6a001,BASE_TRAIN,2,1,LG-N1-d185b3fbc75bd8690baceb13,23,0.9280378342185033,uncalibrated_class1_probability,,93d3892b158c35eccfadc27c879754db69ea5293782492ee5d4ff01a33bff983
S2,W2-e26749002e8f1dbc1a6c2af8,BASE_TRAIN,2,0,LG-N1-e0d93f03b6483d38c64330a5,10,0.00022621840799575833,uncalibrated_class1_probability,,93d3892b158c35eccfadc27c879754db69ea5293782492ee5d4ff01a33bff983
S2,W2-e298c137965d9d3c2449443b,BASE_TRAIN,2,0,LG-N1-d3fa478fb01bddecf04cf339,10,0.0010520223819151994,uncalibrated_class1_probability,,93d3892b158c35eccfadc27c879754db69ea5293782492ee5d4ff01a33bff983
S2,W2-e2c849490677a628f53bfdeb,BASE_TRAIN,4,1,LG-N1-5a26c55e7381be0903ceb263,16,0.01747606406028666,uncalibrated_class1_probability,,93d3892b158c35eccfadc27c879754db69ea5293782492ee5d4ff01a33bff983
S2,W2-e2f83cc27e331efa83f1ad40,BASE_TRAIN,0,0,LG-N1-a5aac66529bb5fb09dc4a6da,19,0.14646998143477577,uncalibrated_class1_probability,,93d3892b158c35eccfadc27c879754db69ea5293782492ee5d4ff01a33bff983
S2,W2-e325717cb777a9a051f0cea5,BASE_TRAIN,0,0,LG-N1-98f321a8983ae8b199997d1d,6,0.0005589646345453787,uncalibrated_class1_probability,,93d3892b158c35eccfadc27c879754db69ea5293782492ee5d4ff01a33bff983
S2,W2-e3707a0d4aa1329f22bf4a40,BASE_TRAIN,3,1,LG-N1-adda2cf7038bcc52a9c64b66,15,0.0006125747582601316,uncalibrated_class1_probability,,93d3892b158c35eccfadc27c879754db69ea5293782492ee5d4ff01a33bff983
S2,W2-e3a7c2f6e6b1a9d4c1d325bd,BASE_TRAIN,4,0,LG-N1-ac62f6c9c87e72ec49c58fcd,9,0.00038376828437821286,uncalibrated_class1_probability,,93d3892b158c35eccfadc27c879754db69ea5293782492ee5d4ff01a33bff983
S2,W2-e42e29928f695344b8731751,BASE_TRAIN,0,0,LG-N1-5b325bb5aefe7a4afb75c369,13,0.00013957952485018556,uncalibrated_class1_probability,,93d3892b158c35eccfadc27c879754db69ea5293782492ee5d4ff01a33bff983
S2,W2-e42f958efc4dbcdabf1d7c73,BASE_TRAIN,1,0,LG-N1-ff5c0e9a3f8ed452747ade2a,8,0.0013210686132807403,uncalibrated_class1_probability,,93d3892b158c35eccfadc27c879754db69ea5293782492ee5d4ff01a33bff983
S2,W2-e4830510e10b96a775ef189c,BASE_TRAIN,3,0,LG-N1-dc4a24eb642e50c245be9e39,6,0.00023394783528810594,uncalibrated_class1_probability,,93d3892b158c35eccfadc27c879754db69ea5293782492ee5d4ff01a33bff983
S2,W2-e484c179d298904a8df6cb77,BASE_TRAIN,3,1,LG-N1-9658762523cc4b76d8116181,8,0.00015019899954939428,uncalibrated_class1_probability,,93d3892b158c35eccfadc27c879754db69ea5293782492ee5d4ff01a33bff983
S2,W2-e495b7dcf13cbf09532b307a,BASE_TRAIN,1,0,LG-N1-4e6c88bd10b81811a8cb132e,8,0.0017824758872226943,uncalibrated_class1_probability,,93d3892b158c35eccfadc27c879754db69ea5293782492ee5d4ff01a33bff983
S2,W2-e4ad26a545d817093092ac89,BASE_TRAIN,2,1,LG-N1-8556e18cbf5f283543c79165,55,0.9959380175451447,uncalibrated_class1_probability,,93d3892b158c35eccfadc27c879754db69ea5293782492ee5d4ff01a33bff983
S2,W2-e4dd0bdddea17d9438c1a807,BASE_TRAIN,4,0,LG-N1-65ec9328c99d992b895e6d45,22,0.05820187042819365,uncalibrated_class1_probability,,93d3892b158c35eccfadc27c879754db69ea5293782492ee5d4ff01a33bff983
S2,W2-e51bfb3ae216a3c9ca73ecc5,BASE_TRAIN,4,0,LG-N1-31ff25a05b96486a1b8e5cf9,75,0.8629918058019178,uncalibrated_class1_probability,,93d3892b158c35eccfadc27c879754db69ea5293782492ee5d4ff01a33bff983
S2,W2-e52ae7c42a13f36f1f4022c3,BASE_TRAIN,1,1,LG-N1-b711756d589b26c21de331d7,25,0.7132844961673728,uncalibrated_class1_probability,,93d3892b158c35eccfadc27c879754db69ea5293782492ee5d4ff01a33bff983
S2,W2-e56b2b2cf68cf88f085cd28b,BASE_TRAIN,3,0,LG-N1-ee0f4ed6dc7372612bb5595d,17,0.0014161478638266731,uncalibrated_class1_probability,,93d3892b158c35eccfadc27c879754db69ea5293782492ee5d4ff01a33bff983
S2,W2-e56b68c38af0eaa099948592,BASE_TRAIN,2,0,LG-N1-d27f274ef95200c0b260fdb6,14,0.001192503714382968,uncalibrated_class1_probability,,93d3892b158c35eccfadc27c879754db69ea5293782492ee5d4ff01a33bff983
S2,W2-e618d99318d8e546733c499b,BASE_TRAIN,3,0,LG-N1-a35dbfd9ff21b36c98b65122,6,0.0014781507342964246,uncalibrated_class1_probability,,93d3892b158c35eccfadc27c879754db69ea5293782492ee5d4ff01a33bff983
S2,W2-e67d1c51d1a9a17d5e84c2be,BASE_TRAIN,1,0,LG-N1-b347f510e97d90a699484770,14,0.000623290470772981,uncalibrated_class1_probability,,93d3892b158c35eccfadc27c879754db69ea5293782492ee5d4ff01a33bff983
S2,W2-e6a82606693d08d9276b9e91,BASE_TRAIN,0,0,LG-N1-f18f3dfd872c96dc5c79d93c,13,0.1543031826582601,uncalibrated_class1_probability,,93d3892b158c35eccfadc27c879754db69ea5293782492ee5d4ff01a33bff983
S2,W2-e6fdb126f818b34116048b3b,BASE_TRAIN,1,0,LG-N1-5d311f78891f0463b7eb10c2,7,0.00026505604964122375,uncalibrated_class1_probability,,93d3892b158c35eccfadc27c879754db69ea5293782492ee5d4ff01a33bff983
S2,W2-e7255527027c7d6e019497dd,BASE_TRAIN,3,0,LG-N1-f31f515ad131fb7b20abcca6,8,0.0012508769798078362,uncalibrated_class1_probability,,93d3892b158c35eccfadc27c879754db69ea5293782492ee5d4ff01a33bff983
S2,W2-e762a251f4e1d3339a3e51a4,BASE_TRAIN,3,0,LG-N1-66655a814e752d04baa8fe00,28,0.3432760216330693,uncalibrated_class1_probability,,93d3892b158c35eccfadc27c879754db69ea5293782492ee5d4ff01a33bff983
S2,W2-e7c5c3df7e5d8249abcafa21,BASE_TRAIN,4,0,LG-N1-5a07d5246679f72044848e33,17,0.014122814176963516,uncalibrated_class1_probability,,93d3892b158c35eccfadc27c879754db69ea5293782492ee5d4ff01a33bff983
S2,W2-e7d4d95012a9581c8a2ff0c1,BASE_TRAIN,0,0,LG-N1-dd51a68a70b9d7f9a46c59dc,7,0.0003363364964334199,uncalibrated_class1_probability,,93d3892b158c35eccfadc27c879754db69ea5293782492ee5d4ff01a33bff983
S2,W2-e7eb7ee929865a0ef1082d09,BASE_TRAIN,1,0,LG-N1-4c8fe890f9a3138bd4cfdb90,13,0.00011234344741780951,uncalibrated_class1_probability,,93d3892b158c35eccfadc27c879754db69ea5293782492ee5d4ff01a33bff983
S2,W2-e8a4379bb6583221eec1286f,BASE_TRAIN,3,0,LG-N1-ccc328ea55b8a195453181a8,8,0.015818304496911125,uncalibrated_class1_probability,,93d3892b158c35eccfadc27c879754db69ea5293782492ee5d4ff01a33bff983
S2,W2-e8c11ace95c2b2b376b7ee62,BASE_TRAIN,2,0,LG-N1-d304c50a525b2d33354e9f4c,10,0.0001660963451329125,uncalibrated_class1_probability,,93d3892b158c35eccfadc27c879754db69ea5293782492ee5d4ff01a33bff983
S2,W2-e8e2153055b74c218661f7d3,BASE_TRAIN,2,1,LG-N1-fbf0f933879a2ed4aa2a6834,23,0.7884753213910328,uncalibrated_class1_probability,,93d3892b158c35eccfadc27c879754db69ea5293782492ee5d4ff01a33bff983
S2,W2-e92569bc4c06f38bff603c5d,BASE_TRAIN,4,1,LG-N1-830b4ce01a969ffbd55a6ce0,110,0.9472095367529763,uncalibrated_class1_probability,,93d3892b158c35eccfadc27c879754db69ea5293782492ee5d4ff01a33bff983
S2,W2-e93e791e12cccbffa5ade83b,BASE_TRAIN,3,0,LG-N1-5c2f6c7911a0b58f6986bf5d,12,0.0011010517818417123,uncalibrated_class1_probability,,93d3892b158c35eccfadc27c879754db69ea5293782492ee5d4ff01a33bff983
S2,W2-e9d19165a2f9cb50376183aa,BASE_TRAIN,3,0,LG-N1-29e6eb093fb8b9a6c4db736f,13,0.0003366861057928325,uncalibrated_class1_probability,,93d3892b158c35eccfadc27c879754db69ea5293782492ee5d4ff01a33bff983
S2,W2-e9d895ef225f65b534d2ff6f,BASE_TRAIN,1,0,LG-N1-e25ff6725054fff1573d8215,12,0.011447431241449622,uncalibrated_class1_probability,,93d3892b158c35eccfadc27c879754db69ea5293782492ee5d4ff01a33bff983
S2,W2-e9e6d1223268b99b4c3ec855,BASE_TRAIN,0,1,LG-N1-bdd7b6a4dc184d8ae3039974,41,0.9497520970054496,uncalibrated_class1_probability,,93d3892b158c35eccfadc27c879754db69ea5293782492ee5d4ff01a33bff983
S2,W2-ea04386d86d36a8648150077,BASE_TRAIN,2,0,LG-N1-562e84c562e4e5adb364be20,11,0.0032697932674734874,uncalibrated_class1_probability,,93d3892b158c35eccfadc27c879754db69ea5293782492ee5d4ff01a33bff983
S2,W2-ea415f76bf74f4e5fc2dba03,BASE_TRAIN,0,1,LG-N1-dec275fe334cc9136130a5e8,25,0.9356487323615815,uncalibrated_class1_probability,,93d3892b158c35eccfadc27c879754db69ea5293782492ee5d4ff01a33bff983
S2,W2-ea5679908860f124464f471d,BASE_TRAIN,4,0,LG-N1-e76b00b253a23896c0d36aab,12,0.0011349594651649108,uncalibrated_class1_probability,,93d3892b158c35eccfadc27c879754db69ea5293782492ee5d4ff01a33bff983
S2,W2-ea6673ede63fd1ba764f288f,BASE_TRAIN,2,0,LG-N1-71bc7de9ee2e14079e4a6d55,7,0.0033799187839179128,uncalibrated_class1_probability,,93d3892b158c35eccfadc27c879754db69ea5293782492ee5d4ff01a33bff983
S2,W2-ea732f6b0fb33bf1aa304d36,BASE_TRAIN,1,0,LG-N1-d504dd7baf3792a42f62f55d,7,0.00070711943884515,uncalibrated_class1_probability,,93d3892b158c35eccfadc27c879754db69ea5293782492ee5d4ff01a33bff983
S2,W2-ea8a6cc0602cdb6dd81b006b,BASE_TRAIN,3,1,LG-N1-e6afd6831b22830b4b18b682,47,0.999645437734864,uncalibrated_class1_probability,,93d3892b158c35eccfadc27c879754db69ea5293782492ee5d4ff01a33bff983
S2,W2-eaabb1eca88e88e3fd467101,BASE_TRAIN,2,0,LG-N1-9037fbbceb33aae991bc6e54,13,0.0017373110098473173,uncalibrated_class1_probability,,93d3892b158c35eccfadc27c879754db69ea5293782492ee5d4ff01a33bff983
S2,W2-eac71d0825bc1f59bae603b5,BASE_TRAIN,0,0,LG-N1-cfd92833d08731c2820a9ff1,8,0.0002705878205394049,uncalibrated_class1_probability,,93d3892b158c35eccfadc27c879754db69ea5293782492ee5d4ff01a33bff983
S2,W2-eae07c644dbad872465053d7,BASE_TRAIN,2,0,LG-N1-b3c68f6984980f725069af79,40,0.1926050739381854,uncalibrated_class1_probability,,93d3892b158c35eccfadc27c879754db69ea5293782492ee5d4ff01a33bff983
S2,W2-eb6ff5598b280613d2678b01,BASE_TRAIN,0,0,LG-N1-99a5e69cf42d16bf1b7495f8,11,0.0039576760247376054,uncalibrated_class1_probability,,93d3892b158c35eccfadc27c879754db69ea5293782492ee5d4ff01a33bff983
S2,W2-ebad2696d52347b9331d5715,BASE_TRAIN,0,0,LG-N1-cebfd1bb4f648388e9dc1dc6,11,0.04524806359505105,uncalibrated_class1_probability,,93d3892b158c35eccfadc27c879754db69ea5293782492ee5d4ff01a33bff983
S2,W2-ec5ce97e0afd617cf4a60c61,BASE_TRAIN,2,0,LG-N1-e399ebbca5951e988fe58e97,10,0.047930303485356186,uncalibrated_class1_probability,,93d3892b158c35eccfadc27c879754db69ea5293782492ee5d4ff01a33bff983
S2,W2-ec6e6ace960c6e66f172fd23,BASE_TRAIN,4,0,LG-N1-16fdce000124c885437bb7fe,10,0.0011449479544315773,uncalibrated_class1_probability,,93d3892b158c35eccfadc27c879754db69ea5293782492ee5d4ff01a33bff983
S2,W2-ec6f4b2229b6da57ae351e28,BASE_TRAIN,3,0,LG-N1-033f77b11193cbd755ba0870,15,0.0004316511725752929,uncalibrated_class1_probability,,93d3892b158c35eccfadc27c879754db69ea5293782492ee5d4ff01a33bff983
S2,W2-ec7de30be186ce1caa1ef2df,BASE_TRAIN,2,0,LG-N1-2a0807957a63819fe3a731d5,13,0.00046299009336125057,uncalibrated_class1_probability,,93d3892b158c35eccfadc27c879754db69ea5293782492ee5d4ff01a33bff983
S2,W2-ecb67a4cf2cf20d02af44cd6,BASE_TRAIN,3,0,LG-N1-fccbfbbd2e972fcbc72f7a1c,7,0.0029166756483977904,uncalibrated_class1_probability,,93d3892b158c35eccfadc27c879754db69ea5293782492ee5d4ff01a33bff983
S2,W2-ece460ca853eea0f44e5f037,BASE_TRAIN,0,0,LG-N1-1896625a96364a63f8ff2466,12,0.003092114017576224,uncalibrated_class1_probability,,93d3892b158c35eccfadc27c879754db69ea5293782492ee5d4ff01a33bff983
S2,W2-ecf30f3933b53710b881d13c,BASE_TRAIN,1,0,LG-N1-17add71f14e8bc1bf07936b2,12,0.003982876299342695,uncalibrated_class1_probability,,93d3892b158c35eccfadc27c879754db69ea5293782492ee5d4ff01a33bff983
S2,W2-ed307c5ec753864ff4e08a35,BASE_TRAIN,4,0,LG-N1-120ba9265ca8530ebe1b5fd1,5,0.0034863124483235646,uncalibrated_class1_probability,,93d3892b158c35eccfadc27c879754db69ea5293782492ee5d4ff01a33bff983
S2,W2-ed395a139fa17bfe3a0373be,BASE_TRAIN,3,0,LG-N1-6be1c69e0da5a0950b2bdeb7,23,0.10492236127086403,uncalibrated_class1_probability,,93d3892b158c35eccfadc27c879754db69ea5293782492ee5d4ff01a33bff983
S2,W2-ed768bb3eb0af76471a58569,BASE_TRAIN,4,0,LG-N1-905daecdbe4ed5c0daeb413e,13,0.0002640772014919396,uncalibrated_class1_probability,,93d3892b158c35eccfadc27c879754db69ea5293782492ee5d4ff01a33bff983
S2,W2-ed95d0f0a4fd0662db2f2be3,BASE_TRAIN,3,0,LG-N1-59eba740f3eda8fb011ab13e,36,0.7325642038819951,uncalibrated_class1_probability,,93d3892b158c35eccfadc27c879754db69ea5293782492ee5d4ff01a33bff983
S2,W2-eda04b345bcaa60fec31edbe,BASE_TRAIN,0,1,LG-N1-5149dfb26d9b8ddcddf3d288,19,0.8554985432373353,uncalibrated_class1_probability,,93d3892b158c35eccfadc27c879754db69ea5293782492ee5d4ff01a33bff983
S2,W2-eddda48450c8b2e6da0e90d1,BASE_TRAIN,1,0,LG-N1-31adf3e245f99d7bfdceed22,6,0.004099365647253354,uncalibrated_class1_probability,,93d3892b158c35eccfadc27c879754db69ea5293782492ee5d4ff01a33bff983
S2,W2-ee133ff4134051eb07d3e31d,BASE_TRAIN,4,0,LG-N1-e14b51dafdbd94d5ec371d76,18,0.5678111664007577,uncalibrated_class1_probability,,93d3892b158c35eccfadc27c879754db69ea5293782492ee5d4ff01a33bff983
S2,W2-ee30bcefdb7dc27bfcedd95b,BASE_TRAIN,2,0,LG-N1-9977e36307c724b2147e1a06,11,0.00214328575863179,uncalibrated_class1_probability,,93d3892b158c35eccfadc27c879754db69ea5293782492ee5d4ff01a33bff983
S2,W2-ee336948b45885021908f0f0,BASE_TRAIN,0,0,LG-N1-e24a2998646a232e3fa6f875,91,0.3351097186519701,uncalibrated_class1_probability,,93d3892b158c35eccfadc27c879754db69ea5293782492ee5d4ff01a33bff983
S2,W2-ef4a056aa2dfe7a2cf539d49,BASE_TRAIN,0,0,LG-N1-8e8ef8a1c9fbdfcb64abf511,13,0.00024067161209510453,uncalibrated_class1_probability,,93d3892b158c35eccfadc27c879754db69ea5293782492ee5d4ff01a33bff983
S2,W2-ef9fa6fbb9dc78e74453b1c3,BASE_TRAIN,3,0,LG-N1-6a5a5f59714fb9d0b4d5f7e6,18,0.008909166626939732,uncalibrated_class1_probability,,93d3892b158c35eccfadc27c879754db69ea5293782492ee5d4ff01a33bff983
S2,W2-efc31a2fa7e615bdbd03ad7c,BASE_TRAIN,4,0,LG-N1-088c9995570764d514e07109,15,0.017021040011786132,uncalibrated_class1_probability,,93d3892b158c35eccfadc27c879754db69ea5293782492ee5d4ff01a33bff983
S2,W2-f03a58c9f49871e1ad229e6e,BASE_TRAIN,4,0,LG-N1-8828cda5701c43b816f65097,13,0.22932620927110778,uncalibrated_class1_probability,,93d3892b158c35eccfadc27c879754db69ea5293782492ee5d4ff01a33bff983
S2,W2-f0c0c0ff607cc47f91291e33,BASE_TRAIN,2,0,LG-N1-db8ee4f2c35d84965a63c2ca,8,0.0008596499089879006,uncalibrated_class1_probability,,93d3892b158c35eccfadc27c879754db69ea5293782492ee5d4ff01a33bff983
S2,W2-f0cab71fe86ccc6587ea1f23,BASE_TRAIN,3,0,LG-N1-bc915dd4c0da63fb9fea5655,15,0.002991583237370959,uncalibrated_class1_probability,,93d3892b158c35eccfadc27c879754db69ea5293782492ee5d4ff01a33bff983
S2,W2-f215b7083203c7c82b046a2f,BASE_TRAIN,3,1,LG-N1-00c7b87099e7018c57b9f826,69,0.3204032735414938,uncalibrated_class1_probability,,93d3892b158c35eccfadc27c879754db69ea5293782492ee5d4ff01a33bff983
S2,W2-f26b4d23abf80d546422ec07,BASE_TRAIN,3,0,LG-N1-a517ddd30678655614e6032e,14,0.0009551660023696042,uncalibrated_class1_probability,,93d3892b158c35eccfadc27c879754db69ea5293782492ee5d4ff01a33bff983
S2,W2-f2883952f7dde64d00035199,BASE_TRAIN,4,1,LG-N1-098d61b93c3fbff6a68a50c3,29,0.9993755852975271,uncalibrated_class1_probability,,93d3892b158c35eccfadc27c879754db69ea5293782492ee5d4ff01a33bff983
S2,W2-f2bb2cd00b7bb5344148ced6,BASE_TRAIN,2,0,LG-N1-b4d7330d25580d52babc2d7d,10,0.001135050984178162,uncalibrated_class1_probability,,93d3892b158c35eccfadc27c879754db69ea5293782492ee5d4ff01a33bff983
S2,W2-f32a4ce2cfede478d57cbb38,BASE_TRAIN,2,1,LG-N1-9f54c6e3065287dbb3bfdcd6,24,0.019869061768164758,uncalibrated_class1_probability,,93d3892b158c35eccfadc27c879754db69ea5293782492ee5d4ff01a33bff983
S2,W2-f35ccf698c59627cfc7b06cf,BASE_TRAIN,3,0,LG-N1-92b9ff74b205b256a970c321,10,0.000456985556926979,uncalibrated_class1_probability,,93d3892b158c35eccfadc27c879754db69ea5293782492ee5d4ff01a33bff983
S2,W2-f3d84e8f3d819ed42bedf45e,BASE_TRAIN,3,0,LG-N1-5c9dc9d2deae3e8fda7797c8,9,0.0003314160717820945,uncalibrated_class1_probability,,93d3892b158c35eccfadc27c879754db69ea5293782492ee5d4ff01a33bff983
S2,W2-f3ea64b47f47fabecee8f389,BASE_TRAIN,2,0,LG-N1-fcffaf123f486647745f58a4,19,0.0019604530621357905,uncalibrated_class1_probability,,93d3892b158c35eccfadc27c879754db69ea5293782492ee5d4ff01a33bff983
S2,W2-f41c1a7859d161b0f401d17b,BASE_TRAIN,4,0,LG-N1-bb341b13d3caedb0da5d7979,12,0.003253832534138368,uncalibrated_class1_probability,,93d3892b158c35eccfadc27c879754db69ea5293782492ee5d4ff01a33bff983
S2,W2-f44c490bd48fbff448d9fc86,BASE_TRAIN,2,0,LG-N1-db6cd39bd2d90fb0a8504154,9,0.00176477631436047,uncalibrated_class1_probability,,93d3892b158c35eccfadc27c879754db69ea5293782492ee5d4ff01a33bff983
S2,W2-f44e973cc004fd6569aca81d,BASE_TRAIN,1,0,LG-N1-7bb7a80eacafcc93728fe5ea,18,0.17493073626404881,uncalibrated_class1_probability,,93d3892b158c35eccfadc27c879754db69ea5293782492ee5d4ff01a33bff983
S2,W2-f481854be9bfa0ca980d9265,BASE_TRAIN,0,0,LG-N1-3f46bb40418a30c547f2588a,10,0.0011939314705093045,uncalibrated_class1_probability,,93d3892b158c35eccfadc27c879754db69ea5293782492ee5d4ff01a33bff983
S2,W2-f4922dfb0d42b926846e92f5,BASE_TRAIN,1,1,LG-N1-4ff15b0ea4316ac96470862c,18,0.996549498570276,uncalibrated_class1_probability,,93d3892b158c35eccfadc27c879754db69ea5293782492ee5d4ff01a33bff983
S2,W2-f4ca614df019dcba201d93fe,BASE_TRAIN,0,0,LG-N1-49eea28606ea71f216bbb344,7,0.0032976216727855718,uncalibrated_class1_probability,,93d3892b158c35eccfadc27c879754db69ea5293782492ee5d4ff01a33bff983
S2,W2-f4fef64703e7ebbb359773f0,BASE_TRAIN,2,0,LG-N1-0d482d30afff1bfed9f1ac82,8,0.001621762182129635,uncalibrated_class1_probability,,93d3892b158c35eccfadc27c879754db69ea5293782492ee5d4ff01a33bff983
S2,W2-f5694074b636ee3970d25db7,BASE_TRAIN,4,0,LG-N1-6a6a3a3484cb4757b816f2d7,12,0.00014707205214326198,uncalibrated_class1_probability,,93d3892b158c35eccfadc27c879754db69ea5293782492ee5d4ff01a33bff983
S2,W2-f584785b9b2567dd786afb6e,BASE_TRAIN,2,0,LG-N1-5fba7d6d0481eeacb9218564,11,0.005322109252835518,uncalibrated_class1_probability,,93d3892b158c35eccfadc27c879754db69ea5293782492ee5d4ff01a33bff983
S2,W2-f5970254129facb306eb1ed9,BASE_TRAIN,0,0,LG-N1-9d53c68c3b30d6e6226035b2,11,0.00032264580400412406,uncalibrated_class1_probability,,93d3892b158c35eccfadc27c879754db69ea5293782492ee5d4ff01a33bff983
S2,W2-f598f0c1db2e79460c3032d1,BASE_TRAIN,3,0,LG-N1-071de3fd5bcd8483440002e2,8,0.00143640089552094,uncalibrated_class1_probability,,93d3892b158c35eccfadc27c879754db69ea5293782492ee5d4ff01a33bff983
S2,W2-f59a55ee15a445fc7ee6dd3e,BASE_TRAIN,1,1,LG-N1-83d977703415929489894f44,14,0.008472127979893492,uncalibrated_class1_probability,,93d3892b158c35eccfadc27c879754db69ea5293782492ee5d4ff01a33bff983
S2,W2-f5a7df8b08c64bbbd1b70ff9,BASE_TRAIN,2,0,LG-N1-8be946154ee9ee730c27ee0c,32,0.5941575599502839,uncalibrated_class1_probability,,93d3892b158c35eccfadc27c879754db69ea5293782492ee5d4ff01a33bff983
S2,W2-f5e4fa40e011a8beff941142,BASE_TRAIN,4,0,LG-N1-ee9daebd73f9fc2369098879,14,0.0009544260424414184,uncalibrated_class1_probability,,93d3892b158c35eccfadc27c879754db69ea5293782492ee5d4ff01a33bff983
S2,W2-f6041d8b0d414bfb5f94d579,BASE_TRAIN,0,1,LG-N1-490fef14446c20b2ea8d1b52,196,0.9993468532082317,uncalibrated_class1_probability,,93d3892b158c35eccfadc27c879754db69ea5293782492ee5d4ff01a33bff983
S2,W2-f63012f47bcf20587bf73e5f,BASE_TRAIN,2,0,LG-N1-b148a6ab00902ff062c46bc1,8,0.19138769610095863,uncalibrated_class1_probability,,93d3892b158c35eccfadc27c879754db69ea5293782492ee5d4ff01a33bff983
S2,W2-f6499d4a9d126fcabac3ce46,BASE_TRAIN,3,0,LG-N1-1809a4ccfc53fc90efbd9612,15,0.07302434934850704,uncalibrated_class1_probability,,93d3892b158c35eccfadc27c879754db69ea5293782492ee5d4ff01a33bff983
S2,W2-f675d5868a2f79a121ab5ba7,BASE_TRAIN,1,1,LG-N1-d1c74cd14ecdc924089d9965,11,4.673862356115733e-05,uncalibrated_class1_probability,,93d3892b158c35eccfadc27c879754db69ea5293782492ee5d4ff01a33bff983
S2,W2-f6b1593b2c4f837ef8818ae0,BASE_TRAIN,0,0,LG-N1-f1930678947c4ba6d3a4810b,8,0.0051851002971785,uncalibrated_class1_probability,,93d3892b158c35eccfadc27c879754db69ea5293782492ee5d4ff01a33bff983
S2,W2-f6f0bce308248c5adeac12dd,BASE_TRAIN,1,0,LG-N1-cbe607cb9c39d056ce0396ec,18,0.01164981551817218,uncalibrated_class1_probability,,93d3892b158c35eccfadc27c879754db69ea5293782492ee5d4ff01a33bff983
S2,W2-f6ffa032331c48904aed6a53,BASE_TRAIN,1,0,LG-N1-6cb617a0f0b94e67387385a9,11,0.004975539249502652,uncalibrated_class1_probability,,93d3892b158c35eccfadc27c879754db69ea5293782492ee5d4ff01a33bff983
S2,W2-f7be7ed55b79777c5d31ef51,BASE_TRAIN,2,1,LG-N1-3dae8c07c11c9e0b5b6143f8,22,0.22289013061153518,uncalibrated_class1_probability,,93d3892b158c35eccfadc27c879754db69ea5293782492ee5d4ff01a33bff983
S2,W2-f7e3d2b01cedcc241f92e72c,BASE_TRAIN,1,0,LG-N1-9e66db69a024a654aca3da0e,33,0.9974542430159772,uncalibrated_class1_probability,,93d3892b158c35eccfadc27c879754db69ea5293782492ee5d4ff01a33bff983
S2,W2-f7e852f4b665aa55b3a983d6,BASE_TRAIN,1,0,LG-N1-880d206d549a665c11236627,9,0.00015354588130521765,uncalibrated_class1_probability,,93d3892b158c35eccfadc27c879754db69ea5293782492ee5d4ff01a33bff983
S2,W2-f8136c2b3d22f12f29243d4e,BASE_TRAIN,2,0,LG-N1-0461988f2a4861b24911aa56,10,0.029812358687432632,uncalibrated_class1_probability,,93d3892b158c35eccfadc27c879754db69ea5293782492ee5d4ff01a33bff983
S2,W2-f838172f3c8efe3f7651bac9,BASE_TRAIN,1,0,LG-N1-1be0ca57f8745770a9016e8f,25,0.030275406509484903,uncalibrated_class1_probability,,93d3892b158c35eccfadc27c879754db69ea5293782492ee5d4ff01a33bff983
S2,W2-f874fc167b4926d94c5b78a9,BASE_TRAIN,4,0,LG-N1-463772397730b04cf2f7dabb,9,0.0012225614464945356,uncalibrated_class1_probability,,93d3892b158c35eccfadc27c879754db69ea5293782492ee5d4ff01a33bff983
S2,W2-f8877fee62fa53a9f0b2e4e7,BASE_TRAIN,4,0,LG-N1-21fc2e11f684502e99cd7a4f,14,0.0002665665086159388,uncalibrated_class1_probability,,93d3892b158c35eccfadc27c879754db69ea5293782492ee5d4ff01a33bff983
S2,W2-f89164635fab171fd439fd37,BASE_TRAIN,1,0,LG-N1-2291ef1f2bdd4d3dbfa716d9,10,0.00026316952188863805,uncalibrated_class1_probability,,93d3892b158c35eccfadc27c879754db69ea5293782492ee5d4ff01a33bff983
S2,W2-f94cd491932ce8fc95230773,BASE_TRAIN,3,0,LG-N1-43d02629fc8fcc9d00825b0f,11,0.0010256761913240557,uncalibrated_class1_probability,,93d3892b158c35eccfadc27c879754db69ea5293782492ee5d4ff01a33bff983
S2,W2-f96652c9385f9ade764c5459,BASE_TRAIN,2,0,LG-N1-cdbbd1e9e1a9f6f98dcb286a,27,0.008053769387439206,uncalibrated_class1_probability,,93d3892b158c35eccfadc27c879754db69ea5293782492ee5d4ff01a33bff983
S2,W2-f9c3309b16986075bcc3021d,BASE_TRAIN,0,0,LG-N1-48e7d96b241347b121a20805,10,0.0001758926185950733,uncalibrated_class1_probability,,93d3892b158c35eccfadc27c879754db69ea5293782492ee5d4ff01a33bff983
S2,W2-f9c929ff7d7fbe34151e07a3,BASE_TRAIN,4,0,LG-N1-ef1b3c3eea1530314db47042,13,0.00021018776772651907,uncalibrated_class1_probability,,93d3892b158c35eccfadc27c879754db69ea5293782492ee5d4ff01a33bff983
S2,W2-f9d8eaf1da58dc670e3276b5,BASE_TRAIN,1,1,LG-N1-4a7555432c1a52f3f9993924,24,0.05603714484133851,uncalibrated_class1_probability,,93d3892b158c35eccfadc27c879754db69ea5293782492ee5d4ff01a33bff983
S2,W2-fa271346860ead1e5b15f495,BASE_TRAIN,1,0,LG-N1-fae4318e8cc2e3878893a02b,17,0.0005859408343415241,uncalibrated_class1_probability,,93d3892b158c35eccfadc27c879754db69ea5293782492ee5d4ff01a33bff983
S2,W2-fac791fe67f8aad3ea6deffe,BASE_TRAIN,0,0,LG-N1-50ad14563543afd8d91f9747,92,0.013082335402729156,uncalibrated_class1_probability,,93d3892b158c35eccfadc27c879754db69ea5293782492ee5d4ff01a33bff983
S2,W2-fb23aadb6d9b9ea952093af4,BASE_TRAIN,0,0,LG-N1-e4f21e80ce9f6480958eec33,8,0.00021201650497946502,uncalibrated_class1_probability,,93d3892b158c35eccfadc27c879754db69ea5293782492ee5d4ff01a33bff983
S2,W2-fb2f6e4cee865d25fcc5385d,BASE_TRAIN,2,0,LG-N1-e43c3a47564268077d6153ba,9,0.000487438355355456,uncalibrated_class1_probability,,93d3892b158c35eccfadc27c879754db69ea5293782492ee5d4ff01a33bff983
S2,W2-fbbc42de0167dc5191c4db32,BASE_TRAIN,3,0,LG-N1-f2515b0ee9484c6617dadbbc,14,0.0006560569949190248,uncalibrated_class1_probability,,93d3892b158c35eccfadc27c879754db69ea5293782492ee5d4ff01a33bff983
S2,W2-fc3b8e7f263548a6d536d797,BASE_TRAIN,4,0,LG-N1-4e9e8acb552239e506436470,10,0.00010713014265668541,uncalibrated_class1_probability,,93d3892b158c35eccfadc27c879754db69ea5293782492ee5d4ff01a33bff983
S2,W2-fc6f1ce23316a4c8317dc8d1,BASE_TRAIN,1,1,LG-N1-be1696e5a575940cb2e455cc,151,0.9981998995691553,uncalibrated_class1_probability,,93d3892b158c35eccfadc27c879754db69ea5293782492ee5d4ff01a33bff983
S2,W2-fcba0858eabadca92a7fcf9c,BASE_TRAIN,4,0,LG-N1-2d14d73fe319167a6e092aa7,15,0.0201201708260415,uncalibrated_class1_probability,,93d3892b158c35eccfadc27c879754db69ea5293782492ee5d4ff01a33bff983
S2,W2-fcd753c2dba2599787355bbc,BASE_TRAIN,4,0,LG-N1-be4816b9274e1eac31d671a9,17,0.04064166753172772,uncalibrated_class1_probability,,93d3892b158c35eccfadc27c879754db69ea5293782492ee5d4ff01a33bff983
S2,W2-fcfa6d6f06540fd30d82809f,BASE_TRAIN,3,0,LG-N1-6d5f6ffc6b2f22862e6ad64c,16,0.16201647898237612,uncalibrated_class1_probability,,93d3892b158c35eccfadc27c879754db69ea5293782492ee5d4ff01a33bff983
S2,W2-fd0c9728e48ec4c63230079c,BASE_TRAIN,2,0,LG-N1-fe4d4b2c21538eccc74151a2,19,0.0031503393413594223,uncalibrated_class1_probability,,93d3892b158c35eccfadc27c879754db69ea5293782492ee5d4ff01a33bff983
S2,W2-fd0edce69035eabf95ff582d,BASE_TRAIN,0,0,LG-N1-dd3083187d9a6ed97f570f72,12,0.0009317057577691785,uncalibrated_class1_probability,,93d3892b158c35eccfadc27c879754db69ea5293782492ee5d4ff01a33bff983
S2,W2-fd2da2d4f62daf8381381a51,BASE_TRAIN,1,0,LG-N1-f73f32fdf9ea8961d14c9efa,11,0.009700762294840109,uncalibrated_class1_probability,,93d3892b158c35eccfadc27c879754db69ea5293782492ee5d4ff01a33bff983
S2,W2-fd4b74534c7d5fdc08f219b9,BASE_TRAIN,4,0,LG-N1-c37a262424f3424a3f485321,10,4.44961495327731e-05,uncalibrated_class1_probability,,93d3892b158c35eccfadc27c879754db69ea5293782492ee5d4ff01a33bff983
S2,W2-fd5dd46497684d9a56fab844,BASE_TRAIN,0,0,LG-N1-4817a00d747138b8ac2da8a3,16,0.02144710696451267,uncalibrated_class1_probability,,93d3892b158c35eccfadc27c879754db69ea5293782492ee5d4ff01a33bff983
S2,W2-fd79cfea53e8e96a27639125,BASE_TRAIN,0,0,LG-N1-3281a5609e89f5e838c05161,13,0.023340562393097175,uncalibrated_class1_probability,,93d3892b158c35eccfadc27c879754db69ea5293782492ee5d4ff01a33bff983
S2,W2-fdb4ed0ebc8259ae01b78c89,BASE_TRAIN,1,0,LG-N1-ebee97bd998d5d3f48698278,9,0.001808239860051363,uncalibrated_class1_probability,,93d3892b158c35eccfadc27c879754db69ea5293782492ee5d4ff01a33bff983
S2,W2-fe5926af8cc17ab27745a8d9,BASE_TRAIN,1,0,LG-N1-a1270188112c115fe4d663f2,10,0.0011817505792288993,uncalibrated_class1_probability,,93d3892b158c35eccfadc27c879754db69ea5293782492ee5d4ff01a33bff983
S2,W2-fe5b371682ac35d722cea9fd,BASE_TRAIN,0,0,LG-N1-3df63c8844f751d1212f5b75,13,0.002503911915539479,uncalibrated_class1_probability,,93d3892b158c35eccfadc27c879754db69ea5293782492ee5d4ff01a33bff983
S2,W2-ff293bb113f429b5513c4cdb,BASE_TRAIN,3,0,LG-N1-ab1a2aa6217f2b9b1ed4c8bf,16,0.10093701638493872,uncalibrated_class1_probability,,93d3892b158c35eccfadc27c879754db69ea5293782492ee5d4ff01a33bff983
S2,W2-ff9806964a43980fab7d7390,BASE_TRAIN,2,1,LG-N1-c8af7527d6f4dbf798fec5cf,77,0.09760901955706065,uncalibrated_class1_probability,,93d3892b158c35eccfadc27c879754db69ea5293782492ee5d4ff01a33bff983
S2,W2-ffa0da4db7e8613cedc9e88e,BASE_TRAIN,2,0,LG-N1-2714878b02a998df374b9f90,13,0.0008646625757646616,uncalibrated_class1_probability,,93d3892b158c35eccfadc27c879754db69ea5293782492ee5d4ff01a33bff983
S2,W2-ffed1310cf426b22ecc551e4,BASE_TRAIN,0,1,LG-N1-ba129ec809e214a775679e6a,29,0.0091536863022064,uncalibrated_class1_probability,,93d3892b158c35eccfadc27c879754db69ea5293782492ee5d4ff01a33bff983
