sample_id,partition,label,lineage_group,source_name,outer_fold
W2-00c4e1c4dbf58fdced5050c4,BASE_TRAIN,0,LG-N1-6cbe4c8d502047796a80df94,deepset Prompt Injection,1
W2-00e505c00d56b9adbb47f37f,BASE_TRAIN,0,LG-N1-ee266f41152c2d4585362923,Do-Not-Answer,4
W2-011f663bc77b41e6a5cbe3f0,BASE_TRAIN,0,LG-N1-41dda7fb75e1cb181f8023c9,Do-Not-Answer,0
W2-016aa5cc3e8174bc5b98974c,BASE_TRAIN,0,LG-N1-7731032d0d87c4c97c8a67a6,Do-Not-Answer,3
W2-01791b221ed41bdf47e3382e,BASE_TRAIN,1,LG-N1-db9fcd4154104576c84e2ffb,deepset Prompt Injection,2
W2-018f51e65b664e0e0cac1846,BASE_TRAIN,0,LG-N1-f6d032eb0930467f2696cc29,Do-Not-Answer,0
W2-01bce328ca138725a464af41,BASE_TRAIN,0,LG-N1-e0477b2f7bf8c03c795dc69a,Do-Not-Answer,0
W2-01e575d9ee1251e8fdeac9cc,BASE_TRAIN,1,LG-N1-beb5daaf25aaa1b811e657d4,deepset Prompt Injection,3
W2-01edc725d4d55d68488ef00a,BASE_TRAIN,0,LG-N1-36fe6323a16e3539d9ff76a4,Do-Not-Answer,0
W2-026608a5fe3ba90b791e7775,BASE_TRAIN,0,LG-N1-9f48da08a79d595db445159e,Do-Not-Answer,2
W2-026aa2ba5313fea4a96e84a2,BASE_TRAIN,0,LG-N1-3b350ea815a2f9d87c97f151,Do-Not-Answer,4
W2-028e75133c29035d9ac2526e,BASE_TRAIN,0,LG-N1-28f9b2735c3c97a74b4c4fc8,Do-Not-Answer,3
W2-02cc083fe0b5dd1c1d2aa37b,BASE_TRAIN,0,LG-N1-2fbbb3db83254d1bc7690b77,Do-Not-Answer,4
W2-03049aab35894a958057c539,BASE_TRAIN,0,LG-N1-d81113a5e4ca2b64b848f998,deepset Prompt Injection,0
W2-03173a0fb2e8427d290b6741,BASE_TRAIN,1,LG-N1-cc24dc0bdbb2bbe8747fb886,deepset Prompt Injection,1
W2-033a306e296a0ff8e39cb504,BASE_TRAIN,0,LG-N1-c83d24c2a217f101ec82377d,Do-Not-Answer,2
W2-0342ca5af1cd3b0b051afbee,BASE_TRAIN,0,LG-N1-b83dac1d23c1c57a670bddd7,Do-Not-Answer,0
W2-0347ab951fe55e5dc0f4e0f8,BASE_TRAIN,0,LG-N1-f3e37cfe076760598cd574fb,deepset Prompt Injection,4
W2-0363c397e38a57338f15ebf8,BASE_TRAIN,0,LG-N1-9cf6470853279698734769c8,deepset Prompt Injection,1
W2-038c730abefc8f7933187a82,BASE_TRAIN,1,LG-N1-f141c2a506c6c30666afcab8,deepset Prompt Injection,3
W2-04252da2cc6da60672f9e52d,BASE_TRAIN,0,LG-N1-ee78875423fc77327a40b050,Do-Not-Answer,4
W2-04540c494b7858e9cc5230ce,BASE_TRAIN,0,LG-N1-dd5443080610d3cd29a64be6,deepset Prompt Injection,4
W2-050e0901e322b560f8749b7d,BASE_TRAIN,1,LG-N1-84d39302f704c242d8d16e4b,deepset Prompt Injection,2
W2-051e08c0f8a5d2586bad3e6e,BASE_TRAIN,1,LG-N1-70ca1e5d53b3e11feb80b1f2,deepset Prompt Injection,2
W2-053aa29a2bde68235a43aa67,BASE_TRAIN,0,LG-N1-647862e5401fc8027b6c3636,Do-Not-Answer,4
W2-053bff90b0fb3eb7f7497f4a,BASE_TRAIN,0,LG-N1-f53b20f62a6fcbc2431bc61e,Do-Not-Answer,2
W2-0565f4d0634f3025b76e538d,BASE_TRAIN,0,LG-N1-97860b91a8c14fdea984b83d,Do-Not-Answer,4
W2-05c635fbca01441833a74933,BASE_TRAIN,0,LG-N1-61e57eb6bb002d5f54d94789,Do-Not-Answer,4
W2-0661ee949ff4da481f30f398,BASE_TRAIN,0,LG-N1-2baaa692336e04034a99b4b3,deepset Prompt Injection,4
W2-066e344a62ebc4797595d49d,BASE_TRAIN,0,LG-N1-e4e2601bf8ad2631b2c16d07,deepset Prompt Injection,1
W2-068d943d72e9983618519e91,BASE_TRAIN,0,LG-N1-143dd39e2e3c325db80ed1a2,Do-Not-Answer,4
W2-06e5c28c57ddaa934979bbc5,BASE_TRAIN,0,LG-N1-8ef55ec3f77479db18782940,Do-Not-Answer,3
W2-0714b392858e3423878af49e,BASE_TRAIN,0,LG-N1-6c23efa3db85ee7cf608701d,deepset Prompt Injection,1
W2-0744c8b983126a8ed02c0608,BASE_TRAIN,0,LG-N1-6c27a33f7c0ee72ff8adc243,Do-Not-Answer,0
W2-0780549bd32f59a97adb3967,BASE_TRAIN,0,LG-N1-ee5c9a7ada25d64ab7eff1e3,deepset Prompt Injection,3
W2-07c873894f38ef87284bb971,BASE_TRAIN,0,LG-N1-10016ff903c442ce2f878518,deepset Prompt Injection,4
W2-07dbb93653f44db520ef7eff,BASE_TRAIN,0,LG-N1-1ae0f515f3608c6bd04d8099,Do-Not-Answer,3
W2-07e5e560ee9934a5dfe47f74,BASE_TRAIN,0,LG-N1-8a2d592a323557d6a654866a,Do-Not-Answer,4
W2-0815f81746c523f563f5e977,BASE_TRAIN,0,LG-N1-4af8e665b2eb3c1a6fd05e77,Do-Not-Answer,3
W2-085199c6f7863b09ca9b7c56,BASE_TRAIN,0,LG-N1-652c1277daef72cb2908bd1f,Do-Not-Answer,4
W2-08bbfbc0de09c85024bb229f,BASE_TRAIN,0,LG-N1-45f50774be9895d83290579f,Do-Not-Answer,0
W2-090cbc3dd8e14febd4b3a9cd,BASE_TRAIN,0,LG-N1-af4304430ad93f2819ee0825,Do-Not-Answer,2
W2-097aa7b97f5b39a0b061bc87,BASE_TRAIN,0,LG-N1-8469ed9eae49976138875d33,Do-Not-Answer,0
W2-09aca32b72653dcefc6309ca,BASE_TRAIN,0,LG-N1-6a196f0ab2fb77da2f746f5f,Do-Not-Answer,3
W2-0a41786cb0de7c264e8af787,BASE_TRAIN,1,LG-N1-5ec1268c0eb2a56dedefcfb4,deepset Prompt Injection,4
W2-0a55cd36375fdf2d5cbc27ba,BASE_TRAIN,0,LG-N1-acc9af86f5a8e18ecf3f9fac,deepset Prompt Injection,2
W2-0aa9ab25756e014ad20831e4,BASE_TRAIN,0,LG-N1-77f4be19da6698c7243c167d,Do-Not-Answer,0
W2-0b0e214a9c99a6c2986178b4,BASE_TRAIN,1,LG-N1-82ce45b876e78558aa9848b8,deepset Prompt Injection,3
W2-0bbfaccc6c56835926821b31,BASE_TRAIN,0,LG-N1-47e2da34a117eae0d1294b9c,deepset Prompt Injection,0
W2-0bd4eb25a50e16a0bec82fe5,BASE_TRAIN,0,LG-N1-00733abeb5511a609c4a9c4c,Do-Not-Answer,1
W2-0c3a2f30a14df774f28c035e,BASE_TRAIN,0,LG-N1-10805e051d111fd90afd3dea,Do-Not-Answer,0
W2-0ca44674b2d451c7fcda0f39,BASE_TRAIN,0,LG-N1-9746f85cf04cedbe10336c41,deepset Prompt Injection,0
W2-0cb8439ce9385dc2498c4180,BASE_TRAIN,1,LG-N1-01717fde76e267940a9f4846,deepset Prompt Injection,4
W2-0cbae84614b9603491fb1cae,BASE_TRAIN,0,LG-N1-bda915dbdb3851337e765f47,Do-Not-Answer,2
W2-0ccec568b3084e4b9c707551,BASE_TRAIN,0,LG-N1-3425b23330f7c9ac9a1e5cb3,Do-Not-Answer,1
W2-0ce0c85aa9bd7f34281836e7,BASE_TRAIN,0,LG-N1-50f85f5ad511d5953edfa957,Do-Not-Answer,1
W2-0ce207c45b0d1ab175edbb61,BASE_TRAIN,1,LG-N1-c99e7c2907facb5ee87fd207,deepset Prompt Injection,4
W2-0cead47cb4a020c01c06951c,BASE_TRAIN,0,LG-N1-bc85090d3166afa830dd2f29,deepset Prompt Injection,4
W2-0cff063bfacb9f506f6d9238,BASE_TRAIN,0,LG-N1-60de7e36707ea1033603c7c4,Do-Not-Answer,1
W2-0d0c3f0d247435f0ad73f444,BASE_TRAIN,0,LG-N1-b45519f9430b39953bbb59b1,Do-Not-Answer,1
W2-0d99436088714b5703d75b75,BASE_TRAIN,0,LG-N1-57c743fb41822e513c42daf9,deepset Prompt Injection,2
W2-0e009a74b43a570f7e265b43,BASE_TRAIN,1,LG-N1-d83f1922752ebaa19be74e9c,deepset Prompt Injection,4
W2-0e09f841c0a6daaf6cf4cfe3,BASE_TRAIN,0,LG-N1-ad4a1332a1719051bcb4359c,Do-Not-Answer,1
W2-0e0a3fcda4ec1fa43a655e91,BASE_TRAIN,0,LG-N1-394f146ecfb89ab34186c558,Do-Not-Answer,2
W2-0e38d5f9af592cd3621aa565,BASE_TRAIN,0,LG-N1-0e65bfea042a32c5b89c2f4d,Do-Not-Answer,4
W2-0e512e56f64a8f882e2ff0f6,BASE_TRAIN,0,LG-N1-6da8e8b69d60c6896ca16971,Do-Not-Answer,3
W2-0e61ca32c27654112d3bc3ca,BASE_TRAIN,1,LG-N1-45bce5ba2ba8559374ca6590,deepset Prompt Injection,2
W2-0ee28e5821c10a52f23e1a53,BASE_TRAIN,1,LG-N1-c567bed2b3194d3f44e31878,deepset Prompt Injection,0
W2-0ee6327b08a0323321ae34e9,BASE_TRAIN,0,LG-N1-56d926e9b4553baaca93d5a5,Do-Not-Answer,0
W2-0f317fcd82b27eff7b0fd631,BASE_TRAIN,0,LG-N1-ec45acbebe45c9dfcbe78622,Do-Not-Answer,4
W2-0f497157f8d205abfd53756e,BASE_TRAIN,0,LG-N1-134b1565b3e26fda2b867660,deepset Prompt Injection,0
W2-0f65e57c9e18c213e51461bf,BASE_TRAIN,0,LG-N1-059d09081a2738b1865c42ad,Do-Not-Answer,1
W2-0f7c90f64de5473d994a337f,BASE_TRAIN,0,LG-N1-7ca3dca21f047a56256a4a12,deepset Prompt Injection,3
W2-0f7da4b36ee883bb63f971b9,BASE_TRAIN,0,LG-N1-1f3683722c2d38c58400226b,Do-Not-Answer,4
W2-0fa75cf60b21feb983e27290,BASE_TRAIN,1,LG-N1-ea06b86e3959e8368d8b3b7e,deepset Prompt Injection,4
W2-0fbd7369b4979b4f21a5bec6,BASE_TRAIN,0,LG-N1-8cfb7217f32d9cda0cca294c,Do-Not-Answer,0
W2-0fef2b72eb6fac69adc3686f,BASE_TRAIN,0,LG-N1-de4a4140f575a2a6fad27933,Do-Not-Answer,0
W2-0ff5214eb96414ba0789dcef,BASE_TRAIN,0,LG-N1-885e5a4254a1840b0cc19fc8,Do-Not-Answer,2
W2-101cc426ceec827b9691e391,BASE_TRAIN,1,LG-N1-df414948c2678283bfb2e1bc,deepset Prompt Injection,3
W2-108fbab613fc8caed3f8fab4,BASE_TRAIN,0,LG-N1-beb61d14acf42f78bac83cc8,Do-Not-Answer,1
W2-10950ba78fc46fd9428114d2,BASE_TRAIN,1,LG-N1-6d89789f3c40dfada104ca03,deepset Prompt Injection,4
W2-114f092c82d9dd24cea1386f,BASE_TRAIN,0,LG-N1-957629a49d22c8ebf8ee3100,Do-Not-Answer,4
W2-117540e2304b353a364a0a15,BASE_TRAIN,0,LG-N1-d96298249e105ccb65663d6e,deepset Prompt Injection,2
W2-119907116c9ccfd32f5434db,BASE_TRAIN,0,LG-N1-4351c027402ed578282760a9,Do-Not-Answer,1
W2-11d5f7faad9a82520cada11c,BASE_TRAIN,1,LG-N1-33a3c89194a7dfbf5fdaa0a5,deepset Prompt Injection,0
W2-11dd637e258cda3dd929901d,BASE_TRAIN,0,LG-N1-10ba9916e239b3eb031bec6c,Do-Not-Answer,4
W2-11e88f8505cb529d5d58d877,BASE_TRAIN,0,LG-N1-8f0ce9a6730a53f3b998b00d,Do-Not-Answer,1
W2-1257b66e503afb372e48512b,BASE_TRAIN,0,LG-N1-2015c32d6c9c9cfc1dc4bc22,deepset Prompt Injection,4
W2-127d8c766251a80de743dff6,BASE_TRAIN,0,LG-N1-8aff0fca7317b1ab9e4c4453,Do-Not-Answer,3
W2-129172d06511a6a0b98af867,BASE_TRAIN,0,LG-N1-09ea3274ebc38bb25714927a,Do-Not-Answer,4
W2-133070455b2ce7da2b70ed55,BASE_TRAIN,0,LG-N1-bb5b0a35345f968405c8b77d,deepset Prompt Injection,1
W2-133810ceb1ecc72a14c691a6,BASE_TRAIN,0,LG-N1-99e3b9cce0e687b2d3ba093f,Do-Not-Answer,4
W2-1358a68c4f6c0912666fa2a5,BASE_TRAIN,0,LG-N1-59e4e230f8161abf03f85fe4,Do-Not-Answer,4
W2-13b1bee601795417a63ca67c,BASE_TRAIN,0,LG-N1-ac1f9d53d978c04aca01ea49,Do-Not-Answer,2
W2-13b7e7189ba67eedaad03002,BASE_TRAIN,0,LG-N1-aeb0a8519ad014cd56df6996,deepset Prompt Injection,0
W2-14aba838e2ba35ee55ccd61c,BASE_TRAIN,0,LG-N1-b3d1e8bd42229bd9221a8bda,Do-Not-Answer,2
W2-15b741cb7bbc292d445c5b58,BASE_TRAIN,0,LG-N1-89d00440d72a5ec9c0be2a90,deepset Prompt Injection,0
W2-16197f75786399a54c410834,BASE_TRAIN,0,LG-N1-9a540678c0648c0094ded781,Do-Not-Answer,1
W2-166ea1cc3f56cc974935b0e8,BASE_TRAIN,0,LG-N1-9864fbbf2d9b1b744716f951,Do-Not-Answer,4
W2-171337486482cb901c28e78d,BASE_TRAIN,0,LG-N1-2be8b3ab55de0111cf1d6042,deepset Prompt Injection,2
W2-17524b305b0b9d78a7666484,BASE_TRAIN,1,LG-N1-a16e559267996fcfd0c3aea0,deepset Prompt Injection,2
W2-177a11867b41f7aca8167790,BASE_TRAIN,0,LG-N1-9245f18f6a059214309834ee,deepset Prompt Injection,4
W2-17a1c65bac93fcff654499ca,BASE_TRAIN,0,LG-N1-3e233ca0da20ec41626a08c1,Do-Not-Answer,1
W2-17c45256dfcdaf90e294b55a,BASE_TRAIN,0,LG-N1-189ece3a5073071b1018db13,Do-Not-Answer,1
W2-1812badc812ec8ef03517846,BASE_TRAIN,0,LG-N1-9c6dbf031b6e307dfcdae928,Do-Not-Answer,0
W2-182292c9cb6cc2cd856ad040,BASE_TRAIN,0,LG-N1-b6084b208c114c7593b94386,Do-Not-Answer,3
W2-18a48eeb90a83291b3f8ea6e,BASE_TRAIN,0,LG-N1-1b7f4ede4a7731ea51f04489,Do-Not-Answer,0
W2-18d8cb9b9d5246c424553af9,BASE_TRAIN,0,LG-N1-6cab45c49f6961ae8930b04c,deepset Prompt Injection,4
W2-1927fa3a1aba63e44e5ad9b4,BASE_TRAIN,0,LG-N1-0e92547c0467662f57999fb6,Do-Not-Answer,3
W2-19d010cf25be35dbc8e97667,BASE_TRAIN,0,LG-N1-e14eeca9d2e2e49f9c650f75,Do-Not-Answer,0
W2-19ec970d00164104be2be29d,BASE_TRAIN,1,LG-N1-d328a5277b954feb2bd593da,deepset Prompt Injection,0
W2-19f7bac8593c14e5928498c9,BASE_TRAIN,0,LG-N1-9cef6a14ceaf692a285dd0d3,Do-Not-Answer,3
W2-1a4ac34660c40878c5d81eab,BASE_TRAIN,0,LG-N1-5932e7a6915a7e683b27ac64,Do-Not-Answer,4
W2-1a672f7761531b7fe13cf40d,BASE_TRAIN,0,LG-N1-de1d02db3ba2767634b52b3a,deepset Prompt Injection,3
W2-1a9b1ec54abed4a2e135cc16,BASE_TRAIN,0,LG-N1-abebd482e30c4e61eb5b153b,Do-Not-Answer,1
W2-1abc4e84595c92b6c82e61bf,BASE_TRAIN,0,LG-N1-1e9eadc1323b4862050b5ee5,deepset Prompt Injection,0
W2-1b2ea964ae75b516affae1d4,BASE_TRAIN,0,LG-N1-e2490a1fd724476ad8112a23,Do-Not-Answer,4
W2-1b4b3759773876b3c3cf9fd8,BASE_TRAIN,0,LG-N1-7750d2a34b0eb68d85593127,Do-Not-Answer,0
W2-1b5b99ba64bd349f7fbd882d,BASE_TRAIN,0,LG-N1-c9076e76f74f890ae6d58549,Do-Not-Answer,3
W2-1c04a70084e09a9fda9ea969,BASE_TRAIN,0,LG-N1-0ef38fc66ed35d541bd918ee,Do-Not-Answer,1
W2-1c5f4bea38afd7b8101404c8,BASE_TRAIN,0,LG-N1-cf688e21599b9077128e3cdb,Do-Not-Answer,4
W2-1c75b8e44c3a26c961f974be,BASE_TRAIN,1,LG-N1-0f553d6379975a5b5dafcb57,deepset Prompt Injection,1
W2-1cd8b29792672649c6871424,BASE_TRAIN,0,LG-N1-af21955a44aca6fad3345928,Do-Not-Answer,4
W2-1cfbf1159f11d654670ebacd,BASE_TRAIN,1,LG-N1-c16e6318e8e94fec8a3591d9,deepset Prompt Injection,2
W2-1d94bee2b247d08f0de61317,BASE_TRAIN,0,LG-N1-10830c92b957b3ebab99f51e,Do-Not-Answer,4
W2-1e0bc284d65d1fc7edeea0ec,BASE_TRAIN,0,LG-N1-a9a93bc5449db348471551fc,Do-Not-Answer,2
W2-1e68e094980a0ecd9f6211a2,BASE_TRAIN,0,LG-N1-6890eb7b276f1371a234353a,Do-Not-Answer,4
W2-1e6e30e1b50e8b2e79a895de,BASE_TRAIN,0,LG-N1-ebb682229c84d223a2c75144,Do-Not-Answer,3
W2-1eb47d517a94c494edf398aa,BASE_TRAIN,1,LG-N1-38ac9bfd06974e37f7313791,deepset Prompt Injection,2
W2-1edb5d8184ebeffd70e13f83,BASE_TRAIN,0,LG-N1-da8134c6dd34cd531cd8b1a8,Do-Not-Answer,3
W2-1ee79c5d5687b9392d7b9837,BASE_TRAIN,0,LG-N1-dcb4c5114069b25da6aa822a,deepset Prompt Injection,2
W2-1f19690753305e65867cf10e,BASE_TRAIN,0,LG-N1-729c085975fdea568144a5aa,deepset Prompt Injection,2
W2-1f43cad704446bea5260274c,BASE_TRAIN,0,LG-N1-9e00e068f913cf8dbdd8184c,Do-Not-Answer,2
W2-1f78d5155aaf6e2490c4e687,BASE_TRAIN,0,LG-N1-a95398710f2970dba5aebbbc,Do-Not-Answer,3
W2-1fa1ce5a80e079560b3b2cdf,BASE_TRAIN,0,LG-N1-db79ad7adf852d06a4d73a5e,deepset Prompt Injection,1
W2-2080fb9b7dddf0335ff0d330,BASE_TRAIN,0,LG-N1-de4563966de0eb1a0e4356e1,deepset Prompt Injection,0
W2-20abc6f9821595fddc79fff4,BASE_TRAIN,0,LG-N1-b1626ea270ded1ad06a77ded,Do-Not-Answer,4
W2-20e13a9095fb8e96c32f47c2,BASE_TRAIN,0,LG-N1-d6b4a4046e5750cf1d568c1b,Do-Not-Answer,4
W2-2123c9957dbf14e286b2ed88,BASE_TRAIN,0,LG-N1-e066668f9eacb2948b72d5f9,Do-Not-Answer,2
W2-21603d9678b197ba16b28f9d,BASE_TRAIN,0,LG-N1-86d8e480394f5c34b158abef,deepset Prompt Injection,3
W2-21b463942ccd449bdbead614,BASE_TRAIN,0,LG-N1-b283451000ea5695bfddbe32,deepset Prompt Injection,4
W2-21e29a5f0c55994269d1f4b8,BASE_TRAIN,0,LG-N1-0f7367788f7366a7c70a49b6,deepset Prompt Injection,2
W2-21ff1580e9595a0d5cb0b3a6,BASE_TRAIN,1,LG-N1-4a7c634bd35c4592a2d23a5a,deepset Prompt Injection,3
W2-223afedc4fea975882eb3115,BASE_TRAIN,0,LG-N1-07290f0c773436b2f8b08d46,Do-Not-Answer,2
W2-2255901bbe71a5b844fcfd0a,BASE_TRAIN,0,LG-N1-e7e744d6a54747a2403b8bc5,deepset Prompt Injection,4
W2-22822bd94e18271be83e5e5f,BASE_TRAIN,0,LG-N1-ce66a635c8eb355954e4942e,deepset Prompt Injection,0
W2-228917928f2d16d4f5af3d2a,BASE_TRAIN,0,LG-N1-a3fad77b657662b9bff3112f,Do-Not-Answer,0
W2-235209123d94135466034bc6,BASE_TRAIN,0,LG-N1-702de813ddc2eccb32385160,deepset Prompt Injection,2
W2-235a62b40fb0676cb8442b45,BASE_TRAIN,0,LG-N1-ea0f16adffcaf79466b50566,Do-Not-Answer,3
W2-23cd212fd22304ac522af9d0,BASE_TRAIN,1,LG-N1-b549b1b082d58983a1ea264a,deepset Prompt Injection,1
W2-23f0732f84c09ff6a632e7a9,BASE_TRAIN,1,LG-N1-82a79674d8660fdeefb5e43e,deepset Prompt Injection,3
W2-2404cc135c5effd5af8e15d6,BASE_TRAIN,0,LG-N1-cd0deac0901ca60745bb78d2,deepset Prompt Injection,0
W2-240cd73ed32a94d7c91603b5,BASE_TRAIN,1,LG-N1-c3b932bb4a3b14e4ddbc9fa2,deepset Prompt Injection,4
W2-246ccb50ed6e165ccbca80e9,BASE_TRAIN,0,LG-N1-def2a744475e93089d45804c,Do-Not-Answer,0
W2-2569f0e759bb7508133b8fdb,BASE_TRAIN,0,LG-N1-9c06b570ad3473e00aab3786,deepset Prompt Injection,1
W2-25de5b468cc7652d0685cf5d,BASE_TRAIN,0,LG-N1-6ecc8a5d6fa59af5253e88af,Do-Not-Answer,1
W2-260e80427f3715018aca3df9,BASE_TRAIN,0,LG-N1-473e3f417ab391c6a03a6f50,deepset Prompt Injection,0
W2-2638f6d5c6208f09ce1c68ab,BASE_TRAIN,0,LG-N1-17a4c595df1175a511971f2f,Do-Not-Answer,2
W2-263f40b78486c33cb331795e,BASE_TRAIN,1,LG-N1-1fac31bac3d1290055863fb0,deepset Prompt Injection,4
W2-266cf0f31125f12d26fe73e7,BASE_TRAIN,0,LG-N1-88200277ae8d6063dcb039b7,Do-Not-Answer,2
W2-26919a6538e4c252f9f01ddb,BASE_TRAIN,0,LG-N1-656aab06712b3db24d1bbf40,Do-Not-Answer,2
W2-26e156db8415906f3420acd3,BASE_TRAIN,1,LG-N1-a7415299e5b480b583718625,deepset Prompt Injection,2
W2-27e91f792106ea3417d09d71,BASE_TRAIN,0,LG-N1-bc3dc49604f7295e30e99221,Do-Not-Answer,2
W2-27f9c834b619707dc104541f,BASE_TRAIN,0,LG-N1-753ea1a66aa113ddb4924aa5,Do-Not-Answer,1
W2-284d1b72cf2bfa2a1c9e3484,BASE_TRAIN,0,LG-N1-e948cb6752e04df110fcdb50,Do-Not-Answer,0
W2-28987c22bcaa415b5e7246c7,BASE_TRAIN,0,LG-N1-1ccb4f12bb3822ff1f831fa1,Do-Not-Answer,2
W2-289e69ec347686dc149919b1,BASE_TRAIN,0,LG-N1-f113a02347d7a75a0960344d,Do-Not-Answer,2
W2-29751c95ba43353064a8c8f1,BASE_TRAIN,0,LG-N1-c03777b68d91228e60531ae4,Do-Not-Answer,3
W2-29870cbb16f79586a291e7cd,BASE_TRAIN,0,LG-N1-0780a6bdcc713db0386607da,Do-Not-Answer,1
W2-29c552288cff3c23a41ffb88,BASE_TRAIN,0,LG-N1-1fd8e1caa5274eb447a88fb7,Do-Not-Answer,3
W2-29e3cab3e3a5f69302f642fe,BASE_TRAIN,1,LG-N1-ce98e4bd33cca0720b5c38f6,deepset Prompt Injection,1
W2-29e7dc32d6f8d1234b5cb4db,BASE_TRAIN,0,LG-N1-650fac2a92e075b321a0435d,Do-Not-Answer,3
W2-2a4d2ba3f8705e9e3d202ab6,BASE_TRAIN,0,LG-N1-5c06d01849075b014b46f172,Do-Not-Answer,2
W2-2ad1d1769b8c4f91cfa39d67,BASE_TRAIN,1,LG-N1-5bdd16d95caa5ed3287137fb,deepset Prompt Injection,4
W2-2ae69cab23f1fd0de8dc6123,BASE_TRAIN,0,LG-N1-58a355e03f9f1d33d955fc03,deepset Prompt Injection,2
W2-2b2b2e89ea98b89a4f8e8fcf,BASE_TRAIN,0,LG-N1-2526f7da6dc16e8c70625dc7,Do-Not-Answer,3
W2-2b645695cc180fc8c30695cb,BASE_TRAIN,0,LG-N1-0e5cba5c83d0b3ed2649188a,Do-Not-Answer,4
W2-2c6407c2418ec4fc806e4253,BASE_TRAIN,1,LG-N1-7e69d49fbb6e7f23992b7a75,deepset Prompt Injection,0
W2-2c822b2092b96810d0dc7d26,BASE_TRAIN,0,LG-N1-2f1f8683b9529f5a1eee693a,Do-Not-Answer,3
W2-2c9d35f763df3ed76bed4602,BASE_TRAIN,0,LG-N1-68253eb030d23e5ce8c3f86d,Do-Not-Answer,1
W2-2d1ee7d735aa498caa348978,BASE_TRAIN,0,LG-N1-0755230fdb4cc792cc043253,Do-Not-Answer,3
W2-2d60975c8dcdf216bc822f8a,BASE_TRAIN,1,LG-N1-f5ef3052ef580f7972e12324,deepset Prompt Injection,3
W2-2da53150347dd43de8d59a2b,BASE_TRAIN,0,LG-N1-85853856008b72a5c444097e,Do-Not-Answer,0
W2-2dc5b6a206eac1ac7a169d55,BASE_TRAIN,0,LG-N1-1cd1370f49ce61a7db5e2ef3,Do-Not-Answer,0
W2-2e5268f9644a615fbba1fb0a,BASE_TRAIN,0,LG-N1-3970bdbb207d3d99e4a990de,Do-Not-Answer,4
W2-2e5c0b7b868cdf69b5d982aa,BASE_TRAIN,1,LG-N1-9cd5921fab7c695c055609de,deepset Prompt Injection,4
W2-2e7d16e54bbdf7cf690fb4d4,BASE_TRAIN,0,LG-N1-07873429a87a3ef646f16c04,deepset Prompt Injection,0
W2-2ed0f5f420e8459fecdf3214,BASE_TRAIN,1,LG-N1-56f62becd5c81af438298464,deepset Prompt Injection,0
W2-2fdbde42de04407c1c8849e3,BASE_TRAIN,0,LG-N1-1c427d174db12b0c1b210db9,Do-Not-Answer,4
W2-303f4b2a371e72661137710d,BASE_TRAIN,1,LG-N1-e83623e5dea40f001257a7bb,deepset Prompt Injection,1
W2-30aaaefa95fd4730cb9e9273,BASE_TRAIN,0,LG-N1-8853f7833e29f0cecfe82370,Do-Not-Answer,1
W2-312d3338c819a5f28800bcfe,BASE_TRAIN,0,LG-N1-05521d9d6c5f01ef0806526b,deepset Prompt Injection,0
W2-316cf61c1d723b39715e0f43,BASE_TRAIN,0,LG-N1-2b770b49c04f9414eb036684,Do-Not-Answer,4
W2-316da585a86ff8018df920d9,BASE_TRAIN,0,LG-N1-9544d45a36b6728faefd8373,deepset Prompt Injection,2
W2-31b8d983c738cd813b243a7f,BASE_TRAIN,0,LG-N1-1bf07d7dee28a3fb32fd3903,Do-Not-Answer,0
W2-31da0ebe950f575f2487cac9,BASE_TRAIN,0,LG-N1-87fbf6b75fd3b472a0662494,Do-Not-Answer,3
W2-31eaa7123d324d6d8456a37d,BASE_TRAIN,0,LG-N1-054c28a6f395143d1a1d18ad,Do-Not-Answer,2
W2-31f73481d477c9cfea1e8091,BASE_TRAIN,0,LG-N1-160a5c591a3b444dbb47d62c,Do-Not-Answer,0
W2-3224646da703e491e015baa8,BASE_TRAIN,0,LG-N1-a07646ecf3be10dc67597ffd,Do-Not-Answer,2
W2-323452cea15af819361fa021,BASE_TRAIN,0,LG-N1-1365c0d70666e73e37c5c725,Do-Not-Answer,2
W2-3262136785bd83bdc3eda7f7,BASE_TRAIN,0,LG-N1-98b317cbf4669ebf4a46fc64,Do-Not-Answer,2
W2-32c01abc147e5707edd573aa,BASE_TRAIN,1,LG-N1-1ddb66de2b6ccb70652011c8,deepset Prompt Injection,3
W2-3316b4a505df994985129f0f,BASE_TRAIN,1,LG-N1-935fe8fe3ce8c4f16e873ee2,deepset Prompt Injection,1
W2-3338f47a47286b8e733c1312,BASE_TRAIN,1,LG-N1-e2711bde2fba842f23f97be3,deepset Prompt Injection,0
W2-3357aad342c418b4e8d48c5d,BASE_TRAIN,1,LG-N1-2fa4410b58cac493f18c8df6,deepset Prompt Injection,4
W2-337b4512208b717625fdc3d7,BASE_TRAIN,0,LG-N1-f46b9a6f97bb584d9f975b5e,Do-Not-Answer,2
W2-348be904545fc67f0cf9da9f,BASE_TRAIN,0,LG-N1-50106044eaf38d15169a8789,Do-Not-Answer,0
W2-3500791b067f2ff6b7d10c3b,BASE_TRAIN,0,LG-N1-719db5751e5e6d981d8455d8,Do-Not-Answer,0
W2-3516b6590258e0cec95eff08,BASE_TRAIN,1,LG-N1-e56d2636a8b917aafe359c2a,deepset Prompt Injection,0
W2-351e8f6a85aaee27a0b493a1,BASE_TRAIN,0,LG-N1-1adf6024f42c10da8c0d5913,Do-Not-Answer,1
W2-354537df37f55badae7a30c6,BASE_TRAIN,0,LG-N1-9a25942a160da819d3210402,deepset Prompt Injection,4
W2-35d75f00ad21b9084a518802,BASE_TRAIN,0,LG-N1-2de21d1083495def31e59643,Do-Not-Answer,1
W2-3632be8b8de437281078fae8,BASE_TRAIN,0,LG-N1-478b8af7cabdcc643da43166,Do-Not-Answer,3
W2-36774097e708f141ce5f5e76,BASE_TRAIN,0,LG-N1-a8e425f82a8886f02cdd53b7,Do-Not-Answer,4
W2-3697ecac0088ac0298a8f6a3,BASE_TRAIN,0,LG-N1-f659450e739e0c45114cb4c6,deepset Prompt Injection,2
W2-36c5934d6596cd117c2a5c5c,BASE_TRAIN,0,LG-N1-cdd70bd2f03ff7654999516b,deepset Prompt Injection,3
W2-36c771897217bc76004ffb83,BASE_TRAIN,0,LG-N1-f2d650dd8ed7627c73545d18,deepset Prompt Injection,3
W2-36d08d90e8c79fa2f558c4c7,BASE_TRAIN,0,LG-N1-10d9dcce46cb629819209fd6,deepset Prompt Injection,2
W2-3701596b53ad7fab261e2454,BASE_TRAIN,0,LG-N1-ddeaac4812a535030c0e06dc,Do-Not-Answer,4
W2-3762ec19d723959b3c4da801,BASE_TRAIN,0,LG-N1-3f8fc5d202d3ba5012f075c1,Do-Not-Answer,1
W2-3763f9076834a3f9fcf99806,BASE_TRAIN,0,LG-N1-d050bd249ca442ac1350b43e,Do-Not-Answer,3
W2-378b29562a68a9eb6bd0660d,BASE_TRAIN,0,LG-N1-5ef309dc59abf1fb20ee44d9,deepset Prompt Injection,1
W2-378c9c49d03bef58a01e2e44,BASE_TRAIN,0,LG-N1-232655db463d8fd0d8ad7ce8,Do-Not-Answer,1
W2-37c8ee81416c71f65751d37c,BASE_TRAIN,0,LG-N1-9fd5885790294433dfc0ed9a,Do-Not-Answer,1
W2-3818e07c253019ab00c02269,BASE_TRAIN,0,LG-N1-859e8654f4d6bf33805ba164,Do-Not-Answer,2
W2-383674ea64091b6f022179c0,BASE_TRAIN,0,LG-N1-d080d9d94cc099f3336cfde6,Do-Not-Answer,0
W2-385ffdcf65e7a4277d80be06,BASE_TRAIN,0,LG-N1-792b75e847bd71a6cf97972d,Do-Not-Answer,0
W2-387255769f9e7fe2b20a7c00,BASE_TRAIN,0,LG-N1-6da606faae72f11b36f513db,deepset Prompt Injection,3
W2-387736d401c8449aa3a09035,BASE_TRAIN,1,LG-N1-e3504b23ffe26bfca61b894a,deepset Prompt Injection,4
W2-38a024307c4c2d5ac89611ef,BASE_TRAIN,0,LG-N1-aedb0f0ee160e8c261ff71b6,Do-Not-Answer,4
W2-38d00ef51a154c100280a0ed,BASE_TRAIN,0,LG-N1-ab2be04832c6378c49e65136,deepset Prompt Injection,3
W2-38d71cd23ce34ede64da4c5c,BASE_TRAIN,0,LG-N1-477af9ddc108ca4a55d0c7b8,Do-Not-Answer,4
W2-38ef342d1eb17088b9a9e738,BASE_TRAIN,0,LG-N1-243a8443f04f6b78abd8fa8f,Do-Not-Answer,3
W2-39070bc2b83e6fdcade4f483,BASE_TRAIN,0,LG-N1-ab065582d5e3fd5ff4719fa6,Do-Not-Answer,0
W2-39166be3816cc6b85549bed6,BASE_TRAIN,0,LG-N1-fbe9bc65a91188acc2e0261d,Do-Not-Answer,2
W2-3934dbc180e89391191e1293,BASE_TRAIN,0,LG-N1-0920e72061fbfa8f3e8ac14c,Do-Not-Answer,2
W2-394f2e39d1193c63fe69b3cd,BASE_TRAIN,0,LG-N1-661ddef2c90583e452e9d588,Do-Not-Answer,0
W2-396f4df2c11ebb1539d957ed,BASE_TRAIN,0,LG-N1-25b350ec45c1b8cc99c7e614,deepset Prompt Injection,1
W2-397c1652d9ce3cd47f47c734,BASE_TRAIN,0,LG-N1-ab23889b064310996498223a,Do-Not-Answer,4
W2-397da796e450459084eadee5,BASE_TRAIN,0,LG-N1-22954358097911ef24e160b5,deepset Prompt Injection,1
W2-3996bf571a873a9a1141fbf5,BASE_TRAIN,0,LG-N1-391d7a83d0c1f9078c0c93af,deepset Prompt Injection,4
W2-3a273a1e3a038bc7c8eace0d,BASE_TRAIN,1,LG-N1-3ef3c795f71e3a598b3553fe,deepset Prompt Injection,0
W2-3a3c308c17df903acb2c31fe,BASE_TRAIN,0,LG-N1-f3ae372b7783814faa0093df,deepset Prompt Injection,4
W2-3a49bfeadb180770fe0da23a,BASE_TRAIN,0,LG-N1-2e00117dffc0b8931732fcdf,Do-Not-Answer,1
W2-3af27f5bee00160a63dd5014,BASE_TRAIN,0,LG-N1-9334f0b27af9e014c86a2395,Do-Not-Answer,0
W2-3b1196748ebf2e72ab8dff25,BASE_TRAIN,0,LG-N1-f6ac75e79663bdad2eaed386,Do-Not-Answer,4
W2-3b21399bb14c96b20ff45082,BASE_TRAIN,0,LG-N1-4d9c2b866d64dba9f2ccb3c0,Do-Not-Answer,3
W2-3b3700954f59845d7dae65a4,BASE_TRAIN,0,LG-N1-b05d14503041760a08dd1806,deepset Prompt Injection,2
W2-3b69e736d979c931c332b60e,BASE_TRAIN,0,LG-N1-476311bd17985f5f21c1a595,deepset Prompt Injection,3
W2-3c1834dbd3f9696bc5f39b5c,BASE_TRAIN,0,LG-N1-7708a107acd9b85e7a53f12f,Do-Not-Answer,4
W2-3c39f4b27e22877298cdb8f3,BASE_TRAIN,0,LG-N1-d320302aab615593df94c234,Do-Not-Answer,2
W2-3c55f35cfb822348ea28f81f,BASE_TRAIN,0,LG-N1-279142101d669ded243f02ce,Do-Not-Answer,4
W2-3c70cf8cb518ea237309e896,BASE_TRAIN,0,LG-N1-87e834aaa561dc3d8dcc19a0,deepset Prompt Injection,2
W2-3c774fc7e7cea0e536842504,BASE_TRAIN,0,LG-N1-31c93696f5cca0bcc01d4377,Do-Not-Answer,2
W2-3cc0e4a42a9ef53166e20c05,BASE_TRAIN,0,LG-N1-b2f27f8e3b2aa080cd4a22e5,Do-Not-Answer,3
W2-3df12f3466b8930786cfca28,BASE_TRAIN,0,LG-N1-954b8d7f64ea19c602bd541a,Do-Not-Answer,3
W2-3e4f5a750f03f14190697515,BASE_TRAIN,1,LG-N1-4deb92a7f359c64a37eaae51,deepset Prompt Injection,3
W2-3e89e08229e5e7bd4734f892,BASE_TRAIN,1,LG-N1-22e10bf6fa3a468d39a7e793,deepset Prompt Injection,4
W2-3e8e6ac4a78592c53046c0d3,BASE_TRAIN,0,LG-N1-a3d50a3f99c9eabe4f1ff598,deepset Prompt Injection,4
W2-3f0944657edccd8f3d60d506,BASE_TRAIN,1,LG-N1-9691170ad4a8a6bbc4078ea2,deepset Prompt Injection,2
W2-3f1cc89107b926c466d65acf,BASE_TRAIN,0,LG-N1-a388b2894a8d0ac56fef747d,Do-Not-Answer,1
W2-3f72c5a156b02d6d0bda69b0,BASE_TRAIN,0,LG-N1-100ac6ae9948248ed4479fdf,Do-Not-Answer,2
W2-3f8b215888b909b4e0641e5b,BASE_TRAIN,0,LG-N1-b6c1cb9e95874cc872578823,Do-Not-Answer,3
W2-3f90d51ecfe30bdfef3b2b96,BASE_TRAIN,0,LG-N1-cf10fcdae427ef62c74055e9,Do-Not-Answer,1
W2-40409c0f82465f8efe807ca0,BASE_TRAIN,0,LG-N1-d407ea115c748bf8d8df33db,deepset Prompt Injection,2
W2-40888203fdceb846c450c80b,BASE_TRAIN,0,LG-N1-f5b5c28b2588f311729e49cc,Do-Not-Answer,3
W2-40ab5396ee2d806f6c5dd012,BASE_TRAIN,0,LG-N1-e289cafaac0282d4ce915a71,Do-Not-Answer,1
W2-40c27e95ba9d1e2070e7293d,BASE_TRAIN,0,LG-N1-12e21b47ca1a7d27ea217011,Do-Not-Answer,4
W2-41359c7265208f3adc4da8c0,BASE_TRAIN,0,LG-N1-11281273c88cd6e2ba474863,deepset Prompt Injection,2
W2-414a5e1142dd21b915cf1f19,BASE_TRAIN,0,LG-N1-811e0804c2bfee0e8fc6ecee,Do-Not-Answer,3
W2-419ddb7a668fb5d964bb573c,BASE_TRAIN,0,LG-N1-d9f8dce009bbac3f11c6d5b7,Do-Not-Answer,2
W2-424dc5b98bc93fadaf5608f2,BASE_TRAIN,0,LG-N1-782c510c28c2e5acd0c64445,deepset Prompt Injection,2
W2-427404392d70ee08a35328d1,BASE_TRAIN,0,LG-N1-2b97be7b81656218ea460698,deepset Prompt Injection,4
W2-429fac0673af3f09eda9398f,BASE_TRAIN,0,LG-N1-21c5057d090e39a17b5d971b,Do-Not-Answer,3
W2-42eb0e3be3e6143340ce6d39,BASE_TRAIN,0,LG-N1-48754fb21b319eeebeba91f9,Do-Not-Answer,2
W2-42fbfac01057aebb6ef4fe2c,BASE_TRAIN,0,LG-N1-c190e8be241396d6fb934a8e,Do-Not-Answer,2
W2-4316f71a27854f4fa898bd76,BASE_TRAIN,1,LG-N1-53d5f573f27c925088c16386,deepset Prompt Injection,3
W2-435e7bb9cf27fb9585c70b9b,BASE_TRAIN,0,LG-N1-3005bc98ac516ff3da65f136,Do-Not-Answer,0
W2-435f7821306b4bff29bf4600,BASE_TRAIN,0,LG-N1-ce2e8e4d42199db0af1443d4,Do-Not-Answer,0
W2-43ee67bad7e01dc935dba53c,BASE_TRAIN,0,LG-N1-e69bc268810b1c192e067ba4,Do-Not-Answer,2
W2-440466243ecafdd6f26aa36a,BASE_TRAIN,0,LG-N1-38fbf72963a32bee51b62a3b,Do-Not-Answer,0
W2-442b623ea6bec1942c62f398,BASE_TRAIN,0,LG-N1-533096d73948b7e52c256bf3,Do-Not-Answer,0
W2-44390a9e52eee7d1940fd218,BASE_TRAIN,1,LG-N1-626ad4fa0daf52189b5265d6,deepset Prompt Injection,1
W2-4470e45ab7547d6307fd8b6b,BASE_TRAIN,1,LG-N1-55c112a3ccd47d1a8840b5fd,deepset Prompt Injection,4
W2-4493440ffd5d7c684fe71759,BASE_TRAIN,0,LG-N1-d2a10b50fbe7cf727f0c5b8f,deepset Prompt Injection,0
W2-44c9856079adb58624a0e103,BASE_TRAIN,0,LG-N1-ee306b00e5780a89315b0281,deepset Prompt Injection,3
W2-454d721c43d5540375d8223e,BASE_TRAIN,0,LG-N1-df2faad895df6026132d3b3d,deepset Prompt Injection,0
W2-45ad723d7d88ced23e2cb927,BASE_TRAIN,0,LG-N1-87445eb9cd8ae523fc184530,deepset Prompt Injection,1
W2-45cf8fc92889d9ec4d3f506b,BASE_TRAIN,0,LG-N1-2716ec53e45e4d323372f07a,Do-Not-Answer,2
W2-45e668b381769163efdca2b6,BASE_TRAIN,0,LG-N1-a365ef57aac63372c5fce171,deepset Prompt Injection,3
W2-4647a89ff0e9d942f9eef445,BASE_TRAIN,0,LG-N1-c1d031579750e82055e48ef3,Do-Not-Answer,1
W2-46814d24e2df8348e705e47e,BASE_TRAIN,0,LG-N1-008429d315e5c38b6d837fb2,Do-Not-Answer,2
W2-4685ec350a45db4feb88b774,BASE_TRAIN,0,LG-N1-f4cfb64bb09c8c3c9e658b24,Do-Not-Answer,1
W2-46dc1c282be75c6f8eee4e61,BASE_TRAIN,1,LG-N1-3d61cc5490600c1ac4bba4fd,deepset Prompt Injection,2
W2-4703c827057d3994c02383b0,BASE_TRAIN,0,LG-N1-7ef19e62281f3faac0b2c855,Do-Not-Answer,4
W2-47089a2fc0d3fd9ab488899b,BASE_TRAIN,1,LG-N1-22771f79261b42d6c0cc003b,deepset Prompt Injection,1
W2-4719dbce07f5c4a6b56ce8ce,BASE_TRAIN,0,LG-N1-0a76a28b958cd05b7cbb45f4,deepset Prompt Injection,4
W2-475f0fd69738567be6e309cd,BASE_TRAIN,0,LG-N1-93456894db017212efedffca,deepset Prompt Injection,1
W2-478a3d413669bd464929ed14,BASE_TRAIN,1,LG-N1-44069bb14019a1bf9e1b66be,deepset Prompt Injection,3
W2-47b5f14a2445ad21ad1055bc,BASE_TRAIN,0,LG-N1-ae1c3062c2d023bf7511d3a4,Do-Not-Answer,4
W2-47f2a17839386e57ef52fc16,BASE_TRAIN,0,LG-N1-1e4a034b286ab4fc6720a38f,deepset Prompt Injection,0
W2-482a3f739792ff3007226025,BASE_TRAIN,0,LG-N1-7db365cba1a59b2375c5844c,Do-Not-Answer,0
W2-48466d88097c16857d27eb6b,BASE_TRAIN,0,LG-N1-3db562d261f136f0aa0f5b6e,Do-Not-Answer,2
W2-48a998bbc23a5177d60f1813,BASE_TRAIN,0,LG-N1-51bdb97f8a15f3656ae93bba,deepset Prompt Injection,3
W2-492ed671a5833ef8338f49e6,BASE_TRAIN,0,LG-N1-98895ee9681ca0401f772df1,Do-Not-Answer,2
W2-4988c77373956aac9252468f,BASE_TRAIN,1,LG-N1-9c16fb704840776c16c204e3,deepset Prompt Injection,4
W2-499c791965f63d94fdfc63ef,BASE_TRAIN,0,LG-N1-cbe0e4abe05c8037ce4c8aff,Do-Not-Answer,4
W2-49b9cdc579dc7b729e2dc96f,BASE_TRAIN,0,LG-N1-7c767e18982a4279a6bb3e84,Do-Not-Answer,0
W2-49d093bf51f596b972c7999c,BASE_TRAIN,0,LG-N1-c2e0c6adc3bce2d9cfafb449,Do-Not-Answer,2
W2-49dd8e41e6e99c24c874f285,BASE_TRAIN,0,LG-N1-06badf44ecdfc4209cbaed0b,Do-Not-Answer,3
W2-4a16f5832ec60eff8daff518,BASE_TRAIN,0,LG-N1-83713fe7e0eb5cb98820e91b,Do-Not-Answer,3
W2-4a743a31ffbb8adfff1d3bc6,BASE_TRAIN,1,LG-N1-2b226c8b780a10528b9209c8,deepset Prompt Injection,1
W2-4a78e5eca8c57f058da938a4,BASE_TRAIN,0,LG-N1-5845d8fd861db22bc4bbf5bb,Do-Not-Answer,0
W2-4a943c913bf4b25be1ae1424,BASE_TRAIN,0,LG-N1-b12d5c258e54ea61e0ec9953,Do-Not-Answer,4
W2-4abb2dd48ec62f908edf0fa4,BASE_TRAIN,1,LG-N1-58694cacd0d2ff62b89cc74d,deepset Prompt Injection,0
W2-4ac856b53a718fee46ece55e,BASE_TRAIN,0,LG-N1-911c382f3e75d5f321c1deb2,Do-Not-Answer,0
W2-4af49e041612715e6fb179a6,BASE_TRAIN,0,LG-N1-f3bc3a8f2cf773d06b3d6203,deepset Prompt Injection,4
W2-4af96a8d350747639cea42c0,BASE_TRAIN,0,LG-N1-9235081d04690db652bc3ca2,Do-Not-Answer,1
W2-4b1d1f6b25ddb7f92340e9e0,BASE_TRAIN,1,LG-N1-66e8d6501a7a537ac468ca16,deepset Prompt Injection,2
W2-4b25da90c862d04acb922a8b,BASE_TRAIN,0,LG-N1-b2c6def33363fd2435bd1d78,Do-Not-Answer,1
W2-4b3b543df8ec84c5cbe71574,BASE_TRAIN,0,LG-N1-dd2cd5add665e1c57f07a1ee,Do-Not-Answer,2
W2-4b4aa1588ebeb625fde23199,BASE_TRAIN,0,LG-N1-60abd55a3d2bde59e3d52ac9,Do-Not-Answer,0
W2-4c0d57a61d2cdbc9b9447635,BASE_TRAIN,1,LG-N1-309f0f02da4a6c8a69595f6a,deepset Prompt Injection,4
W2-4c39360b1888d3fe21b5bb77,BASE_TRAIN,0,LG-N1-8b30ab93ef3f65a1d5b27233,Do-Not-Answer,1
W2-4caab1d8aeb0ac92fd3613f6,BASE_TRAIN,0,LG-N1-2ca642b76f9deb2bc61e9254,deepset Prompt Injection,3
W2-4cb2756da4a3935b0afecdb1,BASE_TRAIN,0,LG-N1-e39499c80dee790eefc86451,Do-Not-Answer,4
W2-4cc5b3a365238738294de097,BASE_TRAIN,0,LG-N1-a9fd3046fca24b27bc70b41d,Do-Not-Answer,2
W2-4ce753b37f21c76efbcc2674,BASE_TRAIN,0,LG-N1-92e90087b2f57d082b5cd222,Do-Not-Answer,4
W2-4d272561f2268e2f3a3c162c,BASE_TRAIN,0,LG-N1-cafa5f5169719af851f49f0a,Do-Not-Answer,4
W2-4d5916ec7885df06e0164601,BASE_TRAIN,0,LG-N1-75ba0ad652e16d6e18376444,deepset Prompt Injection,4
W2-4d5dbf78be5864342011e2da,BASE_TRAIN,0,LG-N1-b2097a697185ff63a4b9a91e,Do-Not-Answer,0
W2-4de7f11fce981102698ae72d,BASE_TRAIN,0,LG-N1-ab7994cf23d26593e9e11cc3,deepset Prompt Injection,4
W2-4e497cec6113b066303e74d0,BASE_TRAIN,0,LG-N1-9538dc84dc2ef877943abcea,Do-Not-Answer,3
W2-4e7f240fe89bcce512d231a7,BASE_TRAIN,1,LG-N1-5d9bf779c6dbb97fa1d7c103,deepset Prompt Injection,3
W2-4ea3a3ca32b97754fdbb58e9,BASE_TRAIN,0,LG-N1-973b87f601e4235ff49b8474,Do-Not-Answer,2
W2-4ebf92e7a325d8c653c245c0,BASE_TRAIN,0,LG-N1-d6bfa7fa05e667486c90e975,Do-Not-Answer,3
W2-4f151e55b048d14d12f61fa8,BASE_TRAIN,0,LG-N1-364cb32cefb6bece30c40991,deepset Prompt Injection,2
W2-4f19629d6830eef9a7e2d5db,BASE_TRAIN,0,LG-N1-f70f3b843d79e7494f51e88b,Do-Not-Answer,1
W2-4f6de2122e711b28975e9466,BASE_TRAIN,1,LG-N1-9bd7646ceadf4e6694def686,deepset Prompt Injection,2
W2-4faadbfa0eb059121a13baa5,BASE_TRAIN,1,LG-N1-9214fc1b18b6a2a76a2575f4,deepset Prompt Injection,4
W2-4fb41b76bd0f9e4cb78454a7,BASE_TRAIN,0,LG-N1-451c20c2e57f065b591f5f1f,Do-Not-Answer,2
W2-4fcbf32d47cc58188d19c5d9,BASE_TRAIN,0,LG-N1-29379db48a0a5498a629ad4f,Do-Not-Answer,4
W2-50177e29dfeb9744102ff32a,BASE_TRAIN,0,LG-N1-b2da4e676c6784d3c4e5e27d,Do-Not-Answer,0
W2-506afda3b7f9105388f3cf0e,BASE_TRAIN,0,LG-N1-9cb50771e375d3cbd45e0924,Do-Not-Answer,0
W2-506afe441773016a2fec7edf,BASE_TRAIN,0,LG-N1-6327ea07729462b1a92522b2,Do-Not-Answer,4
W2-50f18f5146e07dafec94907e,BASE_TRAIN,0,LG-N1-a030458393b8df1a7de95f36,deepset Prompt Injection,1
W2-51256b1e2c8df67059db62f6,BASE_TRAIN,0,LG-N1-322ab56d093977a2137ad497,Do-Not-Answer,1
W2-5125838b3a5d3af08c02e707,BASE_TRAIN,0,LG-N1-3f7377dd871ed28ad0c91478,Do-Not-Answer,3
W2-5136aa26324b8c18b273f571,BASE_TRAIN,0,LG-N1-240ea4e314efecd5170adcd0,Do-Not-Answer,3
W2-513c640c0e300202340b8619,BASE_TRAIN,0,LG-N1-93efcd7198041463d04defca,Do-Not-Answer,3
W2-5165550aecb8c2097f5081e4,BASE_TRAIN,0,LG-N1-bd278d547695bd090213136b,deepset Prompt Injection,2
W2-518a9486657b857519d321ee,BASE_TRAIN,1,LG-N1-f450f86a27eec264642e4e19,deepset Prompt Injection,2
W2-519b4dda6b5c044bf7b80d0a,BASE_TRAIN,0,LG-N1-63d38b0ee83f6e34dc338f92,deepset Prompt Injection,0
W2-51b8cdd30d42365c2afb2e52,BASE_TRAIN,0,LG-N1-c6d0635c8307df1ca1a634aa,Do-Not-Answer,1
W2-51bc239abc53c85f127e8ec2,BASE_TRAIN,1,LG-N1-71fa1798e3781e980804a225,deepset Prompt Injection,4
W2-5230b86ab28f40ee05bbbe21,BASE_TRAIN,0,LG-N1-da38fabe428415076413b8c4,deepset Prompt Injection,3
W2-523749f6368e3771b13b7bb2,BASE_TRAIN,0,LG-N1-f5b282a33c22a4c34b753478,deepset Prompt Injection,2
W2-525b9e99e885c183347fb031,BASE_TRAIN,0,LG-N1-71c2387a99cdeeebd579f15e,deepset Prompt Injection,4
W2-5269896f929469225f5d9991,BASE_TRAIN,0,LG-N1-2c81c4f88ff5bcb7ea05984d,Do-Not-Answer,4
W2-52984860724168e03b51cf2a,BASE_TRAIN,0,LG-N1-0cafa93a560f42113cb47114,Do-Not-Answer,0
W2-52cf8ee102900a10d6163ea6,BASE_TRAIN,0,LG-N1-8e4815971602274c6810b030,Do-Not-Answer,1
W2-52d8e386bf44a61805ca8b13,BASE_TRAIN,0,LG-N1-3e35f0acb844cf5a1aac1731,deepset Prompt Injection,2
W2-531a66eb06c2ddcf56938b7a,BASE_TRAIN,0,LG-N1-94576dc658a417bd0e11922d,Do-Not-Answer,2
W2-532dc948300157b0b4fd880a,BASE_TRAIN,0,LG-N1-c228e7c679a393df88959ab3,deepset Prompt Injection,4
W2-534c48d4215dfe79461c9c09,BASE_TRAIN,0,LG-N1-d577010dea2c028495d49d13,Do-Not-Answer,0
W2-5379858b56ebb867141ce5b8,BASE_TRAIN,1,LG-N1-28dbd5c9b277b91f8af5d473,deepset Prompt Injection,3
W2-53a3b2e2688863f717152da3,BASE_TRAIN,0,LG-N1-84e3fd48d745b13cbca78491,Do-Not-Answer,2
W2-53aaddc5fe4ee6f745c1d101,BASE_TRAIN,0,LG-N1-4b790d05026b9c1ea16a2b26,deepset Prompt Injection,2
W2-540d72c12d669c564cc83770,BASE_TRAIN,0,LG-N1-396a8f98f840d2cb826e9635,Do-Not-Answer,1
W2-540f7844f9accc12f0f50ddf,BASE_TRAIN,1,LG-N1-0d2908125efb1cac0024a8cf,deepset Prompt Injection,4
W2-54116cfd138fe7094cc4c9ba,BASE_TRAIN,0,LG-N1-8b54f7592913c42de471c6e1,Do-Not-Answer,4
W2-542fe2596fb04940a1466fbb,BASE_TRAIN,0,LG-N1-79c14632a71b9e77349d4b37,Do-Not-Answer,3
W2-5452e91908f6a15210b1470e,BASE_TRAIN,0,LG-N1-681981a5cd1bdf204212650e,deepset Prompt Injection,3
W2-54b17c13ab2ee55c8d9f0b94,BASE_TRAIN,0,LG-N1-71729543bd7c1ac1c9e9ecae,deepset Prompt Injection,2
W2-550ee89dd535f5ea64f7b5c7,BASE_TRAIN,0,LG-N1-9ab0a915e35517b7d19a1b7c,deepset Prompt Injection,4
W2-554974c2313f79293701cddc,BASE_TRAIN,0,LG-N1-92c2a99959e93e7bd26d824f,Do-Not-Answer,0
W2-555a05d18e5d21a0350cb1fc,BASE_TRAIN,0,LG-N1-86c7b25dd91d5bff80bf3a9b,Do-Not-Answer,0
W2-55ae73f05af0cad78904b24e,BASE_TRAIN,0,LG-N1-c0c6b3ebce58b74b902e3ef1,deepset Prompt Injection,3
W2-55f8f2aee558d6edb7282c90,BASE_TRAIN,0,LG-N1-8b847db42ac552acc9390546,Do-Not-Answer,2
W2-562a88f83df77d1bd87b12ee,BASE_TRAIN,0,LG-N1-2102211b290423cb78136fe7,Do-Not-Answer,0
W2-5673a84105de19109d297b00,BASE_TRAIN,0,LG-N1-b9882ffdd9231ab1e6cf8da6,deepset Prompt Injection,4
W2-568d4ef1b9af503cba1b85b9,BASE_TRAIN,0,LG-N1-77bd5e09b18cabc14998bd01,deepset Prompt Injection,3
W2-56b285696351dfe3576ebeea,BASE_TRAIN,0,LG-N1-4f94e1eb232d34f89f575fb2,Do-Not-Answer,4
W2-56b842e1f07087d36f8ecaef,BASE_TRAIN,0,LG-N1-b677fbd20329fc80762711c2,deepset Prompt Injection,2
W2-56e021ac7bbc4801fed2dbf1,BASE_TRAIN,0,LG-N1-967ebb0dca35c4e5110ccae0,Do-Not-Answer,4
W2-56ef61efd4fc1c023ae243d8,BASE_TRAIN,0,LG-N1-fd4608170402c94d66bf3451,Do-Not-Answer,2
W2-56fca264c68dfac09cef1f84,BASE_TRAIN,0,LG-N1-e18fb025133d5debb7a599dc,Do-Not-Answer,4
W2-56fcbd2f7eca9c79c8f00418,BASE_TRAIN,0,LG-N1-47d1dd6dae891fc5fd1c8a14,Do-Not-Answer,0
W2-5783d5d8c378f3e6015f43c3,BASE_TRAIN,0,LG-N1-483bc824e231b03d6b883b08,deepset Prompt Injection,4
W2-578897a6e96d42e242712547,BASE_TRAIN,0,LG-N1-f0e37f0e1bf425e4ab286601,Do-Not-Answer,0
W2-5803ace3d085bcb47839ce18,BASE_TRAIN,0,LG-N1-503110ec0dcacb8867eb644d,Do-Not-Answer,2
W2-58239648a769d8a856cdbf44,BASE_TRAIN,0,LG-N1-859a114f3cbe205ca7688a88,Do-Not-Answer,2
W2-5826461af3d1164a58064ec0,BASE_TRAIN,0,LG-N1-03179d88fc7c2c2119df82c4,Do-Not-Answer,1
W2-585cee0f58e5e36adeed088f,BASE_TRAIN,0,LG-N1-5754dd302fb7298ed136b0f3,Do-Not-Answer,4
W2-58993d5ae97b487994023824,BASE_TRAIN,0,LG-N1-737b1a63b7f61c3da8fa3136,Do-Not-Answer,4
W2-58b3ff3427535988f58abac8,BASE_TRAIN,0,LG-N1-d599f5cb2805e36b08753eab,Do-Not-Answer,1
W2-591b4a78dac691ce8e13adb6,BASE_TRAIN,0,LG-N1-df26c3771c47828cb8a765ac,Do-Not-Answer,1
W2-595f4a118aa7c8a8d15ff259,BASE_TRAIN,0,LG-N1-7a4c0bf7adf9316f709bedd6,deepset Prompt Injection,3
W2-5980104befba0697a9a354b2,BASE_TRAIN,0,LG-N1-4d95c7d307085c22fc70f4f3,Do-Not-Answer,2
W2-59b445959875593f67fc2c83,BASE_TRAIN,0,LG-N1-330dd2b89f02df7217b15643,Do-Not-Answer,3
W2-59e492e3d4162192926f78aa,BASE_TRAIN,1,LG-N1-be9082334b594a09540f0c48,deepset Prompt Injection,0
W2-5a0b6f0c250bbf54d771e8e0,BASE_TRAIN,0,LG-N1-80ab9155e1f49f399933ae71,deepset Prompt Injection,3
W2-5a41a977a11069b1234d347c,BASE_TRAIN,0,LG-N1-28c95ecf90561d3b3ef7ced7,deepset Prompt Injection,0
W2-5a89865a433be1af282ddec2,BASE_TRAIN,0,LG-N1-f2dec72799a2203f2903d1ef,deepset Prompt Injection,3
W2-5afe47cea06ff30969630a69,BASE_TRAIN,0,LG-N1-06782995963d6880162e91f4,deepset Prompt Injection,1
W2-5b4bd24e7a2b0a387d3788bb,BASE_TRAIN,0,LG-N1-fcb9fe425d765f5353b4e372,deepset Prompt Injection,1
W2-5b7116b5de22951046d75d7d,BASE_TRAIN,0,LG-N1-3fab7d362f63e381c2e4435b,Do-Not-Answer,0
W2-5b7c5522d0c38af3343c2c98,BASE_TRAIN,0,LG-N1-a7d149612870a7eafd88eb83,deepset Prompt Injection,0
W2-5bc3e013629f1fa5f0ab370c,BASE_TRAIN,0,LG-N1-aafde415a4d6ea4592c87aa1,deepset Prompt Injection,0
W2-5c3f0340d47823d061b46370,BASE_TRAIN,0,LG-N1-fb4c814c56ef536e17635029,Do-Not-Answer,0
W2-5c7bc4b91611cf1621027e40,BASE_TRAIN,0,LG-N1-03ff6686e4cd05ae6e19bb06,deepset Prompt Injection,3
W2-5ce365d631f87bfbcb320b57,BASE_TRAIN,1,LG-N1-3dee279691ac925a40d719d8,deepset Prompt Injection,3
W2-5ceb69e6c1f22d55e523b93d,BASE_TRAIN,0,LG-N1-325dc0b2f3950abe559fa6d6,Do-Not-Answer,0
W2-5d63695ec97c482605f8b365,BASE_TRAIN,0,LG-N1-d9bc8de939d70621b136d288,Do-Not-Answer,4
W2-5d658eb233898fa0c37e66d7,BASE_TRAIN,1,LG-N1-46981de2c4015c6ac3e75f49,deepset Prompt Injection,0
W2-5d65cf119f99359b80b5df2c,BASE_TRAIN,0,LG-N1-319f221dc6539f52bccaf200,Do-Not-Answer,2
W2-5da438e83e0e30a7d59441ca,BASE_TRAIN,0,LG-N1-e3c21976f9d3d3e09d27fe2c,Do-Not-Answer,1
W2-5daf9bce9427aeb3a7881eb6,BASE_TRAIN,0,LG-N1-e27210cf3e1e3232c5c551ff,Do-Not-Answer,3
W2-5db350166fd996231feb2d21,BASE_TRAIN,0,LG-N1-e10867faa71210bc2c661ed2,Do-Not-Answer,3
W2-5dbde834e705b16bebb7dcf8,BASE_TRAIN,0,LG-N1-e7e46499b5880574491ee69c,Do-Not-Answer,1
W2-5dcc304f3837c70bbc71cccc,BASE_TRAIN,0,LG-N1-7ad852218463cedc99ad6d4d,Do-Not-Answer,3
W2-5de3012daedc3c85164f2bc7,BASE_TRAIN,0,LG-N1-b04a0eda84652405686478c2,Do-Not-Answer,4
W2-5e03c671135a870f658ac23e,BASE_TRAIN,1,LG-N1-b1b35d17104d1839332dadb3,deepset Prompt Injection,3
W2-5e0dd646b9174325486ff4ee,BASE_TRAIN,0,LG-N1-5f88d3cb9f9c5d9429dd4d3c,Do-Not-Answer,1
W2-5e40415b8b49d9aa1bcd6a68,BASE_TRAIN,0,LG-N1-dd34cd8f3d7eae05f53cc8a4,Do-Not-Answer,3
W2-5eae9c9f4a6206ba08dad7c9,BASE_TRAIN,0,LG-N1-2867702a8fe9f395f72f3447,Do-Not-Answer,2
W2-5ec6b3d66f945b112b823e8c,BASE_TRAIN,1,LG-N1-a8520851f099d0f43d540ad3,deepset Prompt Injection,3
W2-5ee95ecb6abf04b2723c3df1,BASE_TRAIN,1,LG-N1-f7be9cf05eb2401ba8c1524d,deepset Prompt Injection,3
W2-5fa490aeb5f7109764695bed,BASE_TRAIN,0,LG-N1-9e72e2a030526aeba8ebc09a,Do-Not-Answer,1
W2-5fc4c95b00bd6380a582252a,BASE_TRAIN,0,LG-N1-68ca7e54253ced0928793334,Do-Not-Answer,1
W2-5fdc14d844780e9eb42ccb84,BASE_TRAIN,1,LG-N1-97f245793e94ff8c85ecba0d,deepset Prompt Injection,1
W2-5fe254590cde233a41bc4ddb,BASE_TRAIN,0,LG-N1-881a354f3d9c1946dbeb33fb,Do-Not-Answer,1
W2-5ff579b3a2c2962478fa2504,BASE_TRAIN,0,LG-N1-4b309361a2a7cc6a35f9a675,Do-Not-Answer,2
W2-60564d67a2e5de0929ee1964,BASE_TRAIN,1,LG-N1-6e8f90aaa4252580846d83cf,deepset Prompt Injection,4
W2-60be68b8762557c72477e51c,BASE_TRAIN,0,LG-N1-0b686fb3ee1efbf461ebab60,Do-Not-Answer,2
W2-60d05a3867ed4502dd77afc2,BASE_TRAIN,0,LG-N1-fb2a656de4e0832a4b592a50,Do-Not-Answer,4
W2-6100cd3ca5f1a31c38654975,BASE_TRAIN,0,LG-N1-81ad0f25e4a6e14885f8c923,Do-Not-Answer,3
W2-610b89246f4bf8b4dd334402,BASE_TRAIN,0,LG-N1-3bcf40167b91468f4e154c5e,Do-Not-Answer,1
W2-6113dbe337455fba23505a02,BASE_TRAIN,0,LG-N1-dae0fe56ed18b891984fe1cf,Do-Not-Answer,1
W2-614e531418a246916c48d5be,BASE_TRAIN,0,LG-N1-66ab9dd61f7704eb72943fed,Do-Not-Answer,4
W2-61f4a3f94d3cabb2f1a3e9b5,BASE_TRAIN,0,LG-N1-87fca163d4fd23157e4ed9f6,Do-Not-Answer,2
W2-621a14093b9018d5be5f3270,BASE_TRAIN,0,LG-N1-013c443335fe581c059a4df6,Do-Not-Answer,4
W2-628cb7f7b93325c16ed55070,BASE_TRAIN,0,LG-N1-b0fd2a950597830762d11ec4,Do-Not-Answer,1
W2-62953daafc294a6c32818ec6,BASE_TRAIN,0,LG-N1-da48a2d9ea72c3184f7d6f5b,Do-Not-Answer,1
W2-62f04158d0ad6e2fff87b33e,BASE_TRAIN,0,LG-N1-cf36b24bf978bd4b535a84ae,Do-Not-Answer,0
W2-630a6748c59e36d22bbebf25,BASE_TRAIN,0,LG-N1-f693f36fd9f7c8cacbcefbff,Do-Not-Answer,1
W2-637b17cf22ad4bb69284549d,BASE_TRAIN,0,LG-N1-7c1a790d88c34250dd5d5568,deepset Prompt Injection,1
W2-639153342db8c9eb2cb7192b,BASE_TRAIN,0,LG-N1-1195108a93bcdd4564d0834f,Do-Not-Answer,3
W2-63b0cf4b2a1efe9f3cf9e54f,BASE_TRAIN,0,LG-N1-7d0bea0e8678600d290186aa,deepset Prompt Injection,2
W2-63ebaf39c867e490b4e5d038,BASE_TRAIN,0,LG-N1-e92756fa29f92f73552d5d1f,Do-Not-Answer,0
W2-6431e9393a3bb9cbde8bff35,BASE_TRAIN,0,LG-N1-5b47cdb62e6837c8b4c8f311,Do-Not-Answer,0
W2-644db6c96d093f3c265a7738,BASE_TRAIN,1,LG-N1-975ef152cc38631a2eabb2fe,deepset Prompt Injection,4
W2-645f33218aa439e765e065d1,BASE_TRAIN,0,LG-N1-939a7d9f8c49eb06e673a422,Do-Not-Answer,2
W2-64bc41cfda8ca5064dded596,BASE_TRAIN,1,LG-N1-925a6aeebfa00787fd9c2d34,deepset Prompt Injection,4
W2-6509ff257fdee3464d7b9c2f,BASE_TRAIN,1,LG-N1-39487c404fccc7a28d1d5266,deepset Prompt Injection,0
W2-653c255b48944a4a6a1b43c2,BASE_TRAIN,1,LG-N1-58a056fbeeb6bbb59f3453e0,deepset Prompt Injection,3
W2-6565fada38ee69a8b131e3f6,BASE_TRAIN,0,LG-N1-2ca2363f8414b58450e4a2b0,deepset Prompt Injection,1
W2-659ce9e10aa6990469cddd08,BASE_TRAIN,0,LG-N1-f9973490950cab46a23d023b,Do-Not-Answer,3
W2-65f4a28bfcdedce512f26ec9,BASE_TRAIN,0,LG-N1-663efe89e536f680e1edc39d,deepset Prompt Injection,4
W2-6629d70be118d1d50d5d0422,BASE_TRAIN,0,LG-N1-72fbd3f7d7b2826ce6d0f494,Do-Not-Answer,1
W2-66ada7a40dc98edb9aa6b57b,BASE_TRAIN,0,LG-N1-4ce98c55f6c797959e53c52a,Do-Not-Answer,0
W2-66de030c4b8d37702198d69e,BASE_TRAIN,0,LG-N1-5845525d362e0b64ebe53028,deepset Prompt Injection,1
W2-67691311e0a780f4ac5c0ef9,BASE_TRAIN,1,LG-N1-7c45d7e024787d9b1cced610,deepset Prompt Injection,0
W2-676c172902845d54b321a02a,BASE_TRAIN,1,LG-N1-ec0c71ea68cdcbf1db01672c,deepset Prompt Injection,3
W2-678516186be6c7611205ce0e,BASE_TRAIN,0,LG-N1-8a2c766f72a9fb8318d1423f,Do-Not-Answer,4
W2-679400fe7722995fb95b551b,BASE_TRAIN,1,LG-N1-20b82f11934a0db052300a2e,deepset Prompt Injection,1
W2-67c17ffee4a5e2135ddd6e97,BASE_TRAIN,0,LG-N1-9a7ad69af348e9dcc4e4a725,Do-Not-Answer,1
W2-67c26450efc859346d60f4a7,BASE_TRAIN,0,LG-N1-ac196b7d0ce54cc8830864a6,Do-Not-Answer,0
W2-67fcdc5cc534ffcc0332c37b,BASE_TRAIN,0,LG-N1-023c9aa9bb2570613fe71321,Do-Not-Answer,1
W2-683eebbefd9d91a5780002b0,BASE_TRAIN,0,LG-N1-daedee5f84df9e653f9b25b4,Do-Not-Answer,0
W2-685deaedcf91a7f6b841a8e2,BASE_TRAIN,0,LG-N1-641790577037d1b9d207546f,deepset Prompt Injection,1
W2-687e7754171764c57beac2d0,BASE_TRAIN,1,LG-N1-ee744c0be2242c0dc6a72720,deepset Prompt Injection,4
W2-688ff32ecd8f1551f31285e1,BASE_TRAIN,0,LG-N1-3b5d79ea4a106e8673b32d5e,Do-Not-Answer,2
W2-68e29179a5cfcf4ce6187d1a,BASE_TRAIN,1,LG-N1-f96e542a4e2f40c177e2ff73,deepset Prompt Injection,1
W2-6927c340906944b9a032b195,BASE_TRAIN,0,LG-N1-077966dbaff55ed9cff03b30,Do-Not-Answer,4
W2-69578c6de345ce921672b118,BASE_TRAIN,0,LG-N1-fdb21d1ab5768cd6e6590e88,Do-Not-Answer,2
W2-699ce091ed487a27ca311d9f,BASE_TRAIN,0,LG-N1-f082d0204b4038ef7eda5e83,Do-Not-Answer,4
W2-69d647667eb6a0743b2f3113,BASE_TRAIN,0,LG-N1-cbac51edf193901ab76ad684,Do-Not-Answer,0
W2-6a2f09983113ae0e76f29802,BASE_TRAIN,0,LG-N1-12fadac6e14d11cfad210937,deepset Prompt Injection,3
W2-6a3aa75d9118fa0cbb7bc633,BASE_TRAIN,0,LG-N1-80d1a8a1cf18dea7c3e4d18a,Do-Not-Answer,4
W2-6aaa150a520c7e8880ac87f1,BASE_TRAIN,0,LG-N1-1b7272ca18f28262feeef022,Do-Not-Answer,0
W2-6af06e16916c4d2870e0fc3a,BASE_TRAIN,1,LG-N1-216e6b1a3f5bec1703c27718,deepset Prompt Injection,0
W2-6b0313890049c13e1ef8293f,BASE_TRAIN,0,LG-N1-9ba21bb246eb03863063cc92,deepset Prompt Injection,2
W2-6b2a3becf12164c962b575f5,BASE_TRAIN,0,LG-N1-1d26f43b0d7cd2b90d080007,Do-Not-Answer,4
W2-6b7620fef11abc94afcb638f,BASE_TRAIN,1,LG-N1-9f14430fd95b11b134a59ab4,deepset Prompt Injection,0
W2-6c2bfbcfa619e136401af80c,BASE_TRAIN,0,LG-N1-66aa00d20c48058811be8423,Do-Not-Answer,4
W2-6c90197028fdaebe1f0d2af5,BASE_TRAIN,0,LG-N1-f7dc5e5570a190aff42aa8b7,deepset Prompt Injection,0
W2-6d1c05c33ff2369c466bce9e,BASE_TRAIN,0,LG-N1-4a39feb01b91afacf9acd2cf,Do-Not-Answer,0
W2-6d2c3b025e34ecb02f1a8f28,BASE_TRAIN,0,LG-N1-4404622bd6d4f57682bc2fd2,deepset Prompt Injection,0
W2-6d3e57888fba55a524a4056c,BASE_TRAIN,0,LG-N1-643fd707e57168665d7e3648,deepset Prompt Injection,0
W2-6dd6de2f6dfb21aa2d8e89b6,BASE_TRAIN,1,LG-N1-caded6a794b9988061906a02,deepset Prompt Injection,4
W2-6dec1d1e760ab9c2a6513bb5,BASE_TRAIN,1,LG-N1-d594087b66d1cb52060db8fe,deepset Prompt Injection,2
W2-6df47f94629bd4a0ee6d9558,BASE_TRAIN,0,LG-N1-f399af8eb52d898a5e6b1f44,deepset Prompt Injection,3
W2-6e2e5d08c5d9b747f56be784,BASE_TRAIN,0,LG-N1-85fbe503769d44cc96175323,Do-Not-Answer,0
W2-6e5a250d0e7ea03da41c47c7,BASE_TRAIN,1,LG-N1-ed563ab3e609001836ff9b55,deepset Prompt Injection,2
W2-6ea42747aba52fe8af73a98c,BASE_TRAIN,0,LG-N1-b0dabfc4864a2ecceabe7f10,Do-Not-Answer,1
W2-6eb2f1877363cca592e58a0c,BASE_TRAIN,0,LG-N1-8ab2dbba37b70603647fb13a,Do-Not-Answer,4
W2-6f0e7e7d5826346b7519d9a5,BASE_TRAIN,0,LG-N1-f66ab5cb2fa1efd31ed4f5c6,Do-Not-Answer,0
W2-6f8f795a3fb3b39f45b1ff76,BASE_TRAIN,0,LG-N1-9544520b9873903a6e752a2d,Do-Not-Answer,4
W2-7040ebdca963c6ed3d027f21,BASE_TRAIN,0,LG-N1-63b79e4cddbacee486aee562,deepset Prompt Injection,4
W2-705da7a83beb6e7f757739c2,BASE_TRAIN,0,LG-N1-ba912f67d69034e485de711c,Do-Not-Answer,1
W2-70a10c3d95e536a1d9aa8933,BASE_TRAIN,0,LG-N1-2745647bea44038b15ca7ed1,Do-Not-Answer,1
W2-70e98ea4e0f9193929b3878e,BASE_TRAIN,1,LG-N1-5150e1657ff710f83a0ff025,deepset Prompt Injection,4
W2-70efa2342d49aa5a090e5ca4,BASE_TRAIN,0,LG-N1-fe497ccc94f4f37a884ea495,Do-Not-Answer,4
W2-710651a3fad28c5c9de1fe15,BASE_TRAIN,0,LG-N1-371eec2588a12f8807493d67,deepset Prompt Injection,4
W2-710a53a632553cad1e2e8c76,BASE_TRAIN,0,LG-N1-332c55b10025aa5d089baeb3,Do-Not-Answer,0
W2-712fdb90f27ecc736c57db8c,BASE_TRAIN,0,LG-N1-390d28c01f664f0f18524de8,deepset Prompt Injection,3
W2-7143f2fd17769ceef3b31550,BASE_TRAIN,0,LG-N1-446742adc6b205d6ebe4fd77,Do-Not-Answer,3
W2-714d5b5d7c4d4fcf49ab1ffd,BASE_TRAIN,0,LG-N1-3c464fe723a8e45c753be552,Do-Not-Answer,2
W2-71afa45b2ed040a57481d277,BASE_TRAIN,0,LG-N1-bdff6229467deb396dd825c2,Do-Not-Answer,3
W2-720c0071f3c315aa0c69595b,BASE_TRAIN,0,LG-N1-a43a6c672bcc1cce793e2d1b,deepset Prompt Injection,0
W2-726811876849ed6dab00c9a3,BASE_TRAIN,0,LG-N1-ea1285d51ece3f5f0226ecd6,Do-Not-Answer,1
W2-728a49c015c3503d212011fd,BASE_TRAIN,0,LG-N1-57a8979058c6c96600cb4269,Do-Not-Answer,4
W2-72a8dd14024fc0be494dfd79,BASE_TRAIN,0,LG-N1-d0018ae9beff212697eb7b31,Do-Not-Answer,1
W2-72aaa78cd4b011e798c7aee0,BASE_TRAIN,1,LG-N1-a059568ed9e5a92b3a8013a4,deepset Prompt Injection,3
W2-72c84e9a95a7c189d5c25a52,BASE_TRAIN,0,LG-N1-fc0a9eb19efa2240fef974d0,Do-Not-Answer,3
W2-72ee9066ed033cc0f05ed6fe,BASE_TRAIN,0,LG-N1-bb92342768cf234ee4417b38,deepset Prompt Injection,0
W2-72f483b3d2ab71578f905f92,BASE_TRAIN,0,LG-N1-018454e3a4a878f612b87e80,Do-Not-Answer,0
W2-73393d2cc2cdb038bdea8214,BASE_TRAIN,0,LG-N1-800d6fd82823a76ceec7b12e,Do-Not-Answer,1
W2-737bd03c73ce4ce6b955c231,BASE_TRAIN,0,LG-N1-25c4ceacf599142356efb6f5,deepset Prompt Injection,1
W2-73b70bd08567510a7a14251b,BASE_TRAIN,0,LG-N1-1bb6aa89908c1cf4dbde3723,deepset Prompt Injection,3
W2-73bb112743790bc230d4cf6a,BASE_TRAIN,0,LG-N1-7c7e0aebb90c4f68c3f7c494,deepset Prompt Injection,3
W2-73d5295513c7cc10048dda2b,BASE_TRAIN,0,LG-N1-1060de18e9e21aef462f2c44,Do-Not-Answer,1
W2-740ea05429eecdb991c439aa,BASE_TRAIN,0,LG-N1-0f52b39c2a46b39b66b374da,Do-Not-Answer,0
W2-743de9a80508b876a1c573ca,BASE_TRAIN,0,LG-N1-fb84c2d4a7ecd6d4dc782451,deepset Prompt Injection,3
W2-744be1531acf08a7b1cf6f03,BASE_TRAIN,0,LG-N1-a97d4682371a643a84b80ed6,deepset Prompt Injection,4
W2-744fad551ac36d8dcd4d3d94,BASE_TRAIN,0,LG-N1-e9eadbbdc84ce79ca544f0f1,deepset Prompt Injection,3
W2-749e894f91486e79b57cec95,BASE_TRAIN,0,LG-N1-aa23107f86b7a1f99eb7265b,Do-Not-Answer,3
W2-74b3fa49d186d3c185b3dd1c,BASE_TRAIN,0,LG-N1-f219ba136d9c9df23e1ff104,deepset Prompt Injection,1
W2-74f04de7ef0c07509aaff7bd,BASE_TRAIN,0,LG-N1-9d6373f1d5c1acd1fcfdedc2,Do-Not-Answer,4
W2-756727b7ebefd07f4c715ad6,BASE_TRAIN,0,LG-N1-fa7a1b43dfab49c868bdd110,Do-Not-Answer,1
W2-75798e4e1d4fb1a4e9387ed3,BASE_TRAIN,1,LG-N1-e5d5204195ece444f0950ff1,deepset Prompt Injection,4
W2-759aab22c37323c4536a2a7a,BASE_TRAIN,0,LG-N1-5931d56b9118ba01869ceaa3,Do-Not-Answer,1
W2-75af6c1f5081c925531ef061,BASE_TRAIN,0,LG-N1-568169436036b8d9af6ed55b,deepset Prompt Injection,3
W2-75ba89f42105d8a24a370f2b,BASE_TRAIN,0,LG-N1-d6ee5faab569bb58c3bcd289,Do-Not-Answer,2
W2-75f07ac48f137baa7bd69f2b,BASE_TRAIN,0,LG-N1-85335f13122ad41d10628f0f,Do-Not-Answer,3
W2-75f21b6cce53fa485216eea6,BASE_TRAIN,0,LG-N1-78379141fb60f9bb740d2103,Do-Not-Answer,3
W2-7615d99f8c83dfe304d1a94f,BASE_TRAIN,0,LG-N1-717731c87c63baf398ddb1d7,Do-Not-Answer,1
W2-76509e35d6ab2572839e6ea3,BASE_TRAIN,1,LG-N1-785401ee0e3e10019941ff1d,deepset Prompt Injection,3
W2-765b5ac723afb2e3ed406404,BASE_TRAIN,0,LG-N1-91daa100f267750748b4cf36,Do-Not-Answer,1
W2-76807bca79a8e8ff1a60fc25,BASE_TRAIN,0,LG-N1-16863fb4cc96cdad805f4378,Do-Not-Answer,4
W2-76954916fe7c03102ddcbeb3,BASE_TRAIN,0,LG-N1-37aadf05d34021055bf0c8b1,deepset Prompt Injection,0
W2-76b694dee1669f5f5a50d2dc,BASE_TRAIN,0,LG-N1-a5ab8710b58b0ee074127d4a,Do-Not-Answer,2
W2-76d087928d7ec353197825e5,BASE_TRAIN,0,LG-N1-e538a4d77486cab3edd325b4,Do-Not-Answer,1
W2-775147afff12da9725651830,BASE_TRAIN,0,LG-N1-cd00445fe4ba5f75bde3cdff,Do-Not-Answer,2
W2-77516dded1231c0bb3400cf1,BASE_TRAIN,0,LG-N1-e6606a36b278b4bf065aebb2,Do-Not-Answer,3
W2-77708d7c69eb376a84689af2,BASE_TRAIN,0,LG-N1-9eff2502a5ea150f38bb5bce,deepset Prompt Injection,0
W2-779db47e539765ff0d82a679,BASE_TRAIN,0,LG-N1-57ff06a2137793036bc7b7bb,Do-Not-Answer,4
W2-77b1584a7082aaee8d9fcea8,BASE_TRAIN,0,LG-N1-cd61bf0cc67fc2233111c911,deepset Prompt Injection,1
W2-77cf86dae187121c639f9238,BASE_TRAIN,1,LG-N1-5a92a13ce02b50595c6233b7,deepset Prompt Injection,1
W2-77f1b4c6179676f355eac8b8,BASE_TRAIN,0,LG-N1-28e71f5cf1a9a86d40120262,Do-Not-Answer,0
W2-77f3f9551fad421171575d9b,BASE_TRAIN,0,LG-N1-00bc88bd6b95793621f5ed5a,Do-Not-Answer,1
W2-7807a4d0d91e232c8ea3b1c5,BASE_TRAIN,0,LG-N1-9e377a460bca6fbd4d507981,deepset Prompt Injection,0
W2-78104621dd4e65712186060b,BASE_TRAIN,0,LG-N1-863e90680bd06c9088606ec6,deepset Prompt Injection,4
W2-787378a39a77ad238498edfa,BASE_TRAIN,1,LG-N1-4453c5a8ad7ed2745323886c,deepset Prompt Injection,4
W2-793302408f1f4ede1c5f817d,BASE_TRAIN,0,LG-N1-3dc1b15d4f81fa1c884e7400,Do-Not-Answer,3
W2-795b3d75687bb43498dc8ece,BASE_TRAIN,0,LG-N1-ccc852c48e323b7847469a42,Do-Not-Answer,1
W2-79a70ed9a510c742e2ebeac1,BASE_TRAIN,0,LG-N1-c28f1349dc207b8ecab505a4,Do-Not-Answer,4
W2-79d256120ed5cacd26df9d40,BASE_TRAIN,0,LG-N1-2b9f5cb87dac59a76a8d0788,Do-Not-Answer,2
W2-79f45c53f0cfe86bff04d558,BASE_TRAIN,0,LG-N1-0740791dff2e69bb0177c454,Do-Not-Answer,0
W2-7a313b016eb95c573fcb7d6b,BASE_TRAIN,0,LG-N1-42a9e55639f5428257e95415,deepset Prompt Injection,3
W2-7a79d8945f971068ba81a044,BASE_TRAIN,0,LG-N1-cf759ad2e6b7e1d7e0902386,Do-Not-Answer,4
W2-7aa5f58a7362489a263e03b3,BASE_TRAIN,0,LG-N1-a2bb513e4a3d5a13680feb22,deepset Prompt Injection,3
W2-7ac6da4dc2ebc5a90c0fe37c,BASE_TRAIN,0,LG-N1-afacda140aca63a2cd6ae5c2,Do-Not-Answer,2
W2-7ad304d7a7bb1c8df8f66bcf,BASE_TRAIN,0,LG-N1-56c409f6948dca75f4c0c891,Do-Not-Answer,1
W2-7af0b4672a5e9ee9131bb3dc,BASE_TRAIN,0,LG-N1-47a4e47c7b3a3925e29274db,Do-Not-Answer,1
W2-7b1b43b4bacb9bb3630b2827,BASE_TRAIN,0,LG-N1-3d50986a25c494e77a8f81d2,Do-Not-Answer,2
W2-7bfc7bb34fa3ac0a64b32c90,BASE_TRAIN,0,LG-N1-512292c1e247d3a672991d50,Do-Not-Answer,1
W2-7c0fda5d27b39d10dfe76fef,BASE_TRAIN,0,LG-N1-0e5fd002b2e20ddecc6e9919,Do-Not-Answer,3
W2-7c19bfe54884f154f13a65b4,BASE_TRAIN,0,LG-N1-3b66562078d3aa44a98cc9bc,Do-Not-Answer,1
W2-7c4feff8d1592011862a7ca5,BASE_TRAIN,0,LG-N1-07e3964973f4330dd9da3d2d,Do-Not-Answer,3
W2-7c8bce411d0f35fc0e1638e8,BASE_TRAIN,0,LG-N1-bcbf34b8e2b39dac4cdcfbe3,Do-Not-Answer,2
W2-7cb01bcd9c663baf83595ff2,BASE_TRAIN,0,LG-N1-c896b70fc1bd807371f85b2a,Do-Not-Answer,0
W2-7d1d7b6db5c940db8b2100ee,BASE_TRAIN,0,LG-N1-ae0496af40b3c3baf0a34b86,Do-Not-Answer,2
W2-7db1b51e06d257bfba8952dd,BASE_TRAIN,0,LG-N1-706ac09abeea516f95ad53a5,deepset Prompt Injection,0
W2-7e1fd625816e3f5d39bf1aae,BASE_TRAIN,0,LG-N1-e7e97ebc3e99b031bfa8d8c5,deepset Prompt Injection,3
W2-7e2754866560623a1b16a2a6,BASE_TRAIN,0,LG-N1-47fa47b6a79c75186612ed9b,deepset Prompt Injection,2
W2-7e2dd5ac0d6352bbc7845227,BASE_TRAIN,0,LG-N1-12095b288c3d0be3451db1bb,Do-Not-Answer,1
W2-7ec594b6703befbcc08c04fb,BASE_TRAIN,0,LG-N1-c2bed0db6aeead3b76941130,Do-Not-Answer,2
W2-7ef697141e58bb6f33738c07,BASE_TRAIN,0,LG-N1-95e3579f968e0c4b915a78f5,Do-Not-Answer,3
W2-7f2eeb24bc5180caeff00985,BASE_TRAIN,1,LG-N1-efb768565b14a591ad42c078,deepset Prompt Injection,2
W2-7f3c2832ab1194a683b4ce2b,BASE_TRAIN,0,LG-N1-bbb6cc29a9d8c9404473928c,deepset Prompt Injection,2
W2-7f63db8c4fb59a56aa776579,BASE_TRAIN,0,LG-N1-5cda405fe86cc434aaa5fcf1,Do-Not-Answer,4
W2-7fc016ba79dff566d6aeb2ba,BASE_TRAIN,0,LG-N1-1d1eb040a97452b6a5c98e26,Do-Not-Answer,0
W2-7fc5a8887ee2ac8875e8d329,BASE_TRAIN,0,LG-N1-f9a0c6d934c9e67d3cb72194,Do-Not-Answer,0
W2-7fc60b3fd4a461a17519eb20,BASE_TRAIN,0,LG-N1-137cbfac9bf0c6804d54e26b,Do-Not-Answer,2
W2-8018e84d1b0cbe2654598e94,BASE_TRAIN,1,LG-N1-61712da3e1221f659af25437,deepset Prompt Injection,2
W2-805d39d74af0ea5b2434c65b,BASE_TRAIN,1,LG-N1-98a6343c838ee496231e075f,deepset Prompt Injection,0
W2-808bf1cc5fe9166513dd5ad0,BASE_TRAIN,0,LG-N1-1684c3b4469e6c86af630817,Do-Not-Answer,3
W2-80dbbda3b79ecdd5684840a4,BASE_TRAIN,0,LG-N1-77f04929bbd8165c3b4ec978,deepset Prompt Injection,3
W2-816fd218a8e39bdf0aa4d1c7,BASE_TRAIN,0,LG-N1-8f211a0a05262dcf5d553403,Do-Not-Answer,4
W2-8176bee65f806eb890fb169d,BASE_TRAIN,1,LG-N1-03e9799e7da15bd65a03b565,deepset Prompt Injection,2
W2-81dddee620facf2589ad1c15,BASE_TRAIN,0,LG-N1-ee8e5c57e1ed60baa609bb10,deepset Prompt Injection,0
W2-823b0c47663571728ec316b0,BASE_TRAIN,0,LG-N1-22d4dc1c8129194e7cccfddc,Do-Not-Answer,3
W2-82710ccd54f7f874d7b1bf5a,BASE_TRAIN,0,LG-N1-7c51c9b4e2fe52f66a5be23a,deepset Prompt Injection,1
W2-82ba14c4f25e7b11be1b3c58,BASE_TRAIN,1,LG-N1-d80275ff32e22b421c9992dc,deepset Prompt Injection,1
W2-82f9f10062c8f64159a8ec2e,BASE_TRAIN,1,LG-N1-89a3dcd6c9d82361d396cb14,deepset Prompt Injection,2
W2-83057ef81a6622e7970022ff,BASE_TRAIN,1,LG-N1-9d97266f520c9969adf839a5,deepset Prompt Injection,3
W2-832ef9511005d57a483c9cff,BASE_TRAIN,0,LG-N1-d307e7fce1541e26399ea697,deepset Prompt Injection,4
W2-836cd945524bd548a2bd99c8,BASE_TRAIN,0,LG-N1-94ca873c3fb3a625e6fc10a7,Do-Not-Answer,0
W2-83aa65a029e943e73dfbf66d,BASE_TRAIN,0,LG-N1-e31a02055933846861f2cf1a,Do-Not-Answer,1
W2-83ad688bf148919fe9370c15,BASE_TRAIN,1,LG-N1-8f3c452d663ccadb891dde75,deepset Prompt Injection,4
W2-84de239e2a85a30808fbac28,BASE_TRAIN,0,LG-N1-5d11200888edc503de1c4ad1,Do-Not-Answer,1
W2-8584f33c857af557f079cec8,BASE_TRAIN,0,LG-N1-3ce4828fbc9466ee40be36da,Do-Not-Answer,4
W2-858fc7ebcab06a774fb6344f,BASE_TRAIN,0,LG-N1-748dfe2cc6fa76de66646486,Do-Not-Answer,3
W2-85d5964d969c4e0e9fef7394,BASE_TRAIN,0,LG-N1-b068fabce41022981d8d0cbd,Do-Not-Answer,0
W2-86535662474c3fdaf37c7097,BASE_TRAIN,0,LG-N1-fc6325e1f0dd3d4537c9e08b,Do-Not-Answer,0
W2-8698a69641cf06fbcc9cfa21,BASE_TRAIN,0,LG-N1-2ec97b16009f941cda7d76d1,Do-Not-Answer,3
W2-8755f94ca3d06cbb3833b1cb,BASE_TRAIN,0,LG-N1-53bb0af40e12e2b946a741fb,Do-Not-Answer,3
W2-87cffe828477c1adfecca1b5,BASE_TRAIN,0,LG-N1-d396876b2648a64e9a125adb,deepset Prompt Injection,4
W2-87d85a4408f2b6411017789a,BASE_TRAIN,0,LG-N1-d6b575bce07c3b8548a83b2c,Do-Not-Answer,4
W2-87d8cfaaae67aa88b7466995,BASE_TRAIN,0,LG-N1-91b5524d32e5d0c1e7994f1b,deepset Prompt Injection,1
W2-883ff0662bff7325a13bcdf5,BASE_TRAIN,0,LG-N1-318f903a83b4d30d1bea59e2,deepset Prompt Injection,1
W2-8864a9e78d0d9e61e36e33d2,BASE_TRAIN,0,LG-N1-98232efe8cc05b748b5ab619,Do-Not-Answer,3
W2-886faf827950b5b3d105c00c,BASE_TRAIN,0,LG-N1-e2e687cb317f6630cc0c56c5,Do-Not-Answer,3
W2-88e46c8f6644b0c76184613c,BASE_TRAIN,0,LG-N1-32b0bc21410dedfd09047df5,Do-Not-Answer,3
W2-894b02d1d4d2ee25e2863bed,BASE_TRAIN,0,LG-N1-c0ad4c9540530c1d08c65d71,deepset Prompt Injection,3
W2-895c82b8380970b81ad5ffc3,BASE_TRAIN,1,LG-N1-99596017761772e56cacef66,deepset Prompt Injection,0
W2-8a12abb6e178de94d1551767,BASE_TRAIN,0,LG-N1-ea91201403dcce460920c4ba,deepset Prompt Injection,0
W2-8a24cb0d9415068853843da8,BASE_TRAIN,0,LG-N1-de6b960ac51ffc9b396c3adb,Do-Not-Answer,0
W2-8a35b69acc2debff37ece053,BASE_TRAIN,0,LG-N1-0f55c452ef749123be742840,Do-Not-Answer,3
W2-8a4974297c48bddaadb82388,BASE_TRAIN,0,LG-N1-abfe1d837cbb0ecef181c152,deepset Prompt Injection,3
W2-8ac4965fddc0a84d8a6ecf55,BASE_TRAIN,1,LG-N1-3f92130ee2a708cb5465c5eb,deepset Prompt Injection,4
W2-8aeaefea5201777dfe01ba89,BASE_TRAIN,0,LG-N1-b7bbe5009e1b27fd72164611,Do-Not-Answer,2
W2-8b200eac8130b41c96df6431,BASE_TRAIN,0,LG-N1-03a38854a142fc6b0a936437,deepset Prompt Injection,0
W2-8b214c1a01d55b0079640730,BASE_TRAIN,0,LG-N1-c0b192596b68bfe4220a2d3e,Do-Not-Answer,0
W2-8b8a643487e2d4f0767af622,BASE_TRAIN,0,LG-N1-8324763271df011a690ca0a9,Do-Not-Answer,4
W2-8b9ab632536c36a89b6c98db,BASE_TRAIN,0,LG-N1-12905855b7c42cfde76a9e18,Do-Not-Answer,1
W2-8ba08b7fae96ca2859b31bba,BASE_TRAIN,0,LG-N1-185e8c9b462a98974d41bc2e,Do-Not-Answer,0
W2-8be5f1563dc4b1783229acdc,BASE_TRAIN,0,LG-N1-2620ade83f1e7934f885b18e,Do-Not-Answer,3
W2-8bf0f5f15250d45a2be5d50d,BASE_TRAIN,0,LG-N1-f740dcb1095ed5f88ea8a7f1,Do-Not-Answer,1
W2-8bf3417e9a01fc93b623985a,BASE_TRAIN,0,LG-N1-841e3177224f3d6f1ceabc00,Do-Not-Answer,2
W2-8c09d9de2c14db1d3f034c2c,BASE_TRAIN,0,LG-N1-12608dcf3a280382e775aea2,Do-Not-Answer,4
W2-8c3297cc9fe8757badeaae16,BASE_TRAIN,0,LG-N1-59ca3d77f0eb62c597071c49,Do-Not-Answer,1
W2-8c59054fa4891b95d3f4f8df,BASE_TRAIN,0,LG-N1-94fbb2a7a2940b6f58998456,Do-Not-Answer,2
W2-8d785c8e86beca31cd070002,BASE_TRAIN,0,LG-N1-3382814614e4fd8efc5d0beb,deepset Prompt Injection,2
W2-8d7f31397b79a7c1c414844d,BASE_TRAIN,0,LG-N1-dec6e756070de2be1b2c360d,Do-Not-Answer,1
W2-8defcb6c400e42ffe4b0ab72,BASE_TRAIN,0,LG-N1-2cdc1d43624615d3cc10ad23,Do-Not-Answer,2
W2-8e247b85d94c7374bea1dae2,BASE_TRAIN,0,LG-N1-ee90f23b0e97235cc6509017,Do-Not-Answer,3
W2-8ef00ca222daa8700d8b9fc4,BASE_TRAIN,0,LG-N1-a1bd6bad18b23182413f6bea,deepset Prompt Injection,1
W2-8fab5f9a38c70a5379cd0166,BASE_TRAIN,0,LG-N1-dc0e2a9d32cb745c30f042a7,Do-Not-Answer,3
W2-8ffdf9007b8e6d525982d64d,BASE_TRAIN,0,LG-N1-9eac68e26ba3edb55f13974f,Do-Not-Answer,4
W2-90280c0ab83de81ccb830db8,BASE_TRAIN,0,LG-N1-da281d667f2afe721750e336,Do-Not-Answer,4
W2-903a3da4d6317e3374091f14,BASE_TRAIN,0,LG-N1-2b67b501f2c9621c49a08dd5,deepset Prompt Injection,2
W2-9045bab4c3ab22401aacf96b,BASE_TRAIN,0,LG-N1-76c4be6495976387e5f3a102,Do-Not-Answer,4
W2-909231f79ba98693948ece20,BASE_TRAIN,0,LG-N1-e38686780189b56465b8d79f,deepset Prompt Injection,0
W2-90bf7697ce8f4959afd0c562,BASE_TRAIN,0,LG-N1-28a5997211c9a4b88173385b,Do-Not-Answer,1
W2-910ea0343a3d9efb3502c513,BASE_TRAIN,0,LG-N1-3cd0e5556822b7add035b87d,deepset Prompt Injection,2
W2-91109a2780ecb17031dacd91,BASE_TRAIN,0,LG-N1-77a6576469c019977ab60612,Do-Not-Answer,0
W2-91e5df98467f4d1fa5e3e807,BASE_TRAIN,0,LG-N1-d4d9da6c54896b0a705fcfef,deepset Prompt Injection,1
W2-922d0f4b8c8a164e1393a219,BASE_TRAIN,0,LG-N1-293b3c8b69163706851a5563,deepset Prompt Injection,1
W2-9246b3c1a013d78e4ca179d4,BASE_TRAIN,0,LG-N1-fb5b890c4661eb0f9125d13f,Do-Not-Answer,1
W2-927a8903ba3cb39c2af47134,BASE_TRAIN,0,LG-N1-c73408ca4af64360f29aca87,Do-Not-Answer,3
W2-9317495a09482f983cc999b9,BASE_TRAIN,0,LG-N1-75f88c58e19ff6a88bad22de,Do-Not-Answer,1
W2-93301194fcc37e8f2ace062f,BASE_TRAIN,0,LG-N1-544f05531b77507c18b5bf58,Do-Not-Answer,0
W2-9397e95fa987e0e54e54d148,BASE_TRAIN,0,LG-N1-1cccdb9e926e108fe9cf98c4,Do-Not-Answer,4
W2-93bb63ce9e18f2514a1776ef,BASE_TRAIN,0,LG-N1-abc382c5593a8104a54082c8,Do-Not-Answer,2
W2-93c12b6ae7fd453237798e9f,BASE_TRAIN,0,LG-N1-cf52c49f35463bbd60b9ade3,Do-Not-Answer,2
W2-93c8320039ec255ab2c7a1db,BASE_TRAIN,0,LG-N1-226ee9d7ca4112ed5a49f940,Do-Not-Answer,3
W2-93d5b9fc4018dd0e875a1e2b,BASE_TRAIN,0,LG-N1-c30326502b372fabb18e20b9,Do-Not-Answer,1
W2-93f4eb6c0936fb76df98631a,BASE_TRAIN,0,LG-N1-3b2ea2d5fe0ca0544fbbc1fb,Do-Not-Answer,2
W2-944470194dfa1cb37831c38f,BASE_TRAIN,0,LG-N1-b881ff72cb71de2d0a252753,Do-Not-Answer,1
W2-947be3e84af9dcb6174b2b41,BASE_TRAIN,0,LG-N1-e563d8dce047e5b48ed97dfd,Do-Not-Answer,4
W2-9480ec256197b44fdb5f1474,BASE_TRAIN,0,LG-N1-9e0141bd22c07b4b98281a8d,Do-Not-Answer,2
W2-94cf156727171bc6bb550888,BASE_TRAIN,0,LG-N1-8f6fc4f62368271bf6bc1eda,Do-Not-Answer,2
W2-9572e34c7ec6f3af9501ac0f,BASE_TRAIN,1,LG-N1-8c3ecb63afe94736561deab6,deepset Prompt Injection,3
W2-95a1e3a497aca38d7b322ec7,BASE_TRAIN,0,LG-N1-71b4919ec8621c136ab5b7b2,Do-Not-Answer,4
W2-95dc1e2598812e324351e3da,BASE_TRAIN,0,LG-N1-5af46f68ac989f64dfe65250,deepset Prompt Injection,0
W2-95e0795840506cd7cdcefc3e,BASE_TRAIN,0,LG-N1-1e2d117e12565f42acf03609,deepset Prompt Injection,1
W2-95e82f4179e4bfdfcacb8930,BASE_TRAIN,0,LG-N1-a7cd63d23ec43f5f19b2499d,Do-Not-Answer,0
W2-96d27ad4866ea3672f539658,BASE_TRAIN,0,LG-N1-8cad5c74b42e6158b114fe98,deepset Prompt Injection,0
W2-96fe665a48729ae452a91db7,BASE_TRAIN,0,LG-N1-1ef44176cba0f90dc5d32a73,deepset Prompt Injection,1
W2-97092b9773a39edbda469b2b,BASE_TRAIN,0,LG-N1-ea28cd0db07dd743b7822f13,deepset Prompt Injection,0
W2-971af3299ffc07484a6834b8,BASE_TRAIN,1,LG-N1-58881d45127d6827ab8b4d6b,deepset Prompt Injection,2
W2-9742b6e87d761a4e8cb8d3f8,BASE_TRAIN,0,LG-N1-8062c9092b9459754def0799,Do-Not-Answer,0
W2-9751d3ced1de667aa0a2ec5b,BASE_TRAIN,0,LG-N1-413c5c2533a416107217483a,Do-Not-Answer,0
W2-9817778dd859e4b5b0214a35,BASE_TRAIN,0,LG-N1-94f143d5e4bae6c934589f28,Do-Not-Answer,3
W2-9917d032a2c85643dbc236d1,BASE_TRAIN,0,LG-N1-75bbdd26453f96a09d6bb1bb,Do-Not-Answer,4
W2-9948e8cd61ef1159ff780e82,BASE_TRAIN,0,LG-N1-dcc13b6deab9fecacf806d40,deepset Prompt Injection,1
W2-99738a425512f31603ed90e2,BASE_TRAIN,0,LG-N1-12d6d10f12a5e0f5c9fee2a3,Do-Not-Answer,4
W2-9982a1bd2677a82d6817776b,BASE_TRAIN,0,LG-N1-cc59f14ab3584167800e1c42,Do-Not-Answer,1
W2-99c5b006d5425c1a500d78bf,BASE_TRAIN,0,LG-N1-e7a9be6adf91cd1eee548bda,Do-Not-Answer,2
W2-9a2b862e641a149ef645eb5f,BASE_TRAIN,0,LG-N1-4d51c4d41c9c43a8cce75955,Do-Not-Answer,2
W2-9a9708b097a77187743c0b8c,BASE_TRAIN,0,LG-N1-2ecbd8c18d4b593c71cee6c5,Do-Not-Answer,4
W2-9b3644327fd7b8a30bd2a49f,BASE_TRAIN,1,LG-N1-cc5e743b9203416ec7707f51,deepset Prompt Injection,1
W2-9b41235b4a69e6f23617fdff,BASE_TRAIN,0,LG-N1-b3728f30afa234897f17d65b,deepset Prompt Injection,4
W2-9b6da259ce0e103d6f645bdb,BASE_TRAIN,1,LG-N1-fec8435f9840b568962c3026,deepset Prompt Injection,1
W2-9b6e3740582f696a4f01863d,BASE_TRAIN,0,LG-N1-8e651df4d1179e77be6ee64b,Do-Not-Answer,3
W2-9ba1e2555e2cc93bf0e2be37,BASE_TRAIN,1,LG-N1-7bab08b6ac4d114c47466da9,deepset Prompt Injection,1
W2-9babdf2cd73263f074801a43,BASE_TRAIN,0,LG-N1-c8aa67cd4fc8571679acb732,Do-Not-Answer,2
W2-9bc36b09a189238981ec183f,BASE_TRAIN,1,LG-N1-8d9d98aa3f246bac9ff24ed0,deepset Prompt Injection,1
W2-9bf8843ec503c4f13292eb50,BASE_TRAIN,0,LG-N1-30cc3419b49f07ba75abc92d,Do-Not-Answer,2
W2-9c1e2c91c49d18f77c8f9172,BASE_TRAIN,0,LG-N1-f864919f77fd801877f485d8,deepset Prompt Injection,3
W2-9c2a9229f3d9c4cefd8ce5fb,BASE_TRAIN,0,LG-N1-66a1446ff990d6c7c2a9168d,Do-Not-Answer,1
W2-9c8a4f0c865b6500cf967ade,BASE_TRAIN,0,LG-N1-86b0f9cb7a6ab46302ebfe2c,deepset Prompt Injection,1
W2-9ce5bb3ee31181f7d3d362e1,BASE_TRAIN,0,LG-N1-1b5baf505cfd33f873b3adfc,Do-Not-Answer,4
W2-9d07dd5c37d6edbe13bcfa4f,BASE_TRAIN,0,LG-N1-1212c5fa16ed38867067955d,Do-Not-Answer,0
W2-9d638ebc81db23a68b1d705c,BASE_TRAIN,0,LG-N1-e875eb0f5fda1bd34c677575,Do-Not-Answer,1
W2-9d72c86a8b08c02a0ab81e06,BASE_TRAIN,0,LG-N1-5197d93ffbefc01bdf92dda1,Do-Not-Answer,2
W2-9ddf412e1f8f93718176e0c6,BASE_TRAIN,0,LG-N1-958a10b2ea57972893aa11e8,Do-Not-Answer,3
W2-9e28ea6e08e075e12784b9a1,BASE_TRAIN,0,LG-N1-e1f206a7dbaa222c5202be58,deepset Prompt Injection,4
W2-9e50f94bc4ada9fb0739f019,BASE_TRAIN,0,LG-N1-4e316b4c156a4091f791a0b4,Do-Not-Answer,1
W2-9e82cf1a389f00e32a7e88af,BASE_TRAIN,0,LG-N1-fa11c112fe0f1383f9f08f03,Do-Not-Answer,3
W2-9eae7889e8ed9bdc57833265,BASE_TRAIN,0,LG-N1-ee3691b74b7c7f6befae3c2d,Do-Not-Answer,4
W2-9ecff1d86fb218d75135fc0d,BASE_TRAIN,0,LG-N1-41bd5b1831cca6b2d9cf3722,deepset Prompt Injection,2
W2-9f9ca29144ae5755a5c56c9b,BASE_TRAIN,1,LG-N1-8685a676c88ba00c561de7d9,deepset Prompt Injection,0
W2-9fa030c003d5716ffe9b627e,BASE_TRAIN,1,LG-N1-7b6badff5b20c9ef8c49ce3d,deepset Prompt Injection,4
W2-9fc4aa7991858832c7f96bb6,BASE_TRAIN,0,LG-N1-102369e5d16299fdd940ae15,deepset Prompt Injection,4
W2-a01353d6cb093876fddec014,BASE_TRAIN,1,LG-N1-bb99dac9524015a92d684db2,deepset Prompt Injection,1
W2-a01ce2ac5da53fc8ed32d5dc,BASE_TRAIN,1,LG-N1-92ee9b0bbfeff7c63358e687,deepset Prompt Injection,3
W2-a02db66bb440648d8ce0767b,BASE_TRAIN,0,LG-N1-7835f6fd309f5bd62cd90d3f,Do-Not-Answer,1
W2-a03c09febd60ecbb79721270,BASE_TRAIN,0,LG-N1-9dd0817a32f7cf7f7d333708,deepset Prompt Injection,1
W2-a05fff9a5603774beda0224e,BASE_TRAIN,0,LG-N1-5f8c6f93de3e07ab2ef903bf,Do-Not-Answer,2
W2-a080b7295da7ab3866be79ee,BASE_TRAIN,1,LG-N1-ddf4d7cb1802667ace4a28d7,deepset Prompt Injection,0
W2-a111273a37987006359659fa,BASE_TRAIN,1,LG-N1-852dc566e08ee5109ebbb69b,deepset Prompt Injection,0
W2-a124581d1d95d623d69335c0,BASE_TRAIN,0,LG-N1-6b282d132bcf3da93315f143,Do-Not-Answer,4
W2-a1407449855cca7ccaf9989a,BASE_TRAIN,0,LG-N1-8240a62893c0fe1bee152939,deepset Prompt Injection,2
W2-a147f7aa150454d67c5d8227,BASE_TRAIN,0,LG-N1-5954cbc01fa2d47452eaf389,deepset Prompt Injection,1
W2-a154346eb2a5ecad6f5f59e7,BASE_TRAIN,1,LG-N1-0f834fcf12d191f966a791e2,deepset Prompt Injection,0
W2-a1cdc55c308a04981a9560c5,BASE_TRAIN,0,LG-N1-0174e78c876f209861139287,Do-Not-Answer,0
W2-a1eacc8f8d7ffa05ccf82eb0,BASE_TRAIN,0,LG-N1-a3a2c6ce0c5cb01acf8308ec,Do-Not-Answer,3
W2-a21ffb3ea96a04e5f0bc6a42,BASE_TRAIN,0,LG-N1-7d19f0467326010a1a33cdd5,Do-Not-Answer,2
W2-a240634c7683b25decc637da,BASE_TRAIN,0,LG-N1-97077229b2f551ac0b20991b,Do-Not-Answer,1
W2-a246bd2ddcace5ebc2910cec,BASE_TRAIN,0,LG-N1-e573a9ef8633fa363229402a,Do-Not-Answer,1
W2-a29c9b158cf8ac68a0ad8958,BASE_TRAIN,0,LG-N1-29b886b99c7c43213fab2956,Do-Not-Answer,2
W2-a2a920e789f154fbbb675ace,BASE_TRAIN,0,LG-N1-08d590f913d638d0c224dba8,deepset Prompt Injection,0
W2-a2cc5e418f6c87c0c183739e,BASE_TRAIN,0,LG-N1-b5b300c47248afd0fe6d7520,Do-Not-Answer,4
W2-a2ebed4ac325e5edd6c12915,BASE_TRAIN,0,LG-N1-9f1ddf360fc0d94ecade7169,Do-Not-Answer,1
W2-a3067752ad31d5cee8602357,BASE_TRAIN,0,LG-N1-3bad3052a9fb4c9128339d7c,Do-Not-Answer,1
W2-a34a6d9aafadeb81da9d42c1,BASE_TRAIN,1,LG-N1-dd1a6a720d511c8b3db57e05,deepset Prompt Injection,4
W2-a356ec8a16cacf7c213cde2b,BASE_TRAIN,0,LG-N1-ee88188c1865d34a20e38502,deepset Prompt Injection,1
W2-a383492e0263564a0648137b,BASE_TRAIN,0,LG-N1-fcb71c260a73dc0dbf3a3071,Do-Not-Answer,1
W2-a38cd0af4c9d3d3f82fea7d0,BASE_TRAIN,0,LG-N1-d6f73933c24cf019b0f51eae,Do-Not-Answer,0
W2-a3c0b715fcccccb212f4059c,BASE_TRAIN,0,LG-N1-394294934433f862ee3cb94d,deepset Prompt Injection,3
W2-a43969a4d6ca21e8486fca71,BASE_TRAIN,0,LG-N1-81deed645b4428001c8cbe4b,deepset Prompt Injection,4
W2-a47625a4deeacdfb7ad7133e,BASE_TRAIN,1,LG-N1-a27b0be1fd66be46b759c10c,deepset Prompt Injection,0
W2-a4ca56c9c636a0fc168cea80,BASE_TRAIN,1,LG-N1-524c559690f16214246023ca,deepset Prompt Injection,2
W2-a5a155b0d3a9577c350c52ef,BASE_TRAIN,0,LG-N1-a0c00978ad79c0553aa3c119,Do-Not-Answer,4
W2-a5dc73972b78b947627de5ad,BASE_TRAIN,0,LG-N1-4747560cbd39521a5d78199b,deepset Prompt Injection,4
W2-a623ca6e4afa7fc1d952f73b,BASE_TRAIN,0,LG-N1-ecde4b20be5751adb399191e,Do-Not-Answer,3
W2-a651369b9a274abfab8d580b,BASE_TRAIN,1,LG-N1-ad05e4c7e9142a06221e6dae,deepset Prompt Injection,1
W2-a6528680f2232870102f571d,BASE_TRAIN,0,LG-N1-5fa2b8cee75c3e0cb915724d,Do-Not-Answer,1
W2-a6681550135bdd291e720bf7,BASE_TRAIN,0,LG-N1-8e43dc4c3fbe169c615ddf77,deepset Prompt Injection,1
W2-a6ba2133cf93bfb24ebb019a,BASE_TRAIN,0,LG-N1-cb510e3544758af1092c0b6d,Do-Not-Answer,2
W2-a7201edd2774e8e1daba7fb1,BASE_TRAIN,0,LG-N1-092936c34a737af0cae7d64b,Do-Not-Answer,1
W2-a725c66c0d24873925dfbbde,BASE_TRAIN,1,LG-N1-acbd74e053a12129f55a5c2a,deepset Prompt Injection,0
W2-a7c37e543ddd4eff651cd8f7,BASE_TRAIN,0,LG-N1-66177275d1cf43d4ae767575,Do-Not-Answer,3
W2-a7db2354234e482f4863cd4f,BASE_TRAIN,0,LG-N1-9d93c10ce2f8893752fb59eb,Do-Not-Answer,1
W2-a8321fc43e35ade2b075602d,BASE_TRAIN,0,LG-N1-16a682fa61dadfc3355857bb,Do-Not-Answer,3
W2-a84bc488e39600e17c70208f,BASE_TRAIN,0,LG-N1-4c8f5753d6816b6263dce8f1,deepset Prompt Injection,1
W2-a85985696d245fbaa19dca4d,BASE_TRAIN,0,LG-N1-07673d436fe72a9e8f187559,deepset Prompt Injection,2
W2-a860e1e34b2a39ee88b9a9aa,BASE_TRAIN,0,LG-N1-48be522aaafbf763d9d5e47b,deepset Prompt Injection,0
W2-a952bcc4143706b843754d16,BASE_TRAIN,0,LG-N1-57db2ba0479a4bdcd301573b,Do-Not-Answer,4
W2-a9c4c0fa920e958309b3e1f4,BASE_TRAIN,1,LG-N1-86895cb2c309b74c5bded007,deepset Prompt Injection,4
W2-a9de7525e802b39da85d7295,BASE_TRAIN,0,LG-N1-96dfc3d712d522c932f39e02,deepset Prompt Injection,2
W2-a9f376ca74b303aa03a430c1,BASE_TRAIN,0,LG-N1-92ab8ffe6b0b80e0e763a815,Do-Not-Answer,1
W2-aa5bbaef210095495b970f11,BASE_TRAIN,0,LG-N1-23136a334ad838a9286ec55f,deepset Prompt Injection,4
W2-aa9b792c544b07f4762a2292,BASE_TRAIN,0,LG-N1-509659c039030edcd69491a9,Do-Not-Answer,0
W2-aac2fdc41b50b65895bb2328,BASE_TRAIN,0,LG-N1-74a6993ebb0c560ecfa379ef,Do-Not-Answer,4
W2-aac5251716c6bdfe7b25b1d3,BASE_TRAIN,0,LG-N1-d954eca60fd6fd02534bdcff,Do-Not-Answer,3
W2-ab2a572283f51bf60cc4e457,BASE_TRAIN,0,LG-N1-aeb2aa05d63dec5cb432a03d,Do-Not-Answer,4
W2-ab98d5f799883a8365c8065b,BASE_TRAIN,0,LG-N1-a80baf7be6d6d279353cc7c5,deepset Prompt Injection,2
W2-ac070cf5615e3d921bf92827,BASE_TRAIN,0,LG-N1-9ce2862367762da4dce65f05,Do-Not-Answer,2
W2-acb4bf186f01574ffaf5c4de,BASE_TRAIN,0,LG-N1-39e88de406e3fc5d43e88acf,deepset Prompt Injection,2
W2-acc50d290eb0a466fb19c5d1,BASE_TRAIN,0,LG-N1-b32862667d81d6c489158a6d,Do-Not-Answer,1
W2-ad0ba32e722a935678afa09a,BASE_TRAIN,1,LG-N1-6030f07c87085dd55bdb7f7b,deepset Prompt Injection,4
W2-ad5f70bd92450b3317e9c2e4,BASE_TRAIN,0,LG-N1-3bc9d8e164167d331d14bc6e,deepset Prompt Injection,2
W2-ad96cb5130c394c9c2b604e5,BASE_TRAIN,1,LG-N1-a0f5d7dbcadbd7385d1e9183,deepset Prompt Injection,0
W2-ada8d864872c6f454c9d89e9,BASE_TRAIN,0,LG-N1-6d6e7e72c9a2662cc8827e8e,Do-Not-Answer,2
W2-ae0eb219c509de20312039ca,BASE_TRAIN,0,LG-N1-4f73680d1fc3d5e6e008e6c6,Do-Not-Answer,0
W2-ae21a185c2e966a2cf35d890,BASE_TRAIN,1,LG-N1-9cc8625cd0e9f02e1bd7cb4c,deepset Prompt Injection,3
W2-ae25fb8ad9d73a5d645e7a9d,BASE_TRAIN,0,LG-N1-bd2e8168ed46f1ce382bcc5b,deepset Prompt Injection,4
W2-ae81f996c05e2b7068e38c11,BASE_TRAIN,0,LG-N1-e40c2b8fff0464da848d11dc,Do-Not-Answer,4
W2-ae9510125a81c7637b4a8183,BASE_TRAIN,0,LG-N1-58fc0fc81a4c97bec7f13f70,Do-Not-Answer,0
W2-ae9dc55672805426791b0034,BASE_TRAIN,1,LG-N1-92889e875cb961adcb66e3fb,deepset Prompt Injection,3
W2-aeae6d02ddc091926fdb96aa,BASE_TRAIN,0,LG-N1-51d47f35adc41cac7252afb0,deepset Prompt Injection,3
W2-aeb4189bc05c361a5c9755a8,BASE_TRAIN,0,LG-N1-313ef9f6458d7871b2701be7,deepset Prompt Injection,0
W2-aed1c79f9f768db1582d3bd9,BASE_TRAIN,0,LG-N1-8e9f1a94b1bc52ec48f15a3b,Do-Not-Answer,4
W2-af6d8024e8b17a668efbe6e3,BASE_TRAIN,1,LG-N1-613435edc74943ba5dedf7d0,deepset Prompt Injection,3
W2-afed25e8cbb48878ef625368,BASE_TRAIN,0,LG-N1-5f9aef77271b31d02c88436e,deepset Prompt Injection,3
W2-b02385b4e982b78da1d14b0c,BASE_TRAIN,1,LG-N1-4493db0144e3720c8a49a15b,deepset Prompt Injection,3
W2-b0240aa8b07649be68fdd7da,BASE_TRAIN,0,LG-N1-826d55a060dc6e71404bd9e6,Do-Not-Answer,4
W2-b0582e600e6fbf99514b3dc7,BASE_TRAIN,1,LG-N1-7e7a0698f5f81a984719a5e8,deepset Prompt Injection,0
W2-b07b311961519d8321229488,BASE_TRAIN,0,LG-N1-bd9237c51865933219bdc80e,Do-Not-Answer,1
W2-b0ce15256d9ea178c393c61c,BASE_TRAIN,0,LG-N1-be0f7f06b6030bc1b5cc9b82,deepset Prompt Injection,4
W2-b0f39555692768a919534003,BASE_TRAIN,1,LG-N1-d80ebde648f005f3b8f7d523,deepset Prompt Injection,1
W2-b166f63730aef388e015a83b,BASE_TRAIN,0,LG-N1-e3b7922f0a946723cee45d16,deepset Prompt Injection,4
W2-b1794652a5892e9617f81989,BASE_TRAIN,0,LG-N1-ca98cace51f6ab172c5900bb,deepset Prompt Injection,3
W2-b1c946fec90ee4b1632324db,BASE_TRAIN,1,LG-N1-f61ff5a6102b100974c120f8,deepset Prompt Injection,3
W2-b1ded2d4de51248847bd8a3e,BASE_TRAIN,0,LG-N1-db8f2462099f6789e78210d7,Do-Not-Answer,0
W2-b236ac2e8ae7a508ab0cbf91,BASE_TRAIN,0,LG-N1-1d05d09442559f49299ed41e,Do-Not-Answer,0
W2-b28bec20107674332f168edd,BASE_TRAIN,1,LG-N1-cb05eb3ce5adc3b7c071c9b4,deepset Prompt Injection,0
W2-b2cb26ce08c8f4f73b63ccba,BASE_TRAIN,0,LG-N1-ec3c93c770be30a72ca34950,deepset Prompt Injection,2
W2-b3379f94407754c2b7e8d319,BASE_TRAIN,0,LG-N1-f77f98b80df8d77639be9b30,Do-Not-Answer,1
W2-b3652f9130997e2e070e735b,BASE_TRAIN,0,LG-N1-8ce803f461efe496d73257ee,Do-Not-Answer,2
W2-b3b406aacb2d15bef1dc1cbd,BASE_TRAIN,0,LG-N1-33eeaa50f287a1b8bb2ea8fe,Do-Not-Answer,4
W2-b464364d4c14ca4645b5a947,BASE_TRAIN,0,LG-N1-28af735507508526e15cd70c,Do-Not-Answer,4
W2-b49f3c9fdd494689ebd2bea9,BASE_TRAIN,1,LG-N1-cf52b9deba354400385bb181,deepset Prompt Injection,1
W2-b556dba3b6f0db60999a13d6,BASE_TRAIN,0,LG-N1-0fdc418d0f63858c7fbfbca2,Do-Not-Answer,0
W2-b5912570cae26171203c3f02,BASE_TRAIN,0,LG-N1-53b6ed8218f8edfbf3ff0f0d,deepset Prompt Injection,2
W2-b605b02042d9230a96c2b8fc,BASE_TRAIN,0,LG-N1-6f4c4b01ae45da6650536b77,Do-Not-Answer,0
W2-b6c09d25f9039aa1d11b7ac4,BASE_TRAIN,0,LG-N1-770a4f2fd9641ef249a6d7e9,Do-Not-Answer,3
W2-b6f4352522eeb155f03f5f52,BASE_TRAIN,0,LG-N1-5ff44115b442ce64a6606fd2,Do-Not-Answer,3
W2-b6fce0ab18caa7d6565281bc,BASE_TRAIN,0,LG-N1-7c327c549cb75febec5204cd,Do-Not-Answer,3
W2-b788b005cb4b1bd2c99bb403,BASE_TRAIN,0,LG-N1-bb9db6a0ba522ca0234bf469,deepset Prompt Injection,3
W2-b7d4d075cb90ecc91afe6af9,BASE_TRAIN,0,LG-N1-3e35aed4dcd8d71bc49a9447,Do-Not-Answer,1
W2-b7e1922e0d23ebb28f1e4e1d,BASE_TRAIN,0,LG-N1-9699eaa791c99c01c77eeedc,Do-Not-Answer,2
W2-b7e23ac9fd6585a5db1178c2,BASE_TRAIN,0,LG-N1-99e9d395a0e0262afe4db19e,Do-Not-Answer,3
W2-b852f78403229fdc56175a31,BASE_TRAIN,0,LG-N1-d2ce6c829c6a825a697eebe3,Do-Not-Answer,4
W2-b8614e1c5f024682543dad98,BASE_TRAIN,0,LG-N1-445f8e893a4c930bfe74e858,deepset Prompt Injection,3
W2-b8c2af20dbfea4133bde42e8,BASE_TRAIN,0,LG-N1-8f80636ba47ce03818da98c5,Do-Not-Answer,1
W2-b9180b109a371420b4857d02,BASE_TRAIN,0,LG-N1-fae2883a68253fb6dd5937e3,Do-Not-Answer,0
W2-b9ae82e83569cadf02cf4b72,BASE_TRAIN,0,LG-N1-8951664e50deac08f9b3c53b,deepset Prompt Injection,0
W2-b9b4e7ee040d25d3e48a3219,BASE_TRAIN,0,LG-N1-6442ff6344651e3bfa91ad21,Do-Not-Answer,1
W2-ba0cda6ef2bf1f9e87da3ed1,BASE_TRAIN,0,LG-N1-dc4db7cbd5716ba0ea1d6095,Do-Not-Answer,3
W2-ba1b65a8382c9d6ed7e0cd37,BASE_TRAIN,0,LG-N1-5218b20c310ee7e769261da3,Do-Not-Answer,3
W2-ba1d543a4702b92323e54991,BASE_TRAIN,0,LG-N1-3390494fc6fd1ed96e83503d,deepset Prompt Injection,2
W2-baa6bcd5c5dfc49d96c0df23,BASE_TRAIN,0,LG-N1-6e416907f3b2291f06fcb586,Do-Not-Answer,4
W2-bac8c632b5095080640a22b8,BASE_TRAIN,0,LG-N1-92dfa0877c9b76bcb4c1bdcd,deepset Prompt Injection,1
W2-bacc7e1f999a6fb35262ab30,BASE_TRAIN,1,LG-N1-813f3b7295531d3cf15abcae,deepset Prompt Injection,0
W2-bace772342da07a12f5c9b6d,BASE_TRAIN,0,LG-N1-c3aa75c8698c380eaa2323b7,deepset Prompt Injection,3
W2-bb4658a44822d3dfe694625e,BASE_TRAIN,0,LG-N1-79950ad562dfda8aa755805d,deepset Prompt Injection,0
W2-bb88436cd9bc06c8a2ee7046,BASE_TRAIN,0,LG-N1-3b5cbac9ee62285f00b371e8,deepset Prompt Injection,2
W2-bbdc4fecf4168d404036aa91,BASE_TRAIN,0,LG-N1-349624e31500778352bb2f79,Do-Not-Answer,3
W2-bbdf4321bdab1c978fb2f0db,BASE_TRAIN,0,LG-N1-57e64d3d96b0691ea3d3094e,deepset Prompt Injection,0
W2-bbfb8908f3ec8763105b11b8,BASE_TRAIN,0,LG-N1-dc07c41f37e28dfd9378142f,deepset Prompt Injection,2
W2-bc07f314d429bcedeaf6da7e,BASE_TRAIN,0,LG-N1-089151bb8759609cc25addd5,deepset Prompt Injection,3
W2-bc2f3db963e9506ab45ccb55,BASE_TRAIN,1,LG-N1-2827fd42a3f8096714ce288e,deepset Prompt Injection,1
W2-bca708fa8f9fe406ec4049be,BASE_TRAIN,0,LG-N1-4f81c626001917870bbeaa33,deepset Prompt Injection,0
W2-bcb7de571a2199f2f50fae9c,BASE_TRAIN,0,LG-N1-507a4d4041dba5ff75dfcf30,Do-Not-Answer,3
W2-bcd134e5da4bfb1b758fe803,BASE_TRAIN,0,LG-N1-fb9aead7b0928113f1badade,deepset Prompt Injection,4
W2-bcdd89905abbca2a9886e361,BASE_TRAIN,0,LG-N1-138a8f37704c77d74b3c1ea8,Do-Not-Answer,0
W2-bcf11c7f42b86f7b557e0622,BASE_TRAIN,0,LG-N1-1450368922cc9c1e275d7069,Do-Not-Answer,3
W2-bd3d536498d5d320f68e1b9b,BASE_TRAIN,0,LG-N1-8d018bdd8dd474cf7178988e,Do-Not-Answer,3
W2-bd542df192914f32cd4e2210,BASE_TRAIN,1,LG-N1-41b4a719f059dc0bb5aa3cda,deepset Prompt Injection,3
W2-bd8b7c0f6ae3643e060ecadf,BASE_TRAIN,0,LG-N1-10e1a0dadf59686803d790e8,Do-Not-Answer,1
W2-bdb1df91ef1ff2ad075c57a0,BASE_TRAIN,0,LG-N1-2618e5e5584a7add192f6cc7,deepset Prompt Injection,2
W2-bdc0e00d9f734dacdfdd0520,BASE_TRAIN,0,LG-N1-7ad813dc227825110f3e4752,deepset Prompt Injection,1
W2-be546d64d2cc98329632041d,BASE_TRAIN,0,LG-N1-4ae40ba9ea839f135209b1d6,deepset Prompt Injection,1
W2-be6e8d3f2d94d1a19c775128,BASE_TRAIN,0,LG-N1-cdf9b320d1b14902d6fcde38,deepset Prompt Injection,4
W2-beb8cc5ccf9a944ee76aaca8,BASE_TRAIN,0,LG-N1-ab3e4178937044f66cceac05,Do-Not-Answer,1
W2-bec763ff03e6e3e90e1b4b09,BASE_TRAIN,0,LG-N1-30a2dfdb1fa1bbb618150d60,Do-Not-Answer,3
W2-becbe778065e62fa1482f00f,BASE_TRAIN,0,LG-N1-949c23124c41442e1a48710e,deepset Prompt Injection,1
W2-bf131892e82adbd15df52734,BASE_TRAIN,0,LG-N1-09f27a63df5faaf810a62757,Do-Not-Answer,1
W2-bf1c1a65dac70557a4efeb40,BASE_TRAIN,1,LG-N1-f26326a69f45646d60f1eaa2,deepset Prompt Injection,2
W2-bf3b6f608355f2c7ab786c83,BASE_TRAIN,0,LG-N1-e551d7c7f3afc9785dff5df6,Do-Not-Answer,1
W2-bf4599cd842c0992197ce5e8,BASE_TRAIN,0,LG-N1-0d79f87ab6ae3eafdcd6bbbc,Do-Not-Answer,2
W2-bf56e7ae4e63555413676c04,BASE_TRAIN,0,LG-N1-802e2aa213bac1edd6304fae,Do-Not-Answer,1
W2-bf783e20bfe3ec5d7a740d10,BASE_TRAIN,1,LG-N1-49ce0b689bbb345db751ad2b,deepset Prompt Injection,0
W2-bf8f41f77554f16cf7597a20,BASE_TRAIN,0,LG-N1-dbf0a9be8a0e207c868321b0,Do-Not-Answer,2
W2-bfab4508c5b87f6f3a7f2d50,BASE_TRAIN,0,LG-N1-439e1c6eda4a1e58d9d24a4b,deepset Prompt Injection,4
W2-bfdb02df0a9816990d4c95a7,BASE_TRAIN,0,LG-N1-80e0a2081e9e564111b2fa41,Do-Not-Answer,3
W2-bfdf3565125021790a2d55a8,BASE_TRAIN,0,LG-N1-17f765ae33fc6922d7b5f017,Do-Not-Answer,3
W2-bfe70b7782c5afdebb979b10,BASE_TRAIN,0,LG-N1-52e9cb5c16c6ddea3264b3b5,Do-Not-Answer,2
W2-bfe8fbfcad57a1b3a6d85286,BASE_TRAIN,0,LG-N1-67023059a8d17d5e282647ff,Do-Not-Answer,0
W2-c0371f1e7497a29171cc7f37,BASE_TRAIN,1,LG-N1-8ee1da125d70d18dc9500eaa,deepset Prompt Injection,2
W2-c04dc8a20f0a008a72132ada,BASE_TRAIN,0,LG-N1-a72014becd709ba10ca5aad8,deepset Prompt Injection,0
W2-c06d2068ed179846051820d2,BASE_TRAIN,0,LG-N1-b864eb7992ffb26b2265f605,deepset Prompt Injection,3
W2-c0af6a67c31950b192713e85,BASE_TRAIN,1,LG-N1-b0cb098f9974ce85d01af0d9,deepset Prompt Injection,2
W2-c0f47ca6a09d3cd6bc67bd63,BASE_TRAIN,0,LG-N1-cdcdd798f1f85c49faf83097,Do-Not-Answer,3
W2-c10cc20517b69fd5c0111660,BASE_TRAIN,0,LG-N1-2c79b909732b088c985b8830,Do-Not-Answer,0
W2-c10ce114bde95eced64bb4a4,BASE_TRAIN,0,LG-N1-01606b959d0e73058ae5fd4c,deepset Prompt Injection,2
W2-c13cedcc7c48a872963e940b,BASE_TRAIN,0,LG-N1-4f56e14b8fa0d37293920a32,Do-Not-Answer,0
W2-c17673995a8fafdef42659cf,BASE_TRAIN,0,LG-N1-a42311fc3eed85a1768588df,Do-Not-Answer,0
W2-c1c7fe0cd2d95bed8b2b3c8c,BASE_TRAIN,0,LG-N1-dba36ed3296a08f771334607,Do-Not-Answer,0
W2-c2ec3b8241af86c62c5d757c,BASE_TRAIN,0,LG-N1-c6ceb36cc3e328b5d56f1a3d,Do-Not-Answer,4
W2-c333d6dbbd545a6940b805d3,BASE_TRAIN,1,LG-N1-c3f18141f2ea0a519169a66e,deepset Prompt Injection,4
W2-c36e1e4772102c031eb93acb,BASE_TRAIN,0,LG-N1-6d95ecc501fc673396e0ecdb,Do-Not-Answer,0
W2-c3bba484d5a5b84f2b0989ef,BASE_TRAIN,0,LG-N1-fd0a0b62d8f500feec3f46d6,Do-Not-Answer,2
W2-c402a30636a8bd33040ef42a,BASE_TRAIN,0,LG-N1-4258f6069880f6db0a43782c,Do-Not-Answer,3
W2-c452a6ad975efaca4e263d82,BASE_TRAIN,0,LG-N1-0ec02c7cc72e077a11931fcc,Do-Not-Answer,2
W2-c4852274354245640b82c92b,BASE_TRAIN,0,LG-N1-654466a6b7842ee81a469829,Do-Not-Answer,3
W2-c49a77cdedbc9211ec862740,BASE_TRAIN,0,LG-N1-cd6d05891c531fda4ff85d1e,deepset Prompt Injection,4
W2-c4ccdb93d3360272f974f0d7,BASE_TRAIN,0,LG-N1-f184f3aa27cd0af31358a43b,Do-Not-Answer,0
W2-c4dabcea57b1249e9aced0bc,BASE_TRAIN,0,LG-N1-055106312c3663bbb7b7da97,Do-Not-Answer,0
W2-c559e9319fe68f3bcc57da17,BASE_TRAIN,0,LG-N1-3d1514356a67bda490a43201,Do-Not-Answer,2
W2-c564b2e4c56c93c8ad445a53,BASE_TRAIN,1,LG-N1-552c3dfc7490df403c07bef8,deepset Prompt Injection,0
W2-c57b889ba812b0a30fe283de,BASE_TRAIN,1,LG-N1-c4bc8f1ba34b213c1bd7e567,deepset Prompt Injection,2
W2-c5a124d3023a1f04736fabb2,BASE_TRAIN,0,LG-N1-6c9df83698011df7ac2db726,Do-Not-Answer,3
W2-c5a171dd8caad834f42f14c0,BASE_TRAIN,0,LG-N1-df7dc902f2050f30993246ef,Do-Not-Answer,2
W2-c5ac54c33bf8d3c615709f5b,BASE_TRAIN,0,LG-N1-3a2279a6a1f21214b4116f1d,Do-Not-Answer,4
W2-c65f51cb0b9809a45c0dad95,BASE_TRAIN,0,LG-N1-669a295d93c9fc6ffb3a5a96,deepset Prompt Injection,0
W2-c66731cfb78310cccbce8560,BASE_TRAIN,0,LG-N1-bdcc63ef920da23976debcea,Do-Not-Answer,4
W2-c6c9a8919885f6d4ac6f418c,BASE_TRAIN,0,LG-N1-91b81e476404bebf115f553b,Do-Not-Answer,0
W2-c71e2dc95c794318bc9472d0,BASE_TRAIN,0,LG-N1-b14b1cfac42691c04fb6fd03,Do-Not-Answer,2
W2-c74021d065f112bd5ac647f3,BASE_TRAIN,0,LG-N1-9d59b8506ca6772a09947e8b,Do-Not-Answer,3
W2-c74b6c229efafaa2892e438e,BASE_TRAIN,0,LG-N1-b811847f5c5b25ac708b50ff,Do-Not-Answer,0
W2-c7876e3f7bc140c2795da525,BASE_TRAIN,0,LG-N1-0a52b9cb81a0c540fd357de0,Do-Not-Answer,1
W2-c7a795e72dec28abd910777d,BASE_TRAIN,0,LG-N1-86150cd973b8c2448d49fb14,deepset Prompt Injection,4
W2-c7f2a52204e098f7a36bda15,BASE_TRAIN,0,LG-N1-1ef8771451868eab69a2be6e,Do-Not-Answer,1
W2-c886a5bf47767f0563c8ffe6,BASE_TRAIN,1,LG-N1-949798469fd89d80afd84617,deepset Prompt Injection,0
W2-c8aa5609e7072d1e75ed2c0a,BASE_TRAIN,0,LG-N1-728b55c931f5baf4ab119ea1,deepset Prompt Injection,1
W2-c8b883f3b4a39ad07a5690b2,BASE_TRAIN,0,LG-N1-efc7dd912698875b5552681e,Do-Not-Answer,3
W2-ca3a1c2afdfc217f11587c76,BASE_TRAIN,0,LG-N1-60de7e36707ea1033603c7c4,Do-Not-Answer,1
W2-ca5c0a88a95194094822d7c2,BASE_TRAIN,0,LG-N1-720c3b346417f52b2a1acc97,Do-Not-Answer,4
W2-caa915e76b307a9aefc5e1fa,BASE_TRAIN,0,LG-N1-a6dc879e3942ed461f9e1172,Do-Not-Answer,4
W2-cabb66a3cc1e01f6f3d0e3cd,BASE_TRAIN,0,LG-N1-10b58e46b681f3757a8e63e4,deepset Prompt Injection,4
W2-cad4141cdd6cb429a190bf3b,BASE_TRAIN,0,LG-N1-0fb9faf16fec202bceba3087,Do-Not-Answer,0
W2-cae97a3554ad4f6cbbedd9d0,BASE_TRAIN,0,LG-N1-0ac4967b9e9ec677efc9d1ed,Do-Not-Answer,3
W2-cb3ec85a5f5de07cf72d6aca,BASE_TRAIN,0,LG-N1-4411b322d9840c1ac03c796f,Do-Not-Answer,2
W2-cb4d2a387173b48627d02b73,BASE_TRAIN,0,LG-N1-c7b4a2749195d898c0c677ed,Do-Not-Answer,3
W2-cb5c3b98341a51d182570504,BASE_TRAIN,0,LG-N1-4749c5d06af08700324bac61,deepset Prompt Injection,1
W2-cbf29b240bc75132e866bd1b,BASE_TRAIN,0,LG-N1-cf2052183dffa7f1a925b105,deepset Prompt Injection,0
W2-cca7699c0c940415633b24f8,BASE_TRAIN,0,LG-N1-f42b1a3cedbdd506c906e496,Do-Not-Answer,2
W2-ccfb6884a2bd3c0e0cfa697a,BASE_TRAIN,0,LG-N1-a936d4a65dffb7f47a8ab08e,Do-Not-Answer,3
W2-cd1f12397c0b6030c92343da,BASE_TRAIN,1,LG-N1-916417839736966806a40773,deepset Prompt Injection,2
W2-cd593a22dc240013e0a8b172,BASE_TRAIN,0,LG-N1-97060056790f5eeb56390a32,deepset Prompt Injection,0
W2-cd69c0d2b193eb5ff7c60fc6,BASE_TRAIN,0,LG-N1-833d96c0ded5618538317dd2,Do-Not-Answer,0
W2-cde01a5350209bad65048db6,BASE_TRAIN,1,LG-N1-5325e920a55c226b2c677b04,deepset Prompt Injection,3
W2-cde307a9d7a69f786db86cec,BASE_TRAIN,0,LG-N1-4cdc426467642e606aba0731,deepset Prompt Injection,0
W2-ce0856faceda15e78c1d261a,BASE_TRAIN,0,LG-N1-7551c20b4f6bc3dd769a8456,Do-Not-Answer,1
W2-ce49d3d26ae59eee5bda5de0,BASE_TRAIN,0,LG-N1-1db1d52e767f04237b8f98f6,Do-Not-Answer,1
W2-ce89cb7ea3899790cac3f02e,BASE_TRAIN,0,LG-N1-3eb6e34c822371b800b623fa,Do-Not-Answer,4
W2-cebbabaf1b5fb70240251c15,BASE_TRAIN,0,LG-N1-1714fd0f24090944762001ac,deepset Prompt Injection,3
W2-cecd72be0587ea2cd1f4c9d1,BASE_TRAIN,0,LG-N1-bacf7f3fc470ee0eafb35e45,deepset Prompt Injection,3
W2-cf02e3d018906b2aab9d1976,BASE_TRAIN,0,LG-N1-bd4af60f7a21e8064154baa4,deepset Prompt Injection,0
W2-d0033369779d41ddfbccc0b5,BASE_TRAIN,0,LG-N1-76a78b779d9316527071f426,deepset Prompt Injection,4
W2-d0213b14edae85c0b32ae410,BASE_TRAIN,1,LG-N1-bf33cc93c6bfc6f252deafa5,deepset Prompt Injection,1
W2-d0ab3a0f6f166634c246ffc0,BASE_TRAIN,0,LG-N1-a01f77c872717972df6a8dfe,deepset Prompt Injection,3
W2-d0c65f2d4057a8535d957030,BASE_TRAIN,1,LG-N1-42d50f291cf0da5ba2a910cf,deepset Prompt Injection,1
W2-d0c8b359421a6d1762530ab6,BASE_TRAIN,0,LG-N1-f2e5bb5af1426f4fad3d3c38,Do-Not-Answer,3
W2-d16f72784bd9cb4cb369e50a,BASE_TRAIN,0,LG-N1-eff12ab187db4d3ca25151eb,deepset Prompt Injection,1
W2-d2a76bfd43b7ce1a5f97294f,BASE_TRAIN,0,LG-N1-a8791039c9d60a0dceef144b,Do-Not-Answer,2
W2-d2b89963b4129f51ffc35fcc,BASE_TRAIN,0,LG-N1-bbf84bebeffa65fd9dbf180e,Do-Not-Answer,3
W2-d2bf46f49b95467f04458b0a,BASE_TRAIN,0,LG-N1-51c78f0a5185a451c6db4d37,Do-Not-Answer,2
W2-d2e423d997b436d54fc02df0,BASE_TRAIN,0,LG-N1-81e81039da149728d74b2581,Do-Not-Answer,2
W2-d3bba32ecee428d4619ce6f5,BASE_TRAIN,0,LG-N1-575db1ca26600d3d08416007,Do-Not-Answer,0
W2-d3f4a353fd56d1f3537c339b,BASE_TRAIN,0,LG-N1-31c129b368bd8818e5d316e8,Do-Not-Answer,2
W2-d405015e922222643daf86da,BASE_TRAIN,0,LG-N1-19bd8bc50ef23879f0ed97aa,deepset Prompt Injection,1
W2-d429fcc7ddf0c3507a4b5b4d,BASE_TRAIN,0,LG-N1-11244240b444e65d3dcbd4c1,deepset Prompt Injection,1
W2-d4482ef8a525ce921245fa57,BASE_TRAIN,0,LG-N1-cecb93e97bd1373e49e32f3b,Do-Not-Answer,0
W2-d44a76428f54dc4acdc244b8,BASE_TRAIN,1,LG-N1-10fca90e7653b52baf440760,deepset Prompt Injection,1
W2-d4647161e05bf0f671158c32,BASE_TRAIN,0,LG-N1-d9f02c02e0a8b0fdb0fadf8e,deepset Prompt Injection,1
W2-d4bad108f8226117757d638b,BASE_TRAIN,0,LG-N1-47751cfd5044c881d5d8b83b,Do-Not-Answer,0
W2-d4cfac1ac9e79424a6ab50b2,BASE_TRAIN,0,LG-N1-7252852ca2755c997ad30c41,deepset Prompt Injection,2
W2-d4f6f93bc9ff7abd6afe80a3,BASE_TRAIN,0,LG-N1-3e262ff8f2a8c201be3e5932,Do-Not-Answer,1
W2-d50deddf2e705e1aea22dcf9,BASE_TRAIN,0,LG-N1-ac96756ec1692b91a745bf07,Do-Not-Answer,4
W2-d528c439a572db55e28fa9b1,BASE_TRAIN,1,LG-N1-77ff796c46c0aacce97954e8,deepset Prompt Injection,2
W2-d5438fac3be8d41d9df26870,BASE_TRAIN,1,LG-N1-870ced7f32212a71fdf0965b,deepset Prompt Injection,2
W2-d5d35e252855b44beb042745,BASE_TRAIN,0,LG-N1-cdc1fe60ba83cc191ff85e31,Do-Not-Answer,0
W2-d610e70cfd8caeb891e05b5b,BASE_TRAIN,0,LG-N1-275cfd124c0b2c3c39c8ae1c,deepset Prompt Injection,1
W2-d63f331073e257e22b00113a,BASE_TRAIN,0,LG-N1-71ed9d0a2a87dfe6c7a43ac9,Do-Not-Answer,2
W2-d654ae1d35268b2f159d0037,BASE_TRAIN,0,LG-N1-9a1088611a3ca246ad72bc91,Do-Not-Answer,4
W2-d6b5b0e3388db1e71d3d2758,BASE_TRAIN,0,LG-N1-6c40f4d780ccbc60a6816ec9,Do-Not-Answer,2
W2-d6b75f880474860b66b31704,BASE_TRAIN,0,LG-N1-264830c42d0a12e49d3fd720,deepset Prompt Injection,1
W2-d6f09856301d85e5dedadab2,BASE_TRAIN,0,LG-N1-ef52bcd3827a1277f01e63c2,deepset Prompt Injection,3
W2-d70118e14fd83000fd73f84c,BASE_TRAIN,0,LG-N1-d181caf9667cf7f3dce84c7a,deepset Prompt Injection,2
W2-d73de42847c6786f5a66b220,BASE_TRAIN,0,LG-N1-dc0d571abfc607c2739144cb,Do-Not-Answer,4
W2-d75b14dca8e10f2c02acdddd,BASE_TRAIN,0,LG-N1-898fc104c869f4ef52823e3d,Do-Not-Answer,3
W2-d76d7662e893bcb183ee7648,BASE_TRAIN,0,LG-N1-0cf60d2be165d8e5c9ec4b3a,Do-Not-Answer,1
W2-d7a9dff616bfd5c9bf9b036b,BASE_TRAIN,0,LG-N1-8c7b7eb3a5fb72dcb3da556a,Do-Not-Answer,2
W2-d7be2aee6a7a4043e359ec38,BASE_TRAIN,1,LG-N1-23bd13bcb39915e16dd6a278,deepset Prompt Injection,3
W2-d7f31702f79ae2c2560be481,BASE_TRAIN,1,LG-N1-6595c64d76b4a1ea8d2927a4,deepset Prompt Injection,1
W2-d8026a986a9a3163c7dcb0e8,BASE_TRAIN,0,LG-N1-a3934b46079869f2efd0c161,Do-Not-Answer,3
W2-d80a90ff3f787fe79fa5167c,BASE_TRAIN,0,LG-N1-5e7f6e4d930a185498192d49,deepset Prompt Injection,2
W2-d81e3a89adc7661ec01a1a4c,BASE_TRAIN,1,LG-N1-fcdfc3c21d5f5540d5b371d8,deepset Prompt Injection,1
W2-d8325f4a954aec56e703847f,BASE_TRAIN,1,LG-N1-69888a8dfe8fe7aac2fb8138,deepset Prompt Injection,0
W2-d88c0e2869f0007229518616,BASE_TRAIN,0,LG-N1-34544f90f37e1c3a59841609,Do-Not-Answer,3
W2-d8b9cdc3b8606278eb63f387,BASE_TRAIN,0,LG-N1-76575fc26700b5e816290543,Do-Not-Answer,2
W2-d8e69ad880a8eab96770ca48,BASE_TRAIN,1,LG-N1-90c66648ae5842492e7e9584,deepset Prompt Injection,2
W2-d9224504b682f7c8dcad57c8,BASE_TRAIN,0,LG-N1-0d3266ebec0ea4789f0153f1,deepset Prompt Injection,4
W2-d9483912e331cc9ed8f295e0,BASE_TRAIN,0,LG-N1-df41ab98e8762aa2739e1847,deepset Prompt Injection,2
W2-d9c63357d8d6e72463bc0f48,BASE_TRAIN,0,LG-N1-d0f34827d2366d55eac12dcc,Do-Not-Answer,2
W2-da4da95525d90e7d76d1c4b2,BASE_TRAIN,0,LG-N1-ae923deb9d5a9c8bb741336a,Do-Not-Answer,0
W2-da97953abaeb7e00433e4c79,BASE_TRAIN,0,LG-N1-4f22d13d57a57de055367889,Do-Not-Answer,1
W2-dab790d28c3ee725c19a1355,BASE_TRAIN,0,LG-N1-aa554c3facf61892c84364e0,deepset Prompt Injection,2
W2-dacafd311486975f701c904f,BASE_TRAIN,0,LG-N1-95037e08161cb55e90bf9cc5,Do-Not-Answer,4
W2-db245195d973f118ca2a53f0,BASE_TRAIN,0,LG-N1-ec2fad401449e2957959bb9b,Do-Not-Answer,0
W2-db94ce106da7608c377a6237,BASE_TRAIN,1,LG-N1-f38aee375cacc6ab54ad930c,deepset Prompt Injection,2
W2-dbd7ede8a672a3519898a612,BASE_TRAIN,0,LG-N1-f90c19fe3a258c8f4121212c,deepset Prompt Injection,4
W2-dbe45a977a09e59ea2fb8c30,BASE_TRAIN,0,LG-N1-be356b60828a2441f139d6b2,Do-Not-Answer,3
W2-dc2a9ebd8eb80e1d3ac9a31e,BASE_TRAIN,0,LG-N1-5cf8594f064d238dfc2b68e0,Do-Not-Answer,1
W2-dc3d29a859f0a9d809f8bde0,BASE_TRAIN,0,LG-N1-ed4e7abbf3741a14b2b848d1,deepset Prompt Injection,4
W2-dc5d316ee7f8d99d9ee4fcfa,BASE_TRAIN,0,LG-N1-776f534f478f1d38dae7cf59,Do-Not-Answer,3
W2-dc6c09e3b403bb6e1aa43cee,BASE_TRAIN,0,LG-N1-405f56c265eedbf9744a59cc,deepset Prompt Injection,4
W2-dc73b93f3372f7316cdb2897,BASE_TRAIN,1,LG-N1-7d26dd3a57e007e9dab791b5,deepset Prompt Injection,1
W2-dc848bd0f89a34eb00d43bc5,BASE_TRAIN,0,LG-N1-23a756136199c8c84cfe64a0,Do-Not-Answer,2
W2-dc884f61246fbaed94d17643,BASE_TRAIN,1,LG-N1-cb28813076de7db4fa92520f,deepset Prompt Injection,2
W2-dca3a6d74a7cddac86dd571e,BASE_TRAIN,0,LG-N1-6744ca10ab789987b04a8a41,Do-Not-Answer,0
W2-dcd2f24363c72c1a5c851556,BASE_TRAIN,0,LG-N1-c425347685189c4ec9c9f1d0,Do-Not-Answer,3
W2-dcf5b4be61e59467321c8680,BASE_TRAIN,0,LG-N1-0461e3b08a54d77abbb05ab9,Do-Not-Answer,4
W2-dd2317a66faaf974b05e945d,BASE_TRAIN,1,LG-N1-73bd2b1851b7034127348eff,deepset Prompt Injection,3
W2-dd2465b08b55c99a3c33b3c1,BASE_TRAIN,1,LG-N1-14850fdb3363b00db7e0a6ab,deepset Prompt Injection,1
W2-dd3d6cdc1732cce5bf74e3a6,BASE_TRAIN,0,LG-N1-c0889bb2e98989a1de6eaf73,Do-Not-Answer,1
W2-ddad7267f015d678eaf8e3c2,BASE_TRAIN,0,LG-N1-dd7135fb73654028640b69f5,deepset Prompt Injection,2
W2-dde84fe181135ba26652de19,BASE_TRAIN,0,LG-N1-71037bee38b8d23464e28d64,deepset Prompt Injection,3
W2-ddfa511ec830c242b8eb4e78,BASE_TRAIN,0,LG-N1-0b509645f918df0b6dfc78ed,deepset Prompt Injection,0
W2-df27ad2f372741786d5cb64f,BASE_TRAIN,0,LG-N1-16a69dbbb9cb9b14076ee3c3,Do-Not-Answer,0
W2-df3219e843476cff83e3565f,BASE_TRAIN,0,LG-N1-a4732b58ae1f68960ed64a04,Do-Not-Answer,0
W2-df86d49b156801235ddf93fc,BASE_TRAIN,0,LG-N1-61ca42041b5327ae963e6345,Do-Not-Answer,2
W2-dfefb1605612144aa94e9eaa,BASE_TRAIN,0,LG-N1-cbe247849eaabb3dba36bc8c,deepset Prompt Injection,0
W2-e00a227648419ebcc0f36388,BASE_TRAIN,0,LG-N1-105861f917d8457da16a91d0,Do-Not-Answer,4
W2-e00d80cb014a705fd80f3b5a,BASE_TRAIN,0,LG-N1-ebb3eb9dd0acf84b4f03ef20,Do-Not-Answer,2
W2-e066b1ed140a1ee93bdf68e8,BASE_TRAIN,0,LG-N1-ce50dd6043c849980cce8b22,deepset Prompt Injection,3
W2-e07b1aef955b7fb8fd07771f,BASE_TRAIN,0,LG-N1-e688a0a404c3340169e0d179,Do-Not-Answer,3
W2-e0c6b9530a24d16706eb01b7,BASE_TRAIN,0,LG-N1-e8e4127ff205e15f3da404fe,Do-Not-Answer,0
W2-e0ce991b0ce026d4835b8545,BASE_TRAIN,0,LG-N1-9cecd74a8df53e67400b0ab4,deepset Prompt Injection,1
W2-e1259ed4c5bd6f24ab092fdb,BASE_TRAIN,0,LG-N1-95a2a6c6619e73f2b60942cd,Do-Not-Answer,3
W2-e12ff02b5d885a0193e1ed03,BASE_TRAIN,0,LG-N1-8d205d5b6ba515a7194232ac,Do-Not-Answer,2
W2-e1dab2ef528cb08229849bc0,BASE_TRAIN,0,LG-N1-37b5b5e62bc4d7474187a3a3,deepset Prompt Injection,0
W2-e1fe3b81692ee8fcb5b22746,BASE_TRAIN,0,LG-N1-f9aba516d58a1437a086b0a4,deepset Prompt Injection,3
W2-e2041b683c682d7a6ad6a001,BASE_TRAIN,1,LG-N1-d185b3fbc75bd8690baceb13,deepset Prompt Injection,2
W2-e26749002e8f1dbc1a6c2af8,BASE_TRAIN,0,LG-N1-e0d93f03b6483d38c64330a5,Do-Not-Answer,2
W2-e298c137965d9d3c2449443b,BASE_TRAIN,0,LG-N1-d3fa478fb01bddecf04cf339,Do-Not-Answer,2
W2-e2c849490677a628f53bfdeb,BASE_TRAIN,1,LG-N1-5a26c55e7381be0903ceb263,deepset Prompt Injection,4
W2-e2f83cc27e331efa83f1ad40,BASE_TRAIN,0,LG-N1-a5aac66529bb5fb09dc4a6da,deepset Prompt Injection,0
W2-e325717cb777a9a051f0cea5,BASE_TRAIN,0,LG-N1-98f321a8983ae8b199997d1d,deepset Prompt Injection,0
W2-e3707a0d4aa1329f22bf4a40,BASE_TRAIN,1,LG-N1-adda2cf7038bcc52a9c64b66,deepset Prompt Injection,3
W2-e3a7c2f6e6b1a9d4c1d325bd,BASE_TRAIN,0,LG-N1-ac62f6c9c87e72ec49c58fcd,Do-Not-Answer,4
W2-e42e29928f695344b8731751,BASE_TRAIN,0,LG-N1-5b325bb5aefe7a4afb75c369,Do-Not-Answer,0
W2-e42f958efc4dbcdabf1d7c73,BASE_TRAIN,0,LG-N1-ff5c0e9a3f8ed452747ade2a,Do-Not-Answer,1
W2-e4830510e10b96a775ef189c,BASE_TRAIN,0,LG-N1-dc4a24eb642e50c245be9e39,deepset Prompt Injection,3
W2-e484c179d298904a8df6cb77,BASE_TRAIN,1,LG-N1-9658762523cc4b76d8116181,deepset Prompt Injection,3
W2-e495b7dcf13cbf09532b307a,BASE_TRAIN,0,LG-N1-4e6c88bd10b81811a8cb132e,deepset Prompt Injection,1
W2-e4ad26a545d817093092ac89,BASE_TRAIN,1,LG-N1-8556e18cbf5f283543c79165,deepset Prompt Injection,2
W2-e4dd0bdddea17d9438c1a807,BASE_TRAIN,0,LG-N1-65ec9328c99d992b895e6d45,Do-Not-Answer,4
W2-e51bfb3ae216a3c9ca73ecc5,BASE_TRAIN,0,LG-N1-31ff25a05b96486a1b8e5cf9,deepset Prompt Injection,4
W2-e52ae7c42a13f36f1f4022c3,BASE_TRAIN,1,LG-N1-b711756d589b26c21de331d7,deepset Prompt Injection,1
W2-e56b2b2cf68cf88f085cd28b,BASE_TRAIN,0,LG-N1-ee0f4ed6dc7372612bb5595d,Do-Not-Answer,3
W2-e56b68c38af0eaa099948592,BASE_TRAIN,0,LG-N1-d27f274ef95200c0b260fdb6,Do-Not-Answer,2
W2-e618d99318d8e546733c499b,BASE_TRAIN,0,LG-N1-a35dbfd9ff21b36c98b65122,deepset Prompt Injection,3
W2-e67d1c51d1a9a17d5e84c2be,BASE_TRAIN,0,LG-N1-b347f510e97d90a699484770,deepset Prompt Injection,1
W2-e6a82606693d08d9276b9e91,BASE_TRAIN,0,LG-N1-f18f3dfd872c96dc5c79d93c,deepset Prompt Injection,0
W2-e6fdb126f818b34116048b3b,BASE_TRAIN,0,LG-N1-5d311f78891f0463b7eb10c2,Do-Not-Answer,1
W2-e7255527027c7d6e019497dd,BASE_TRAIN,0,LG-N1-f31f515ad131fb7b20abcca6,Do-Not-Answer,3
W2-e762a251f4e1d3339a3e51a4,BASE_TRAIN,0,LG-N1-66655a814e752d04baa8fe00,Do-Not-Answer,3
W2-e7c5c3df7e5d8249abcafa21,BASE_TRAIN,0,LG-N1-5a07d5246679f72044848e33,deepset Prompt Injection,4
W2-e7d4d95012a9581c8a2ff0c1,BASE_TRAIN,0,LG-N1-dd51a68a70b9d7f9a46c59dc,Do-Not-Answer,0
W2-e7eb7ee929865a0ef1082d09,BASE_TRAIN,0,LG-N1-4c8fe890f9a3138bd4cfdb90,Do-Not-Answer,1
W2-e8a4379bb6583221eec1286f,BASE_TRAIN,0,LG-N1-ccc328ea55b8a195453181a8,deepset Prompt Injection,3
W2-e8c11ace95c2b2b376b7ee62,BASE_TRAIN,0,LG-N1-d304c50a525b2d33354e9f4c,Do-Not-Answer,2
W2-e8e2153055b74c218661f7d3,BASE_TRAIN,1,LG-N1-fbf0f933879a2ed4aa2a6834,deepset Prompt Injection,2
W2-e92569bc4c06f38bff603c5d,BASE_TRAIN,1,LG-N1-830b4ce01a969ffbd55a6ce0,deepset Prompt Injection,4
W2-e93e791e12cccbffa5ade83b,BASE_TRAIN,0,LG-N1-5c2f6c7911a0b58f6986bf5d,Do-Not-Answer,3
W2-e9d19165a2f9cb50376183aa,BASE_TRAIN,0,LG-N1-29e6eb093fb8b9a6c4db736f,Do-Not-Answer,3
W2-e9d895ef225f65b534d2ff6f,BASE_TRAIN,0,LG-N1-e25ff6725054fff1573d8215,deepset Prompt Injection,1
W2-e9e6d1223268b99b4c3ec855,BASE_TRAIN,1,LG-N1-bdd7b6a4dc184d8ae3039974,deepset Prompt Injection,0
W2-ea04386d86d36a8648150077,BASE_TRAIN,0,LG-N1-562e84c562e4e5adb364be20,deepset Prompt Injection,2
W2-ea415f76bf74f4e5fc2dba03,BASE_TRAIN,1,LG-N1-dec275fe334cc9136130a5e8,deepset Prompt Injection,0
W2-ea5679908860f124464f471d,BASE_TRAIN,0,LG-N1-e76b00b253a23896c0d36aab,deepset Prompt Injection,4
W2-ea6673ede63fd1ba764f288f,BASE_TRAIN,0,LG-N1-71bc7de9ee2e14079e4a6d55,deepset Prompt Injection,2
W2-ea732f6b0fb33bf1aa304d36,BASE_TRAIN,0,LG-N1-d504dd7baf3792a42f62f55d,deepset Prompt Injection,1
W2-ea8a6cc0602cdb6dd81b006b,BASE_TRAIN,1,LG-N1-e6afd6831b22830b4b18b682,deepset Prompt Injection,3
W2-eaabb1eca88e88e3fd467101,BASE_TRAIN,0,LG-N1-9037fbbceb33aae991bc6e54,Do-Not-Answer,2
W2-eac71d0825bc1f59bae603b5,BASE_TRAIN,0,LG-N1-cfd92833d08731c2820a9ff1,deepset Prompt Injection,0
W2-eae07c644dbad872465053d7,BASE_TRAIN,0,LG-N1-b3c68f6984980f725069af79,deepset Prompt Injection,2
W2-eb6ff5598b280613d2678b01,BASE_TRAIN,0,LG-N1-99a5e69cf42d16bf1b7495f8,Do-Not-Answer,0
W2-ebad2696d52347b9331d5715,BASE_TRAIN,0,LG-N1-cebfd1bb4f648388e9dc1dc6,Do-Not-Answer,0
W2-ec5ce97e0afd617cf4a60c61,BASE_TRAIN,0,LG-N1-e399ebbca5951e988fe58e97,Do-Not-Answer,2
W2-ec6e6ace960c6e66f172fd23,BASE_TRAIN,0,LG-N1-16fdce000124c885437bb7fe,deepset Prompt Injection,4
W2-ec6f4b2229b6da57ae351e28,BASE_TRAIN,0,LG-N1-033f77b11193cbd755ba0870,deepset Prompt Injection,3
W2-ec7de30be186ce1caa1ef2df,BASE_TRAIN,0,LG-N1-2a0807957a63819fe3a731d5,deepset Prompt Injection,2
W2-ecb67a4cf2cf20d02af44cd6,BASE_TRAIN,0,LG-N1-fccbfbbd2e972fcbc72f7a1c,Do-Not-Answer,3
W2-ece460ca853eea0f44e5f037,BASE_TRAIN,0,LG-N1-1896625a96364a63f8ff2466,Do-Not-Answer,0
W2-ecf30f3933b53710b881d13c,BASE_TRAIN,0,LG-N1-17add71f14e8bc1bf07936b2,deepset Prompt Injection,1
W2-ed307c5ec753864ff4e08a35,BASE_TRAIN,0,LG-N1-120ba9265ca8530ebe1b5fd1,Do-Not-Answer,4
W2-ed395a139fa17bfe3a0373be,BASE_TRAIN,0,LG-N1-6be1c69e0da5a0950b2bdeb7,Do-Not-Answer,3
W2-ed768bb3eb0af76471a58569,BASE_TRAIN,0,LG-N1-905daecdbe4ed5c0daeb413e,Do-Not-Answer,4
W2-ed95d0f0a4fd0662db2f2be3,BASE_TRAIN,0,LG-N1-59eba740f3eda8fb011ab13e,deepset Prompt Injection,3
W2-eda04b345bcaa60fec31edbe,BASE_TRAIN,1,LG-N1-5149dfb26d9b8ddcddf3d288,deepset Prompt Injection,0
W2-eddda48450c8b2e6da0e90d1,BASE_TRAIN,0,LG-N1-31adf3e245f99d7bfdceed22,deepset Prompt Injection,1
W2-ee133ff4134051eb07d3e31d,BASE_TRAIN,0,LG-N1-e14b51dafdbd94d5ec371d76,deepset Prompt Injection,4
W2-ee30bcefdb7dc27bfcedd95b,BASE_TRAIN,0,LG-N1-9977e36307c724b2147e1a06,Do-Not-Answer,2
W2-ee336948b45885021908f0f0,BASE_TRAIN,0,LG-N1-e24a2998646a232e3fa6f875,deepset Prompt Injection,0
W2-ef4a056aa2dfe7a2cf539d49,BASE_TRAIN,0,LG-N1-8e8ef8a1c9fbdfcb64abf511,Do-Not-Answer,0
W2-ef9fa6fbb9dc78e74453b1c3,BASE_TRAIN,0,LG-N1-6a5a5f59714fb9d0b4d5f7e6,Do-Not-Answer,3
W2-efc31a2fa7e615bdbd03ad7c,BASE_TRAIN,0,LG-N1-088c9995570764d514e07109,Do-Not-Answer,4
W2-f03a58c9f49871e1ad229e6e,BASE_TRAIN,0,LG-N1-8828cda5701c43b816f65097,Do-Not-Answer,4
W2-f0c0c0ff607cc47f91291e33,BASE_TRAIN,0,LG-N1-db8ee4f2c35d84965a63c2ca,Do-Not-Answer,2
W2-f0cab71fe86ccc6587ea1f23,BASE_TRAIN,0,LG-N1-bc915dd4c0da63fb9fea5655,Do-Not-Answer,3
W2-f215b7083203c7c82b046a2f,BASE_TRAIN,1,LG-N1-00c7b87099e7018c57b9f826,deepset Prompt Injection,3
W2-f26b4d23abf80d546422ec07,BASE_TRAIN,0,LG-N1-a517ddd30678655614e6032e,Do-Not-Answer,3
W2-f2883952f7dde64d00035199,BASE_TRAIN,1,LG-N1-098d61b93c3fbff6a68a50c3,deepset Prompt Injection,4
W2-f2bb2cd00b7bb5344148ced6,BASE_TRAIN,0,LG-N1-b4d7330d25580d52babc2d7d,Do-Not-Answer,2
W2-f32a4ce2cfede478d57cbb38,BASE_TRAIN,1,LG-N1-9f54c6e3065287dbb3bfdcd6,deepset Prompt Injection,2
W2-f35ccf698c59627cfc7b06cf,BASE_TRAIN,0,LG-N1-92b9ff74b205b256a970c321,Do-Not-Answer,3
W2-f3d84e8f3d819ed42bedf45e,BASE_TRAIN,0,LG-N1-5c9dc9d2deae3e8fda7797c8,Do-Not-Answer,3
W2-f3ea64b47f47fabecee8f389,BASE_TRAIN,0,LG-N1-fcffaf123f486647745f58a4,Do-Not-Answer,2
W2-f41c1a7859d161b0f401d17b,BASE_TRAIN,0,LG-N1-bb341b13d3caedb0da5d7979,Do-Not-Answer,4
W2-f44c490bd48fbff448d9fc86,BASE_TRAIN,0,LG-N1-db6cd39bd2d90fb0a8504154,Do-Not-Answer,2
W2-f44e973cc004fd6569aca81d,BASE_TRAIN,0,LG-N1-7bb7a80eacafcc93728fe5ea,deepset Prompt Injection,1
W2-f481854be9bfa0ca980d9265,BASE_TRAIN,0,LG-N1-3f46bb40418a30c547f2588a,deepset Prompt Injection,0
W2-f4922dfb0d42b926846e92f5,BASE_TRAIN,1,LG-N1-4ff15b0ea4316ac96470862c,deepset Prompt Injection,1
W2-f4ca614df019dcba201d93fe,BASE_TRAIN,0,LG-N1-49eea28606ea71f216bbb344,Do-Not-Answer,0
W2-f4fef64703e7ebbb359773f0,BASE_TRAIN,0,LG-N1-0d482d30afff1bfed9f1ac82,Do-Not-Answer,2
W2-f5694074b636ee3970d25db7,BASE_TRAIN,0,LG-N1-6a6a3a3484cb4757b816f2d7,Do-Not-Answer,4
W2-f584785b9b2567dd786afb6e,BASE_TRAIN,0,LG-N1-5fba7d6d0481eeacb9218564,Do-Not-Answer,2
W2-f5970254129facb306eb1ed9,BASE_TRAIN,0,LG-N1-9d53c68c3b30d6e6226035b2,Do-Not-Answer,0
W2-f598f0c1db2e79460c3032d1,BASE_TRAIN,0,LG-N1-071de3fd5bcd8483440002e2,deepset Prompt Injection,3
W2-f59a55ee15a445fc7ee6dd3e,BASE_TRAIN,1,LG-N1-83d977703415929489894f44,deepset Prompt Injection,1
W2-f5a7df8b08c64bbbd1b70ff9,BASE_TRAIN,0,LG-N1-8be946154ee9ee730c27ee0c,deepset Prompt Injection,2
W2-f5e4fa40e011a8beff941142,BASE_TRAIN,0,LG-N1-ee9daebd73f9fc2369098879,Do-Not-Answer,4
W2-f6041d8b0d414bfb5f94d579,BASE_TRAIN,1,LG-N1-490fef14446c20b2ea8d1b52,deepset Prompt Injection,0
W2-f63012f47bcf20587bf73e5f,BASE_TRAIN,0,LG-N1-b148a6ab00902ff062c46bc1,Do-Not-Answer,2
W2-f6499d4a9d126fcabac3ce46,BASE_TRAIN,0,LG-N1-1809a4ccfc53fc90efbd9612,Do-Not-Answer,3
W2-f675d5868a2f79a121ab5ba7,BASE_TRAIN,1,LG-N1-d1c74cd14ecdc924089d9965,deepset Prompt Injection,1
W2-f6b1593b2c4f837ef8818ae0,BASE_TRAIN,0,LG-N1-f1930678947c4ba6d3a4810b,Do-Not-Answer,0
W2-f6f0bce308248c5adeac12dd,BASE_TRAIN,0,LG-N1-cbe607cb9c39d056ce0396ec,Do-Not-Answer,1
W2-f6ffa032331c48904aed6a53,BASE_TRAIN,0,LG-N1-6cb617a0f0b94e67387385a9,Do-Not-Answer,1
W2-f7be7ed55b79777c5d31ef51,BASE_TRAIN,1,LG-N1-3dae8c07c11c9e0b5b6143f8,deepset Prompt Injection,2
W2-f7e3d2b01cedcc241f92e72c,BASE_TRAIN,0,LG-N1-9e66db69a024a654aca3da0e,Do-Not-Answer,1
W2-f7e852f4b665aa55b3a983d6,BASE_TRAIN,0,LG-N1-880d206d549a665c11236627,Do-Not-Answer,1
W2-f8136c2b3d22f12f29243d4e,BASE_TRAIN,0,LG-N1-0461988f2a4861b24911aa56,deepset Prompt Injection,2
W2-f838172f3c8efe3f7651bac9,BASE_TRAIN,0,LG-N1-1be0ca57f8745770a9016e8f,deepset Prompt Injection,1
W2-f874fc167b4926d94c5b78a9,BASE_TRAIN,0,LG-N1-463772397730b04cf2f7dabb,deepset Prompt Injection,4
W2-f8877fee62fa53a9f0b2e4e7,BASE_TRAIN,0,LG-N1-21fc2e11f684502e99cd7a4f,deepset Prompt Injection,4
W2-f89164635fab171fd439fd37,BASE_TRAIN,0,LG-N1-2291ef1f2bdd4d3dbfa716d9,Do-Not-Answer,1
W2-f94cd491932ce8fc95230773,BASE_TRAIN,0,LG-N1-43d02629fc8fcc9d00825b0f,Do-Not-Answer,3
W2-f96652c9385f9ade764c5459,BASE_TRAIN,0,LG-N1-cdbbd1e9e1a9f6f98dcb286a,deepset Prompt Injection,2
W2-f9c3309b16986075bcc3021d,BASE_TRAIN,0,LG-N1-48e7d96b241347b121a20805,Do-Not-Answer,0
W2-f9c929ff7d7fbe34151e07a3,BASE_TRAIN,0,LG-N1-ef1b3c3eea1530314db47042,Do-Not-Answer,4
W2-f9d8eaf1da58dc670e3276b5,BASE_TRAIN,1,LG-N1-4a7555432c1a52f3f9993924,deepset Prompt Injection,1
W2-fa271346860ead1e5b15f495,BASE_TRAIN,0,LG-N1-fae4318e8cc2e3878893a02b,Do-Not-Answer,1
W2-fac791fe67f8aad3ea6deffe,BASE_TRAIN,0,LG-N1-50ad14563543afd8d91f9747,deepset Prompt Injection,0
W2-fb23aadb6d9b9ea952093af4,BASE_TRAIN,0,LG-N1-e4f21e80ce9f6480958eec33,Do-Not-Answer,0
W2-fb2f6e4cee865d25fcc5385d,BASE_TRAIN,0,LG-N1-e43c3a47564268077d6153ba,Do-Not-Answer,2
W2-fbbc42de0167dc5191c4db32,BASE_TRAIN,0,LG-N1-f2515b0ee9484c6617dadbbc,Do-Not-Answer,3
W2-fc3b8e7f263548a6d536d797,BASE_TRAIN,0,LG-N1-4e9e8acb552239e506436470,Do-Not-Answer,4
W2-fc6f1ce23316a4c8317dc8d1,BASE_TRAIN,1,LG-N1-be1696e5a575940cb2e455cc,deepset Prompt Injection,1
W2-fcba0858eabadca92a7fcf9c,BASE_TRAIN,0,LG-N1-2d14d73fe319167a6e092aa7,Do-Not-Answer,4
W2-fcd753c2dba2599787355bbc,BASE_TRAIN,0,LG-N1-be4816b9274e1eac31d671a9,Do-Not-Answer,4
W2-fcfa6d6f06540fd30d82809f,BASE_TRAIN,0,LG-N1-6d5f6ffc6b2f22862e6ad64c,deepset Prompt Injection,3
W2-fd0c9728e48ec4c63230079c,BASE_TRAIN,0,LG-N1-fe4d4b2c21538eccc74151a2,Do-Not-Answer,2
W2-fd0edce69035eabf95ff582d,BASE_TRAIN,0,LG-N1-dd3083187d9a6ed97f570f72,Do-Not-Answer,0
W2-fd2da2d4f62daf8381381a51,BASE_TRAIN,0,LG-N1-f73f32fdf9ea8961d14c9efa,Do-Not-Answer,1
W2-fd4b74534c7d5fdc08f219b9,BASE_TRAIN,0,LG-N1-c37a262424f3424a3f485321,Do-Not-Answer,4
W2-fd5dd46497684d9a56fab844,BASE_TRAIN,0,LG-N1-4817a00d747138b8ac2da8a3,Do-Not-Answer,0
W2-fd79cfea53e8e96a27639125,BASE_TRAIN,0,LG-N1-3281a5609e89f5e838c05161,Do-Not-Answer,0
W2-fdb4ed0ebc8259ae01b78c89,BASE_TRAIN,0,LG-N1-ebee97bd998d5d3f48698278,deepset Prompt Injection,1
W2-fe5926af8cc17ab27745a8d9,BASE_TRAIN,0,LG-N1-a1270188112c115fe4d663f2,Do-Not-Answer,1
W2-fe5b371682ac35d722cea9fd,BASE_TRAIN,0,LG-N1-3df63c8844f751d1212f5b75,Do-Not-Answer,0
W2-ff293bb113f429b5513c4cdb,BASE_TRAIN,0,LG-N1-ab1a2aa6217f2b9b1ed4c8bf,Do-Not-Answer,3
W2-ff9806964a43980fab7d7390,BASE_TRAIN,1,LG-N1-c8af7527d6f4dbf798fec5cf,deepset Prompt Injection,2
W2-ffa0da4db7e8613cedc9e88e,BASE_TRAIN,0,LG-N1-2714878b02a998df374b9f90,Do-Not-Answer,2
W2-ffed1310cf426b22ecc551e4,BASE_TRAIN,1,LG-N1-ba129ec809e214a775679e6a,deepset Prompt Injection,0
